"SequenceName","OriginalName","segNumber","accn","isName","subtype","host","birdOrder","wildDomestic","bird","continent","country","place","dateTxt","decDate"
"H5N1_Avian_ans_Domestic_Asia_China_A/duck/Anhui/56/2005|2005.45205479452","H5N1_Avian_HM172227_A/duck/Anhui/56/2005_China_2005//_5 (NP)",5,"HM172227","A/duck/Anhui/56/2005","H5N1","Avian","ans","Domestic","duck","Asia","China","Anhui","2005//",2005.45205479452
"H5N1_Avian_ans_Domestic_Asia_China_A/duck/Anhui/1/06|2006.45205479452","H5N1_Avian_HM172238_A/duck/Anhui/1/06_China_2006//_5 (NP)",5,"HM172238","A/duck/Anhui/1/06","H5N1","Avian","ans","Domestic","duck","Asia","China","Anhui","2006//",2006.45205479452
"H5N1_Avian_ans_Domestic_Asia_Cambodia_A/duck/Cambodia/D14AL/2006|2006.09315068493","H5N1_Avian_HQ200453_A/duck/Cambodia/D14AL/2006_Cambodia_2006/02/04_5 (NP)",5,"HQ200453","A/duck/Cambodia/D14AL/2006","H5N1","Avian","ans","Domestic","duck","Asia","Cambodia","Cambodia","2006/02/04",2006.09315068493
"H5N1_Avian_ans_Domestic_Asia_China_A/duck/China/E319-2/03|2003.45205479452","H5N1_Avian_AY518364_A/duck/China/E319-2/03_China_2003//_5 (NP)",5,"AY518364","A/duck/China/E319-2/03","H5N1","Avian","ans","Domestic","duck","Asia","China","China","2003//",2003.45205479452
"H5N1_Avian_ans_Domestic_Africa_Cote dIvoire_A/duck/Cote d'Ivoire/1787-18/2006|2006.45205479452","H5N1_Avian_CY016806_A/duck/Cote d'Ivoire/1787-18/2006_Cote dIvoire_2006//_5 (NP)",5,"CY016806","A/duck/Cote d'Ivoire/1787-18/2006","H5N1","Avian","ans","Domestic","duck","Africa","Cote dIvoire","Cote d'Ivoire","2006//",2006.45205479452
"H5N1_Avian_ans_Domestic_Asia_China_A/duck/Eastern China/108/2008|2008.95342465753","H5N1_Avian_GU727670_A/duck/Eastern China/108/2008_China_2008/12/15_5 (NP)",5,"GU727670","A/duck/Eastern China/108/2008","H5N1","Avian","ans","Domestic","duck","Asia","China","Eastern China","2008/12/15",2008.95342465753
"H5N1_Avian_ans_Domestic_Asia_China_A/duck/Eastern China/909/2009|2009.03835616438","H5N1_Avian_GU727678_A/duck/Eastern China/909/2009_China_2009/01/15_5 (NP)",5,"GU727678","A/duck/Eastern China/909/2009","H5N1","Avian","ans","Domestic","duck","Asia","China","Eastern China","2009/01/15",2009.03835616438
"H5N1_Avian_ans_Domestic_Africa_Egypt_A/duck/Egypt/2253-3/2006|2006.45205479452","H5N1_Avian_CY016902_A/duck/Egypt/2253-3/2006_Egypt_2006//_5 (NP)",5,"CY016902","A/duck/Egypt/2253-3/2006","H5N1","Avian","ans","Domestic","duck","Africa","Egypt","Egypt","2006//",2006.45205479452
"H5N1_Avian_ans_Domestic_Africa_Egypt_A/duck/Egypt/D2br10/2007|2007.03835616438","H5N1_Avian_AB465621_A/duck/Egypt/D2br10/2007_Egypt_2007/01/_5 (NP)",5,"AB465621","A/duck/Egypt/D2br10/2007","H5N1","Avian","ans","Domestic","duck","Africa","Egypt","Egypt","2007/01/",2007.03835616438
"H5N1_Avian_ans_Domestic_Africa_Egypt_A/duck/Egypt/0871/2008|2008.13698630137","H5N1_Avian_CY044043_A/duck/Egypt/0871/2008_Egypt_2008/02/20_5 (NP)",5,"CY044043","A/duck/Egypt/0871/2008","H5N1","Avian","ans","Domestic","duck","Africa","Egypt","Egypt","2008/02/20",2008.13698630137
"H5N1_Avian_ans_Domestic_Africa_Egypt_A/duck/El Fayoum/CAI1/2010|2010.16164383562","H5N1_Avian_CY126099_A/duck/El Fayoum/CAI1/2010_Egypt_2010/03/01_5 (NP)",5,"CY126099","A/duck/El Fayoum/CAI1/2010","H5N1","Avian","ans","Domestic","duck","Africa","Egypt","El Fayoum","2010/03/01",2010.16164383562
"H5N1_Avian_ans_Domestic_Europe_France_A/duck/France/05066b/2005|2005.45205479452","H5N1_Avian_CY046137_A/duck/France/05066b/2005_France_2005//_5 (NP)",5,"CY046137","A/duck/France/05066b/2005","H5N1","Avian","ans","Domestic","duck","Europe","France","France","2005//",2005.45205479452
"H5N1_Avian_ans_Domestic_Asia_China_A/goose/Fujian/bb/2003|2003.45205479452","H5N1_Avian_DQ997407_A/goose/Fujian/bb/2003_China_2003//_5 (NP)",5,"DQ997407","A/goose/Fujian/bb/2003","H5N1","Avian","ans","Domestic","goose","Asia","China","Fujian","2003//",2003.45205479452
"H5N1_Avian_ans_Domestic_Europe_Germany_A/domestic duck/Germany/R1779/2007|2007.45205479452","H5N1_Avian_AM914023_A/domestic duck/Germany/R1779/2007_Germany_2007//_5 (NP)",5,"AM914023","A/domestic duck/Germany/R1779/2007","H5N1","Avian","ans","Domestic","domestic duck","Europe","Germany","Germany","2007//",2007.45205479452
"H5N1_Avian_ans_Domestic_Asia_China_A/goose/Guangdong/1/1996|1996.45205479452","H5N1_Avian_AF144303_A/goose/Guangdong/1/1996_China_1996//_5 (NP)",5,"AF144303","A/goose/Guangdong/1/1996","H5N1","Avian","ans","Domestic","goose","Asia","China","Guangdong","1996//",1996.45205479452
"H5N1_Avian_ans_Domestic_Asia_China_A/goose/Guangdong/3/1997|1997.45205479452","H5N1_Avian_AF370122_A/goose/Guangdong/3/1997_China_1997//_5 (NP)",5,"AF370122","A/goose/Guangdong/3/1997","H5N1","Avian","ans","Domestic","goose","Asia","China","Guangdong","1997//",1997.45205479452
"H5N1_Avian_ans_Domestic_Asia_China_A/goose/Guangdong/xb/2001|2001.45205479452","H5N1_Avian_DQ997524_A/goose/Guangdong/xb/2001_China_2001//_5 (NP)",5,"DQ997524","A/goose/Guangdong/xb/2001","H5N1","Avian","ans","Domestic","goose","Asia","China","Guangdong","2001//",2001.45205479452
"H5N1_Avian_ans_Domestic_Asia_China_A/duck/Guangdong/173/04|2004.45205479452","H5N1_Avian_AY737305_A/duck/Guangdong/173/04_China_2004//_5 (NP)",5,"AY737305","A/duck/Guangdong/173/04","H5N1","Avian","ans","Domestic","duck","Asia","China","Guangdong","2004//",2004.45205479452
"H5N1_Avian_ans_Domestic_Asia_China_A/duck/Guangxi/xa/2001|2001.45205479452","H5N1_Avian_DQ997515_A/duck/Guangxi/xa/2001_China_2001//_5 (NP)",5,"DQ997515","A/duck/Guangxi/xa/2001","H5N1","Avian","ans","Domestic","duck","Asia","China","Guangxi","2001//",2001.45205479452
"H5N1_Avian_ans_Domestic_Asia_China_A/duck/Guangxi/12/2003|2003.45205479452","H5N1_Avian_EU263346_A/duck/Guangxi/12/2003_China_2003//_5 (NP)",5,"EU263346","A/duck/Guangxi/12/2003","H5N1","Avian","ans","Domestic","duck","Asia","China","Guangxi","2003//",2003.45205479452
"H5N1_Avian_ans_Domestic_Asia_China_A/duck/Guangxi/13/2004|2004.45205479452","H5N1_Avian_DQ366339_A/duck/Guangxi/13/2004_China_2004//_5 (NP)",5,"DQ366339","A/duck/Guangxi/13/2004","H5N1","Avian","ans","Domestic","duck","Asia","China","Guangxi","2004//",2004.45205479452
"H5N1_Avian_ans_Domestic_Asia_Hong Kong_A/Duck/Hong Kong/380.5/2001|2001.45205479452","H5N1_Avian_GU186688_A/Duck/Hong Kong/380.5/2001_Hong Kong_2001//_5 (NP)",5,"GU186688","A/Duck/Hong Kong/380.5/2001","H5N1","Avian","ans","Domestic","Duck","Asia","Hong Kong","Hong Kong","2001//",2001.45205479452
"H5N1_Avian_ans_Domestic_Asia_Hong Kong_A/duck/Hong Kong/821/2002|2002.45205479452","H5N1_Avian_AY676037_A/duck/Hong Kong/821/2002_Hong Kong_2002//_5 (NP)",5,"AY676037","A/duck/Hong Kong/821/2002","H5N1","Avian","ans","Domestic","duck","Asia","Hong Kong","Hong Kong","2002//",2002.45205479452
"H5N1_Avian_ans_Domestic_Asia_China_A/duck/Hubei/wp/2003|2003.45205479452","H5N1_Avian_DQ997165_A/duck/Hubei/wp/2003_China_2003//_5 (NP)",5,"DQ997165","A/duck/Hubei/wp/2003","H5N1","Avian","ans","Domestic","duck","Asia","China","Hubei","2003//",2003.45205479452
"H5N1_Avian_ans_Domestic_Asia_China_A/duck/Hubei/49/2005|2005.45205479452","H5N1_Avian_HM172216_A/duck/Hubei/49/2005_China_2005//_5 (NP)",5,"HM172216","A/duck/Hubei/49/2005","H5N1","Avian","ans","Domestic","duck","Asia","China","Hubei","2005//",2005.45205479452
"H5N1_Avian_ans_Domestic_Asia_China_A/duck/Hubei/Hangmei01/2006|2006.45205479452","H5N1_Avian_EU594350_A/duck/Hubei/Hangmei01/2006_China_2006//_5 (NP)",5,"EU594350","A/duck/Hubei/Hangmei01/2006","H5N1","Avian","ans","Domestic","duck","Asia","China","Hubei","2006//",2006.45205479452
"H5N1_Avian_ans_Domestic_Asia_China_A/duck/Hubei/2911/2007|2007.07671232877","H5N1_Avian_FJ784788_A/duck/Hubei/2911/2007_China_2007/01/29_5 (NP)",5,"FJ784788","A/duck/Hubei/2911/2007","H5N1","Avian","ans","Domestic","duck","Asia","China","Hubei","2007/01/29",2007.07671232877
"H5N1_Avian_ans_Domestic_Asia_China_A/duck/Hunan/69/2004|2004.45205479452","H5N1_Avian_HM172229_A/duck/Hunan/69/2004_China_2004//_5 (NP)",5,"HM172229","A/duck/Hunan/69/2004","H5N1","Avian","ans","Domestic","duck","Asia","China","Hunan","2004//",2004.45205479452
"H5N1_Avian_ans_Domestic_Asia_China_A/domestic green-winged teal/Hunan/67/2005|2005.45205479452","H5N1_Avian_EU430498_A/domestic green-winged teal/Hunan/67/2005_China_2005//_5 (NP)",5,"EU430498","A/domestic green-winged teal/Hunan/67/2005","H5N1","Avian","ans","Domestic","domestic green-winged teal","Asia","China","Hunan","2005//",2005.45205479452
"H5N1_Avian_ans_Domestic_Asia_China_A/domestic green-winged teal/Hunan/3450/2006|2006.20273972603","H5N1_Avian_KC690157_A/domestic green-winged teal/Hunan/3450/2006_China_2006/03/16_5 (NP)",5,"KC690157","A/domestic green-winged teal/Hunan/3450/2006","H5N1","Avian","ans","Domestic","domestic green-winged teal","Asia","China","Hunan","2006/03/16",2006.20273972603
"H5N1_Avian_ans_Domestic_Asia_China_A/duck/Hunan/3/2007|2007.78630136986","H5N1_Avian_GU182151_A/duck/Hunan/3/2007_China_2007/10/_5 (NP)",5,"GU182151","A/duck/Hunan/3/2007","H5N1","Avian","ans","Domestic","duck","Asia","China","Hunan","2007/10/",2007.78630136986
"H5N1_Avian_ans_Domestic_Asia_China_A/duck/Hunan/8/2008|2008.87123287671","H5N1_Avian_GU182167_A/duck/Hunan/8/2008_China_2008/11/_5 (NP)",5,"GU182167","A/duck/Hunan/8/2008","H5N1","Avian","ans","Domestic","duck","Asia","China","Hunan","2008/11/",2008.87123287671
"H5N1_Avian_ans_Domestic_Asia_China_A/duck/Hunan/S4030/2011|2011.85479452055","H5N1_Avian_CY146645_A/duck/Hunan/S4030/2011_China_2011/11/09_5 (NP)",5,"CY146645","A/duck/Hunan/S4030/2011","H5N1","Avian","ans","Domestic","duck","Asia","China","Hunan","2011/11/09",2011.85479452055
"H5N1_Avian_ans_Domestic_Europe_Hungary_A/goose/Hungary/14756/2006|2006.42739726027","H5N1_Avian_FJ445245_A/goose/Hungary/14756/2006_Hungary_2006/06/06_5 (NP)",5,"FJ445245","A/goose/Hungary/14756/2006","H5N1","Avian","ans","Domestic","goose","Europe","Hungary","Hungary","2006/06/06",2006.42739726027
"H5N1_Avian_ans_Domestic_Asia_India_A/duck/Tripura/103597/2008|2008.28493150685","H5N1_Avian_GU252823_A/duck/Tripura/103597/2008_India_2008/04/_5 (NP)",5,"GU252823","A/duck/Tripura/103597/2008","H5N1","Avian","ans","Domestic","duck","Asia","India","Tripura","2008/04/",2008.28493150685
"H5N1_Avian_ans_Domestic_Asia_Indonesia_A/duck/East Java/UT1107/2004|2004.64657534247","H5N1_Avian_GQ122410_A/duck/East Java/UT1107/2004_Indonesia_2004/08/25_5 (NP)",5,"GQ122410","A/duck/East Java/UT1107/2004","H5N1","Avian","ans","Domestic","duck","Asia","Indonesia","East Java","2004/08/25",2004.64657534247
"H5N1_Avian_ans_Domestic_Asia_Japan_A/duck/Yokohama/aq10/2003|2003.45205479452","H5N1_Avian_AB212281_A/duck/Yokohama/aq10/2003_Japan_2003//_5 (NP)",5,"AB212281","A/duck/Yokohama/aq10/2003","H5N1","Avian","ans","Domestic","duck","Asia","Japan","Yokohama","2003//",2003.45205479452
"H5N1_Avian_ans_Domestic_Asia_Japan_A/duck/Hokkaido/WZ101/2010|2010.78356164384","H5N1_Avian_AB612910_A/duck/Hokkaido/WZ101/2010_Japan_2010/10/14_5 (NP)",5,"AB612910","A/duck/Hokkaido/WZ101/2010","H5N1","Avian","ans","Domestic","duck","Asia","Japan","Hokkaido","2010/10/14",2010.78356164384
"H5N1_Avian_ans_Domestic_Asia_China_A/goose/Jiangsu/k0403/2010|2010.1095890411","H5N1_Avian_JQ638680_A/goose/Jiangsu/k0403/2010_China_2010/02/10_5 (NP)",5,"JQ638680","A/goose/Jiangsu/k0403/2010","H5N1","Avian","ans","Domestic","goose","Asia","China","Jiangsu","2010/02/10",2010.1095890411
"H5N1_Avian_ans_Domestic_Asia_China_A/duck/Jiangxi/80/2005|2005.45205479452","H5N1_Avian_HM172242_A/duck/Jiangxi/80/2005_China_2005//_5 (NP)",5,"HM172242","A/duck/Jiangxi/80/2005","H5N1","Avian","ans","Domestic","duck","Asia","China","Jiangxi","2005//",2005.45205479452
"H5N1_Avian_ans_Domestic_Asia_China_A/goose/Jilin/hb/2003|2003.45205479452","H5N1_Avian_DQ997278_A/goose/Jilin/hb/2003_China_2003//_5 (NP)",5,"DQ997278","A/goose/Jilin/hb/2003","H5N1","Avian","ans","Domestic","goose","Asia","China","Jilin","2003//",2003.45205479452
"H5N1_Avian_ans_Domestic_Asia_Russia_A/goose/Krasnoozerskoye/627/2005|2005.45205479452","H5N1_Avian_EF205178_A/goose/Krasnoozerskoye/627/2005_Russia_2005//_5 (NP)",5,"EF205178","A/goose/Krasnoozerskoye/627/2005","H5N1","Avian","ans","Domestic","goose","Asia","Russia","Krasnoozerskoye","2005//",2005.45205479452
"H5N1_Avian_ans_Domestic_Asia_Russia_A/duck/Kurgan/08/2005|2005.45205479452","H5N1_Avian_DQ449643_A/duck/Kurgan/08/2005_Russia_2005//_5 (NP)",5,"DQ449643","A/duck/Kurgan/08/2005","H5N1","Avian","ans","Domestic","duck","Asia","Russia","Kurgan","2005//",2005.45205479452
"H5N1_Avian_ans_Domestic_Asia_Laos_A/duck/Laos/25/2006|2006.45205479452","H5N1_Avian_CY041039_A/duck/Laos/25/2006_Laos_2006//_5 (NP)",5,"CY041039","A/duck/Laos/25/2006","H5N1","Avian","ans","Domestic","duck","Asia","Laos","Laos","2006//",2006.45205479452
"H5N1_Avian_ans_Domestic_Asia_Laos_A/duck/Laos/P0127/2007|2007.45205479452","H5N1_Avian_CY040911_A/duck/Laos/P0127/2007_Laos_2007//_5 (NP)",5,"CY040911","A/duck/Laos/P0127/2007","H5N1","Avian","ans","Domestic","duck","Asia","Laos","Laos","2007//",2007.45205479452
"H5N1_Avian_ans_Domestic_Asia_Laos_A/duck/Lao/9/2010|2010.2","H5N1_Avian_CY098326_A/duck/Lao/9/2010_Laos_2010/03/_5 (NP)",5,"CY098326","A/duck/Lao/9/2010","H5N1","Avian","ans","Domestic","duck","Asia","Laos","Lao","2010/03/",2010.2
"H5N1_Avian_ans_Domestic_Africa_Niger_A/duck/Niger/914/2006|2006.45205479452","H5N1_Avian_CY017030_A/duck/Niger/914/2006_Niger_2006//_5 (NP)",5,"CY017030","A/duck/Niger/914/2006","H5N1","Avian","ans","Domestic","duck","Africa","Niger","Niger","2006//",2006.45205479452
"H5N1_Avian_ans_Domestic_Asia_Russia_A/duck/Novosibirsk/56/2005|2005.45205479452","H5N1_Avian_DQ232610_A/duck/Novosibirsk/56/2005_Russia_2005//_5 (NP)",5,"DQ232610","A/duck/Novosibirsk/56/2005","H5N1","Avian","ans","Domestic","duck","Asia","Russia","Novosibirsk","2005//",2005.45205479452
"H5N1_Avian_ans_Domestic_Asia_Russia_A/duck/Omsk/1822/2006|2006.53424657534","H5N1_Avian_CY047476_A/duck/Omsk/1822/2006_Russia_2006/07/_5 (NP)",5,"CY047476","A/duck/Omsk/1822/2006","H5N1","Avian","ans","Domestic","duck","Asia","Russia","Omsk","2006/07/",2006.53424657534
"H5N1_Avian_ans_Domestic_Asia_Russia_A/muscovy duck/Rostov-on-Don/51/2007|2007.95342465753","H5N1_Avian_EU441925_A/muscovy duck/Rostov-on-Don/51/2007_Russia_2007/12/15_5 (NP)",5,"EU441925","A/muscovy duck/Rostov-on-Don/51/2007","H5N1","Avian","ans","Domestic","muscovy duck","Asia","Russia","Rostov-on-Don","2007/12/15",2007.95342465753
"H5N1_Avian_ans_Domestic_Asia_China_A/duck/Shandong/093/2004|2004.45205479452","H5N1_Avian_AY856864_A/duck/Shandong/093/2004_China_2004//_5 (NP)",5,"AY856864","A/duck/Shandong/093/2004","H5N1","Avian","ans","Domestic","duck","Asia","China","Shandong","2004//",2004.45205479452
"H5N1_Avian_ans_Domestic_Asia_China_A/duck/Shandong/009/2008|2008.95342465753","H5N1_Avian_GU596985_A/duck/Shandong/009/2008_China_2008/12/15_5 (NP)",5,"GU596985","A/duck/Shandong/009/2008","H5N1","Avian","ans","Domestic","duck","Asia","China","Shandong","2008/12/15",2008.95342465753
"H5N1_Avian_ans_Domestic_Asia_China_A/duck/Shanghai/xj/2002|2002.45205479452","H5N1_Avian_DQ997533_A/duck/Shanghai/xj/2002_China_2002//_5 (NP)",5,"DQ997533","A/duck/Shanghai/xj/2002","H5N1","Avian","ans","Domestic","duck","Asia","China","Shanghai","2002//",2002.45205479452
"H5N1_Avian_ans_Domestic_Asia_South Korea_A/duck/Korea/ESD1/03|2003.45205479452","H5N1_Avian_AY676040_A/duck/Korea/ESD1/03_South Korea_2003//_5 (NP)",5,"AY676040","A/duck/Korea/ESD1/03","H5N1","Avian","ans","Domestic","duck","Asia","South Korea","Korea","2003//",2003.45205479452
"H5N1_Avian_ans_Domestic_Asia_Russia_A/goose/Suzdalka/10/05|2005.45205479452","H5N1_Avian_EF205177_A/goose/Suzdalka/10/05_Russia_2005//_5 (NP)",5,"EF205177","A/goose/Suzdalka/10/05","H5N1","Avian","ans","Domestic","goose","Asia","Russia","Suzdalka","2005//",2005.45205479452
"H5N1_Avian_ans_Domestic_Asia_Thailand_A/duck/Ang Thong/71(2)/2004|2004.45205479452","H5N1_Avian_GU186651_A/duck/Ang Thong/71(2)/2004_Thailand_2004//_5 (NP)",5,"GU186651","A/duck/Ang Thong/71(2)/2004","H5N1","Avian","ans","Domestic","duck","Asia","Thailand","Ang Thong","2004//",2004.45205479452
"H5N1_Avian_ans_Domestic_Asia_Thailand_A/duck/Thailand/TS04/2006|2006.45205479452","H5N1_Avian_JQ794473_A/duck/Thailand/TS04/2006_Thailand_2006//_5 (NP)",5,"JQ794473","A/duck/Thailand/TS04/2006","H5N1","Avian","ans","Domestic","duck","Asia","Thailand","Thailand","2006//",2006.45205479452
"H5N1_Avian_ans_Domestic_Asia_Viet Nam_A/duck/Vietnam/942B/2004|2004.45205479452","H5N1_Avian_CY033180_A/duck/Vietnam/942B/2004_Viet Nam_2004//_5 (NP)",5,"CY033180","A/duck/Vietnam/942B/2004","H5N1","Avian","ans","Domestic","duck","Asia","Viet Nam","Vietnam","2004//",2004.45205479452
"H5N1_Avian_ans_Domestic_Asia_Viet Nam_A/duck/Vietnam/1/2005|2005.45205479452","H5N1_Avian_CY016830_A/duck/Vietnam/1/2005_Viet Nam_2005//_5 (NP)",5,"CY016830","A/duck/Vietnam/1/2005","H5N1","Avian","ans","Domestic","duck","Asia","Viet Nam","Vietnam","2005//",2005.45205479452
"H5N1_Avian_ans_Domestic_Asia_Viet Nam_A/Muscovy duck/Ca Mau/1185/2006|2006.98904109589","H5N1_Avian_JX420223_A/Muscovy duck/Ca Mau/1185/2006_Viet Nam_2006/12/28_5 (NP)",5,"JX420223","A/Muscovy duck/Ca Mau/1185/2006","H5N1","Avian","ans","Domestic","Muscovy duck","Asia","Viet Nam","Ca Mau","2006/12/28",2006.98904109589
"H5N1_Avian_ans_Domestic_Asia_Viet Nam_A/Muscovy duck/Ca Mau/07-04/2007|2007.45205479452","H5N1_Avian_GU186748_A/Muscovy duck/Ca Mau/07-04/2007_Viet Nam_2007//_5 (NP)",5,"GU186748","A/Muscovy duck/Ca Mau/07-04/2007","H5N1","Avian","ans","Domestic","Muscovy duck","Asia","Viet Nam","Ca Mau","2007//",2007.45205479452
"H5N1_Avian_ans_Domestic_Asia_Viet Nam_A/duck/Vietnam/G12/2008|2008.03835616438","H5N1_Avian_AB593448_A/duck/Vietnam/G12/2008_Viet Nam_2008/01/_5 (NP)",5,"AB593448","A/duck/Vietnam/G12/2008","H5N1","Avian","ans","Domestic","duck","Asia","Viet Nam","Vietnam","2008/01/",2008.03835616438
"H5N1_Avian_ans_Domestic_Asia_Viet Nam_A/muscovy duck/Vietnam/OIE-559/2011|2011.45205479452","H5N1_Avian_AB636525_A/muscovy duck/Vietnam/OIE-559/2011_Viet Nam_2011/06/_5 (NP)",5,"AB636525","A/muscovy duck/Vietnam/OIE-559/2011","H5N1","Avian","ans","Domestic","muscovy duck","Asia","Viet Nam","Vietnam","2011/06/",2011.45205479452
"H5N1_Avian_ans_Domestic_Asia_Viet Nam_A/duck/Soc Trang/8/2012|2012.66301369863","H5N1_Avian_AB819038_A/duck/Soc Trang/8/2012_Viet Nam_2012/08/31_5 (NP)",5,"AB819038","A/duck/Soc Trang/8/2012","H5N1","Avian","ans","Domestic","duck","Asia","Viet Nam","Soc Trang","2012/08/31",2012.66301369863
"H5N1_Avian_ans_Domestic_Asia_Viet Nam_A/muscovy duck/Quang Ninh/49/2013|2013.35068493151","H5N1_Avian_AB828694_A/muscovy duck/Quang Ninh/49/2013_Viet Nam_2013/05/09_5 (NP)",5,"AB828694","A/muscovy duck/Quang Ninh/49/2013","H5N1","Avian","ans","Domestic","muscovy duck","Asia","Viet Nam","Quang Ninh","2013/05/09",2013.35068493151
"H5N1_Avian_ans_Domestic_Asia_China_A/goose/Yunnan/3798/2006|2006.45205479452","H5N1_Avian_CY030906_A/goose/Yunnan/3798/2006_China_2006//_5 (NP)",5,"CY030906","A/goose/Yunnan/3798/2006","H5N1","Avian","ans","Domestic","goose","Asia","China","Yunnan","2006//",2006.45205479452
"H5N1_Avian_ans_Domestic_Asia_China_A/duck/Zhejiang/bj/2002|2002.45205479452","H5N1_Avian_DQ997412_A/duck/Zhejiang/bj/2002_China_2002//_5 (NP)",5,"DQ997412","A/duck/Zhejiang/bj/2002","H5N1","Avian","ans","Domestic","duck","Asia","China","Zhejiang","2002//",2002.45205479452
"H5N1_Avian_ans_Domestic_Asia_China_A/duck/Zhejiang/2243/2011|2011.12328767123","H5N1_Avian_JN646723_A/duck/Zhejiang/2243/2011_China_2011/02/_5 (NP)",5,"JN646723","A/duck/Zhejiang/2243/2011","H5N1","Avian","ans","Domestic","duck","Asia","China","Zhejiang","2011/02/",2011.12328767123
"H5N1_Avian_gal_Domestic_Asia_Afghanistan_A/chicken/Afghanistan/1573-92/2006|2006.45205479452","H5N1_Avian_CY020640_A/chicken/Afghanistan/1573-92/2006_Afghanistan_2006//_5 (NP)",5,"CY020640","A/chicken/Afghanistan/1573-92/2006","H5N1","Avian","gal","Domestic","chicken","Asia","Afghanistan","Afghanistan","2006//",2006.45205479452
"H5N1_Avian_gal_Domestic_Asia_China_A/chicken/Anhui/39/2004|2004.45205479452","H5N1_Avian_HM172237_A/chicken/Anhui/39/2004_China_2004//_5 (NP)",5,"HM172237","A/chicken/Anhui/39/2004","H5N1","Avian","gal","Domestic","chicken","Asia","China","Anhui","2004//",2004.45205479452
"H5N1_Avian_gal_Domestic_Asia_Bhutan_A/chicken/Bhutan/248015/2010|2010.13424657534","H5N1_Avian_CY063482_A/chicken/Bhutan/248015/2010_Bhutan_2010/02/19_5 (NP)",5,"CY063482","A/chicken/Bhutan/248015/2010","H5N1","Avian","gal","Domestic","chicken","Asia","Bhutan","Bhutan","2010/02/19",2010.13424657534
"H5N1_Avian_gal_Domestic_Asia_Cambodia_A/chicken/Cambodia/TKCMB5T/2010|2010.07397260274","H5N1_Avian_JN588871_A/chicken/Cambodia/TKCMB5T/2010_Cambodia_2010/01/28_5 (NP)",5,"JN588871","A/chicken/Cambodia/TKCMB5T/2010","H5N1","Avian","gal","Domestic","chicken","Asia","Cambodia","Cambodia","2010/01/28",2010.07397260274
"H5N1_Avian_gal_Domestic_Asia_Cambodia_A/chicken/Cambodia/083LC/2011|2011.68493150685","H5N1_Avian_JQ714236_A/chicken/Cambodia/083LC/2011_Cambodia_2011/09/08_5 (NP)",5,"JQ714236","A/chicken/Cambodia/083LC/2011","H5N1","Avian","gal","Domestic","chicken","Asia","Cambodia","Cambodia","2011/09/08",2011.68493150685
"H5N1_Avian_gal_Domestic_Africa_Cote dIvoire_A/turkey/Ivory Coast/4372-2/2006|2006.95342465753","H5N1_Avian_CY020696_A/turkey/Ivory Coast/4372-2/2006_Cote dIvoire_2006/12/_5 (NP)",5,"CY020696","A/turkey/Ivory Coast/4372-2/2006","H5N1","Avian","gal","Domestic","turkey","Africa","Cote dIvoire","Ivory Coast","2006/12/",2006.95342465753
"H5N1_Avian_gal_Domestic_Asia_Russia_A/chicken/Domodedovo/MK/2007|2007.03561643836","H5N1_Avian_CY047469_A/chicken/Domodedovo/MK/2007_Russia_2007/01/14_5 (NP)",5,"CY047469","A/chicken/Domodedovo/MK/2007","H5N1","Avian","gal","Domestic","chicken","Asia","Russia","Domodedovo","2007/01/14",2007.03561643836
"H5N1_Avian_gal_Domestic_Africa_Egypt_A/chicken/Egypt/2253-1/2006|2006.45205479452","H5N1_Avian_CY020648_A/chicken/Egypt/2253-1/2006_Egypt_2006//_5 (NP)",5,"CY020648","A/chicken/Egypt/2253-1/2006","H5N1","Avian","gal","Domestic","chicken","Africa","Egypt","Egypt","2006//",2006.45205479452
"H5N1_Avian_gal_Domestic_Africa_Egypt_A/chicken/Egypt/CL6/2007|2007.2","H5N1_Avian_AB465620_A/chicken/Egypt/CL6/2007_Egypt_2007/03/_5 (NP)",5,"AB465620","A/chicken/Egypt/CL6/2007","H5N1","Avian","gal","Domestic","chicken","Africa","Egypt","Egypt","2007/03/",2007.2
"H5N1_Avian_gal_Domestic_Africa_Egypt_A/chicken/Giza/CAI7/2008|2008.16164383562","H5N1_Avian_CY126131_A/chicken/Giza/CAI7/2008_Egypt_2008/03/01_5 (NP)",5,"CY126131","A/chicken/Giza/CAI7/2008","H5N1","Avian","gal","Domestic","chicken","Africa","Egypt","Giza","2008/03/01",2008.16164383562
"H5N1_Avian_gal_Domestic_Africa_Egypt_A/chicken/Sharkia/CAI3/2009|2009.66575342466","H5N1_Avian_CY126107_A/chicken/Sharkia/CAI3/2009_Egypt_2009/09/01_5 (NP)",5,"CY126107","A/chicken/Sharkia/CAI3/2009","H5N1","Avian","gal","Domestic","chicken","Africa","Egypt","Sharkia","2009/09/01",2009.66575342466
"H5N1_Avian_gal_Domestic_Africa_Egypt_A/chicken/Egypt/Q1185/2010|2010.45205479452","H5N1_Avian_FR687268_A/chicken/Egypt/Q1185/2010_Egypt_2010//_5 (NP)",5,"FR687268","A/chicken/Egypt/Q1185/2010","H5N1","Avian","gal","Domestic","chicken","Africa","Egypt","Egypt","2010//",2010.45205479452
"H5N1_Avian_gal_Domestic_Asia_China_A/chicken/Fujian/1/2007|2007.45205479452","H5N1_Avian_HM172223_A/chicken/Fujian/1/2007_China_2007//_5 (NP)",5,"HM172223","A/chicken/Fujian/1/2007","H5N1","Avian","gal","Domestic","chicken","Asia","China","Fujian","2007//",2007.45205479452
"H5N1_Avian_gal_Domestic_Asia_China_A/chicken/Gansu/44/2004|2004.45205479452","H5N1_Avian_HM172228_A/chicken/Gansu/44/2004_China_2004//_5 (NP)",5,"HM172228","A/chicken/Gansu/44/2004","H5N1","Avian","gal","Domestic","chicken","Asia","China","Gansu","2004//",2004.45205479452
"H5N1_Avian_gal_Domestic_Europe_Germany_A/chicken/Germany/R3294/2007|2007.45205479452","H5N1_Avian_FM177136_A/chicken/Germany/R3294/2007_Germany_2007//_5 (NP)",5,"FM177136","A/chicken/Germany/R3294/2007","H5N1","Avian","gal","Domestic","chicken","Europe","Germany","Germany","2007//",2007.45205479452
"H5N1_Avian_gal_Domestic_Asia_China_A/chicken/Guangdong/174/04|2004.45205479452","H5N1_Avian_AY609313_A/chicken/Guangdong/174/04_China_2004//_5 (NP)",5,"AY609313","A/chicken/Guangdong/174/04","H5N1","Avian","gal","Domestic","chicken","Asia","China","Guangdong","2004//",2004.45205479452
"H5N1_Avian_gal_Domestic_Asia_China_A/chicken/Guangdong/1/2005|2005.45205479452","H5N1_Avian_EU874898_A/chicken/Guangdong/1/2005_China_2005//_5 (NP)",5,"EU874898","A/chicken/Guangdong/1/2005","H5N1","Avian","gal","Domestic","chicken","Asia","China","Guangdong","2005//",2005.45205479452
"H5N1_Avian_gal_Domestic_Asia_China_A/chicken/Guangxi/12/2004|2004.45205479452","H5N1_Avian_DQ366331_A/chicken/Guangxi/12/2004_China_2004//_5 (NP)",5,"DQ366331","A/chicken/Guangxi/12/2004","H5N1","Avian","gal","Domestic","chicken","Asia","China","Guangxi","2004//",2004.45205479452
"H5N1_Avian_gal_Domestic_Asia_China_A/chicken/Guizhou/7/2008|2008.45205479452","H5N1_Avian_HM172259_A/chicken/Guizhou/7/2008_China_2008//_5 (NP)",5,"HM172259","A/chicken/Guizhou/7/2008","H5N1","Avian","gal","Domestic","chicken","Asia","China","Guizhou","2008//",2008.45205479452
"H5N1_Avian_gal_Domestic_Asia_China_A/chicken/Hebei/718/2001|2001.45205479452","H5N1_Avian_DQ351864_A/chicken/Hebei/718/2001_China_2001//_5 (NP)",5,"DQ351864","A/chicken/Hebei/718/2001","H5N1","Avian","gal","Domestic","chicken","Asia","China","Hebei","2001//",2001.45205479452
"H5N1_Avian_gal_Domestic_Asia_China_A/chicken/Hebei/108/02|2002.45205479452","H5N1_Avian_DQ351866_A/chicken/Hebei/108/02_China_2002//_5 (NP)",5,"DQ351866","A/chicken/Hebei/108/02","H5N1","Avian","gal","Domestic","chicken","Asia","China","Hebei","2002//",2002.45205479452
"H5N1_Avian_gal_Domestic_Asia_China_A/chicken/Hebei/102/2005|2005.45205479452","H5N1_Avian_EU243135_A/chicken/Hebei/102/2005_China_2005//_5 (NP)",5,"EU243135","A/chicken/Hebei/102/2005","H5N1","Avian","gal","Domestic","chicken","Asia","China","Hebei","2005//",2005.45205479452
"H5N1_Avian_gal_Domestic_Asia_China_A/chicken/Hebei/A-8/2009|2009.45205479452","H5N1_Avian_HM172217_A/chicken/Hebei/A-8/2009_China_2009//_5 (NP)",5,"HM172217","A/chicken/Hebei/A-8/2009","H5N1","Avian","gal","Domestic","chicken","Asia","China","Hebei","2009//",2009.45205479452
"H5N1_Avian_gal_Domestic_Asia_China_A/chicken/Henan/13/2004|2004.45205479452","H5N1_Avian_AY950254_A/chicken/Henan/13/2004_China_2004//_5 (NP)",5,"AY950254","A/chicken/Henan/13/2004","H5N1","Avian","gal","Domestic","chicken","Asia","China","Henan","2004//",2004.45205479452
"H5N1_Avian_gal_Domestic_Asia_China_A/chicken/Henan/A-7/2006|2006.45205479452","H5N1_Avian_HM172236_A/chicken/Henan/A-7/2006_China_2006//_5 (NP)",5,"HM172236","A/chicken/Henan/A-7/2006","H5N1","Avian","gal","Domestic","chicken","Asia","China","Henan","2006//",2006.45205479452
"H5N1_Avian_gal_Domestic_Asia_Hong Kong_A/chicken/Hong Kong/409.1/2002|2002.45205479452","H5N1_Avian_GU186675_A/chicken/Hong Kong/409.1/2002_Hong Kong_2002//_5 (NP)",5,"GU186675","A/chicken/Hong Kong/409.1/2002","H5N1","Avian","gal","Domestic","chicken","Asia","Hong Kong","Hong Kong","2002//",2002.45205479452
"H5N1_Avian_gal_Domestic_Asia_China_A/chicken/Huadong/4/2008|2008.95342465753","H5N1_Avian_JX523359_A/chicken/Huadong/4/2008_China_2008/12/_5 (NP)",5,"JX523359","A/chicken/Huadong/4/2008","H5N1","Avian","gal","Domestic","chicken","Asia","China","Huadong","2008/12/",2008.95342465753
"H5N1_Avian_gal_Domestic_Asia_China_A/chicken/Hubei/wj/1997|1997.45205479452","H5N1_Avian_DQ997116_A/chicken/Hubei/wj/1997_China_1997//_5 (NP)",5,"DQ997116","A/chicken/Hubei/wj/1997","H5N1","Avian","gal","Domestic","chicken","Asia","China","Hubei","1997//",1997.45205479452
"H5N1_Avian_gal_Domestic_Asia_China_A/chicken/Hubei/327/2004|2004.45205479452","H5N1_Avian_AY684707_A/chicken/Hubei/327/2004_China_2004//_5 (NP)",5,"AY684707","A/chicken/Hubei/327/2004","H5N1","Avian","gal","Domestic","chicken","Asia","China","Hubei","2004//",2004.45205479452
"H5N1_Avian_gal_Domestic_Asia_China_A/chicken/Hubei/2856/2007|2007.07671232877","H5N1_Avian_FJ784787_A/chicken/Hubei/2856/2007_China_2007/01/29_5 (NP)",5,"FJ784787","A/chicken/Hubei/2856/2007","H5N1","Avian","gal","Domestic","chicken","Asia","China","Hubei","2007/01/29",2007.07671232877
"H5N1_Avian_gal_Domestic_Asia_China_A/chicken/Hunan/41/2004|2004.45205479452","H5N1_Avian_HM172224_A/chicken/Hunan/41/2004_China_2004//_5 (NP)",5,"HM172224","A/chicken/Hunan/41/2004","H5N1","Avian","gal","Domestic","chicken","Asia","China","Hunan","2004//",2004.45205479452
"H5N1_Avian_gal_Domestic_Asia_China_A/chicken/Hunan/21/2005|2005.45205479452","H5N1_Avian_HM172233_A/chicken/Hunan/21/2005_China_2005//_5 (NP)",5,"HM172233","A/chicken/Hunan/21/2005","H5N1","Avian","gal","Domestic","chicken","Asia","China","Hunan","2005//",2005.45205479452
"H5N1_Avian_gal_Domestic_Asia_China_A/chicken/Hunan/3157/2006|2006.91232876712","H5N1_Avian_FJ784790_A/chicken/Hunan/3157/2006_China_2006/11/30_5 (NP)",5,"FJ784790","A/chicken/Hunan/3157/2006","H5N1","Avian","gal","Domestic","chicken","Asia","China","Hunan","2006/11/30",2006.91232876712
"H5N1_Avian_gal_Domestic_Asia_China_A/chicken/Hunan/3/2007|2007.78630136986","H5N1_Avian_GU182143_A/chicken/Hunan/3/2007_China_2007/10/_5 (NP)",5,"GU182143","A/chicken/Hunan/3/2007","H5N1","Avian","gal","Domestic","chicken","Asia","China","Hunan","2007/10/",2007.78630136986
"H5N1_Avian_gal_Domestic_Asia_China_A/chicken/Hunan/8/2008|2008.87123287671","H5N1_Avian_GU182159_A/chicken/Hunan/8/2008_China_2008/11/_5 (NP)",5,"GU182159","A/chicken/Hunan/8/2008","H5N1","Avian","gal","Domestic","chicken","Asia","China","Hunan","2008/11/",2008.87123287671
"H5N1_Avian_gal_Domestic_Asia_China_A/chicken/Hunan/1/2009|2009.45205479452","H5N1_Avian_HM172255_A/chicken/Hunan/1/2009_China_2009//_5 (NP)",5,"HM172255","A/chicken/Hunan/1/2009","H5N1","Avian","gal","Domestic","chicken","Asia","China","Hunan","2009//",2009.45205479452
"H5N1_Avian_gal_Domestic_Asia_India_A/chicken/Nandurbar/7979/2006|2006.12328767123","H5N1_Avian_GU354066_A/chicken/Nandurbar/7979/2006_India_2006/02/_5 (NP)",5,"GU354066","A/chicken/Nandurbar/7979/2006","H5N1","Avian","gal","Domestic","chicken","Asia","India","Nandurbar","2006/02/",2006.12328767123
"H5N1_Avian_gal_Domestic_Asia_India_A/chicken/India/82544/2008|2008.05753424658","H5N1_Avian_CY111082_A/chicken/India/82544/2008_India_2008/01/22_5 (NP)",5,"CY111082","A/chicken/India/82544/2008","H5N1","Avian","gal","Domestic","chicken","Asia","India","India","2008/01/22",2008.05753424658
"H5N1_Avian_gal_Domestic_Asia_India_A/chicken/West Bengal/193936/2009|2009.36712328767","H5N1_Avian_GU272007_A/chicken/West Bengal/193936/2009_India_2009/05/_5 (NP)",5,"GU272007","A/chicken/West Bengal/193936/2009","H5N1","Avian","gal","Domestic","chicken","Asia","India","West Bengal","2009/05/",2009.36712328767
"H5N1_Avian_gal_Domestic_Asia_India_A/chicken/West Bengal/239020/2010|2010.0301369863","H5N1_Avian_CY061295_A/chicken/West Bengal/239020/2010_India_2010/01/12_5 (NP)",5,"CY061295","A/chicken/West Bengal/239020/2010","H5N1","Avian","gal","Domestic","chicken","Asia","India","West Bengal","2010/01/12",2010.0301369863
"H5N1_Avian_gal_Domestic_Asia_India_A/chicken/India/CA0302/2011|2011.17534246575","H5N1_Avian_CY092130_A/chicken/India/CA0302/2011_India_2011/03/06_5 (NP)",5,"CY092130","A/chicken/India/CA0302/2011","H5N1","Avian","gal","Domestic","chicken","Asia","India","India","2011/03/06",2011.17534246575
"H5N1_Avian_gal_Domestic_Asia_Indonesia_A/chicken/East Java/UT1006/2003|2003.87123287671","H5N1_Avian_GQ122405_A/chicken/East Java/UT1006/2003_Indonesia_2003/11/15_5 (NP)",5,"GQ122405","A/chicken/East Java/UT1006/2003","H5N1","Avian","gal","Domestic","chicken","Asia","Indonesia","East Java","2003/11/15",2003.87123287671
"H5N1_Avian_gal_Domestic_Asia_Indonesia_A/quail/Yogjakarta/UT1023/2004|2004.03835616438","H5N1_Avian_GQ122406_A/quail/Yogjakarta/UT1023/2004_Indonesia_2004/01/15_5 (NP)",5,"GQ122406","A/quail/Yogjakarta/UT1023/2004","H5N1","Avian","gal","Domestic","quail","Asia","Indonesia","Yogjakarta","2004/01/15",2004.03835616438
"H5N1_Avian_gal_Domestic_Asia_Indonesia_A/chicken/Sulawesi Selatan/UT2093/2005|2005.45205479452","H5N1_Avian_GQ122413_A/chicken/Sulawesi Selatan/UT2093/2005_Indonesia_2005//_5 (NP)",5,"GQ122413","A/chicken/Sulawesi Selatan/UT2093/2005","H5N1","Avian","gal","Domestic","chicken","Asia","Indonesia","Sulawesi Selatan","2005//",2005.45205479452
"H5N1_Avian_gal_Domestic_Asia_Indonesia_A/chicken/East Java/UT6021/2006|2006.87123287671","H5N1_Avian_GQ122418_A/chicken/East Java/UT6021/2006_Indonesia_2006/11/_5 (NP)",5,"GQ122418","A/chicken/East Java/UT6021/2006","H5N1","Avian","gal","Domestic","chicken","Asia","Indonesia","East Java","2006/11/",2006.87123287671
"H5N1_Avian_gal_Domestic_Asia_Indonesia_A/chicken/East Java/UT6031/2007|2007.03835616438","H5N1_Avian_GQ122421_A/chicken/East Java/UT6031/2007_Indonesia_2007/01/_5 (NP)",5,"GQ122421","A/chicken/East Java/UT6031/2007","H5N1","Avian","gal","Domestic","chicken","Asia","Indonesia","East Java","2007/01/",2007.03835616438
"H5N1_Avian_gal_Domestic_Asia_Japan_A/chicken/Yamaguchi/7/2004|2004.45205479452","H5N1_Avian_AB166863_A/chicken/Yamaguchi/7/2004_Japan_2004//_5 (NP)",5,"AB166863","A/chicken/Yamaguchi/7/2004","H5N1","Avian","gal","Domestic","chicken","Asia","Japan","Yamaguchi","2004//",2004.45205479452
"H5N1_Avian_gal_Domestic_Asia_Japan_A/chicken/Shimane/1/2010|2010.87123287671","H5N1_Avian_AB684084_A/chicken/Shimane/1/2010_Japan_2010/11/_5 (NP)",5,"AB684084","A/chicken/Shimane/1/2010","H5N1","Avian","gal","Domestic","chicken","Asia","Japan","Shimane","2010/11/",2010.87123287671
"H5N1_Avian_gal_Domestic_Asia_Japan_A/chicken/Aichi/2/2011|2011.12328767123","H5N1_Avian_AB684179_A/chicken/Aichi/2/2011_Japan_2011/02/_5 (NP)",5,"AB684179","A/chicken/Aichi/2/2011","H5N1","Avian","gal","Domestic","chicken","Asia","Japan","Aichi","2011/02/",2011.12328767123
"H5N1_Avian_gal_Domestic_Asia_China_A/chicken/Jiangsu/cz1/2002|2002.45205479452","H5N1_Avian_DQ997184_A/chicken/Jiangsu/cz1/2002_China_2002//_5 (NP)",5,"DQ997184","A/chicken/Jiangsu/cz1/2002","H5N1","Avian","gal","Domestic","chicken","Asia","China","Jiangsu","2002//",2002.45205479452
"H5N1_Avian_gal_Domestic_Asia_China_A/chicken/Jiangsu/18/2008|2008.45205479452","H5N1_Avian_HM172234_A/chicken/Jiangsu/18/2008_China_2008//_5 (NP)",5,"HM172234","A/chicken/Jiangsu/18/2008","H5N1","Avian","gal","Domestic","chicken","Asia","China","Jiangsu","2008//",2008.45205479452
"H5N1_Avian_gal_Domestic_Asia_China_A/chicken/Jiangsu/k0402/2010|2010.1095890411","H5N1_Avian_JQ638679_A/chicken/Jiangsu/k0402/2010_China_2010/02/10_5 (NP)",5,"JQ638679","A/chicken/Jiangsu/k0402/2010","H5N1","Avian","gal","Domestic","chicken","Asia","China","Jiangsu","2010/02/10",2010.1095890411
"H5N1_Avian_gal_Domestic_Asia_China_A/chicken/Jiangxi/25/2004|2004.45205479452","H5N1_Avian_HM172467_A/chicken/Jiangxi/25/2004_China_2004//_5 (NP)",5,"HM172467","A/chicken/Jiangxi/25/2004","H5N1","Avian","gal","Domestic","chicken","Asia","China","Jiangxi","2004//",2004.45205479452
"H5N1_Avian_gal_Domestic_Asia_China_A/chicken/Jilin/hd/2002|2002.45205479452","H5N1_Avian_DQ997285_A/chicken/Jilin/hd/2002_China_2002//_5 (NP)",5,"DQ997285","A/chicken/Jilin/hd/2002","H5N1","Avian","gal","Domestic","chicken","Asia","China","Jilin","2002//",2002.45205479452
"H5N1_Avian_gal_Domestic_Asia_China_A/chicken/Jilin/ha/2003|2003.45205479452","H5N1_Avian_DQ997272_A/chicken/Jilin/ha/2003_China_2003//_5 (NP)",5,"DQ997272","A/chicken/Jilin/ha/2003","H5N1","Avian","gal","Domestic","chicken","Asia","China","Jilin","2003//",2003.45205479452
"H5N1_Avian_gal_Domestic_Asia_China_A/chicken/Jilin/9/2004|2004.45205479452","H5N1_Avian_AY653196_A/chicken/Jilin/9/2004_China_2004//_5 (NP)",5,"AY653196","A/chicken/Jilin/9/2004","H5N1","Avian","gal","Domestic","chicken","Asia","China","Jilin","2004//",2004.45205479452
"H5N1_Avian_gal_Domestic_Asia_Russia_A/chicken/Krasnodar/123/06|2006.45205479452","H5N1_Avian_EF205180_A/chicken/Krasnodar/123/06_Russia_2006//_5 (NP)",5,"EF205180","A/chicken/Krasnodar/123/06","H5N1","Avian","gal","Domestic","chicken","Asia","Russia","Krasnodar","2006//",2006.45205479452
"H5N1_Avian_gal_Domestic_Asia_Russia_A/chicken/Krasnodar/300/07|2007.67671232877","H5N1_Avian_EU163432_A/chicken/Krasnodar/300/07_Russia_2007/09/05_5 (NP)",5,"EU163432","A/chicken/Krasnodar/300/07","H5N1","Avian","gal","Domestic","chicken","Asia","Russia","Krasnodar","2007/09/05",2007.67671232877
"H5N1_Avian_gal_Domestic_Asia_Russia_A/chicken/Kurgan/05/2005|2005.45205479452","H5N1_Avian_DQ449635_A/chicken/Kurgan/05/2005_Russia_2005//_5 (NP)",5,"DQ449635","A/chicken/Kurgan/05/2005","H5N1","Avian","gal","Domestic","chicken","Asia","Russia","Kurgan","2005//",2005.45205479452
"H5N1_Avian_gal_Domestic_Asia_Kuwait_A/chicken/Kuwait/KISR7/2007|2007.45205479452","H5N1_Avian_CY029981_A/chicken/Kuwait/KISR7/2007_Kuwait_2007//_5 (NP)",5,"CY029981","A/chicken/Kuwait/KISR7/2007","H5N1","Avian","gal","Domestic","chicken","Asia","Kuwait","Kuwait","2007//",2007.45205479452
"H5N1_Avian_gal_Domestic_Asia_Laos_A/Chicken/Laos/Xaythiani 26/2006|2006.45205479452","H5N1_Avian_HM006752_A/Chicken/Laos/Xaythiani 26/2006_Laos_2006//_5 (NP)",5,"HM006752","A/Chicken/Laos/Xaythiani 26/2006","H5N1","Avian","gal","Domestic","Chicken","Asia","Laos","Laos","2006//",2006.45205479452
"H5N1_Avian_gal_Domestic_Asia_Laos_A/chicken/Laos/P0020/2007|2007.45205479452","H5N1_Avian_CY034689_A/chicken/Laos/P0020/2007_Laos_2007//_5 (NP)",5,"CY034689","A/chicken/Laos/P0020/2007","H5N1","Avian","gal","Domestic","chicken","Asia","Laos","Laos","2007//",2007.45205479452
"H5N1_Avian_gal_Domestic_Asia_Laos_A/chicken/Lao/LH1/2010|2010.36712328767","H5N1_Avian_CY098298_A/chicken/Lao/LH1/2010_Laos_2010/05/_5 (NP)",5,"CY098298","A/chicken/Lao/LH1/2010","H5N1","Avian","gal","Domestic","chicken","Asia","Laos","Lao","2010/05/",2010.36712328767
"H5N1_Avian_gal_Domestic_Asia_China_A/chicken/Liaoning/23/2005|2005.45205479452","H5N1_Avian_HM172466_A/chicken/Liaoning/23/2005_China_2005//_5 (NP)",5,"HM172466","A/chicken/Liaoning/23/2005","H5N1","Avian","gal","Domestic","chicken","Asia","China","Liaoning","2005//",2005.45205479452
"H5N1_Avian_gal_Domestic_Asia_China_A/chicken/Liaoning/A-11/2006|2006.45205479452","H5N1_Avian_HM172250_A/chicken/Liaoning/A-11/2006_China_2006//_5 (NP)",5,"HM172250","A/chicken/Liaoning/A-11/2006","H5N1","Avian","gal","Domestic","chicken","Asia","China","Liaoning","2006//",2006.45205479452
"H5N1_Avian_gal_Domestic_Asia_China_A/chicken/Liaoning/A-1/2007|2007.45205479452","H5N1_Avian_HM172260_A/chicken/Liaoning/A-1/2007_China_2007//_5 (NP)",5,"HM172260","A/chicken/Liaoning/A-1/2007","H5N1","Avian","gal","Domestic","chicken","Asia","China","Liaoning","2007//",2007.45205479452
"H5N1_Avian_gal_Domestic_Asia_Russia_A/chicken/Moscow/2/2007|2007.11780821918","H5N1_Avian_EF474447_A/chicken/Moscow/2/2007_Russia_2007/02/13_5 (NP)",5,"EF474447","A/chicken/Moscow/2/2007","H5N1","Avian","gal","Domestic","chicken","Asia","Russia","Moscow","2007/02/13",2007.11780821918
"H5N1_Avian_gal_Domestic_Asia_Myanmar_A/chicken/Pyigyitagon/204/2006|2006.45205479452","H5N1_Avian_AB478027_A/chicken/Pyigyitagon/204/2006_Myanmar_2006//_5 (NP)",5,"AB478027","A/chicken/Pyigyitagon/204/2006","H5N1","Avian","gal","Domestic","chicken","Asia","Myanmar","Pyigyitagon","2006//",2006.45205479452
"H5N1_Avian_gal_Domestic_Asia_Myanmar_A/chicken/Hmawbi/517/2007|2007.45205479452","H5N1_Avian_AB478028_A/chicken/Hmawbi/517/2007_Myanmar_2007//_5 (NP)",5,"AB478028","A/chicken/Hmawbi/517/2007","H5N1","Avian","gal","Domestic","chicken","Asia","Myanmar","Hmawbi","2007//",2007.45205479452
"H5N1_Avian_gal_Domestic_Africa_Nigeria_A/chicken/Nigeria/1047-30/2006|2006.45205479452","H5N1_Avian_CY016942_A/chicken/Nigeria/1047-30/2006_Nigeria_2006//_5 (NP)",5,"CY016942","A/chicken/Nigeria/1047-30/2006","H5N1","Avian","gal","Domestic","chicken","Africa","Nigeria","Nigeria","2006//",2006.45205479452
"H5N1_Avian_gal_Domestic_Asia_China_A/chicken/Ningxia/24/2006|2006.45205479452","H5N1_Avian_HM172241_A/chicken/Ningxia/24/2006_China_2006//_5 (NP)",5,"HM172241","A/chicken/Ningxia/24/2006","H5N1","Avian","gal","Domestic","chicken","Asia","China","Ningxia","2006//",2006.45205479452
"H5N1_Avian_gal_Domestic_Asia_Russia_A/chicken/Omsk/14/05|2005.45205479452","H5N1_Avian_EF205176_A/chicken/Omsk/14/05_Russia_2005//_5 (NP)",5,"EF205176","A/chicken/Omsk/14/05","H5N1","Avian","gal","Domestic","chicken","Asia","Russia","Omsk","2005//",2005.45205479452
"H5N1_Avian_gal_Domestic_Asia_Pakistan_A/chicken/Sihala/NARC3303.4/2006|2006.45205479452","H5N1_Avian_CY037771_A/chicken/Sihala/NARC3303.4/2006_Pakistan_2006//_5 (NP)",5,"CY037771","A/chicken/Sihala/NARC3303.4/2006","H5N1","Avian","gal","Domestic","chicken","Asia","Pakistan","Sihala","2006//",2006.45205479452
"H5N1_Avian_gal_Domestic_Europe_Poland_A/chicken/Poland/R3248/2007|2007.45205479452","H5N1_Avian_FM163441_A/chicken/Poland/R3248/2007_Poland_2007//_5 (NP)",5,"FM163441","A/chicken/Poland/R3248/2007","H5N1","Avian","gal","Domestic","chicken","Europe","Poland","Poland","2007//",2007.45205479452
"H5N1_Avian_gal_Domestic_Asia_Russia_A/chicken/Primorje/1/2008|2008.27123287671","H5N1_Avian_EU672458_A/chicken/Primorje/1/2008_Russia_2008/04/10_5 (NP)",5,"EU672458","A/chicken/Primorje/1/2008","H5N1","Avian","gal","Domestic","chicken","Asia","Russia","Primorje","2008/04/10",2008.27123287671
"H5N1_Avian_gal_Domestic_Asia_Russia_A/chicken/Reshoty/02/2006|2006.45205479452","H5N1_Avian_CY047484_A/chicken/Reshoty/02/2006_Russia_2006/06/_5 (NP)",5,"CY047484","A/chicken/Reshoty/02/2006","H5N1","Avian","gal","Domestic","chicken","Asia","Russia","Reshoty","2006/06/",2006.45205479452
"H5N1_Avian_gal_Domestic_Asia_Russia_A/chicken/Rostov/22-1/2007|2007.45205479452","H5N1_Avian_EU402401_A/chicken/Rostov/22-1/2007_Russia_2007//_5 (NP)",5,"EU402401","A/chicken/Rostov/22-1/2007","H5N1","Avian","gal","Domestic","chicken","Asia","Russia","Rostov","2007//",2007.45205479452
"H5N1_Avian_gal_Domestic_Asia_Russia_A/chicken/Rostov-on-Don/35/2007|2007.95068493151","H5N1_Avian_EU401754_A/chicken/Rostov-on-Don/35/2007_Russia_2007/12/14_5 (NP)",5,"EU401754","A/chicken/Rostov-on-Don/35/2007","H5N1","Avian","gal","Domestic","chicken","Asia","Russia","Rostov-on-Don","2007/12/14",2007.95068493151
"H5N1_Avian_gal_Domestic_Asia_Russia_A/chicken/Russia_Krasnodar/2/2007|2007.45205479452","H5N1_Avian_EF605600_A/chicken/Russia_Krasnodar/2/2007_Russia_2007//_5 (NP)",5,"EF605600","A/chicken/Russia_Krasnodar/2/2007","H5N1","Avian","gal","Domestic","chicken","Asia","Russia","Russia_Krasnodar","2007//",2007.45205479452
"H5N1_Avian_gal_Domestic_Asia_Saudi Arabia_A/turkey/Saudi Arabia/6732-6/2007|2007.45205479452","H5N1_Avian_EU590691_A/turkey/Saudi Arabia/6732-6/2007_Saudi Arabia_2007//_5 (NP)",5,"EU590691","A/turkey/Saudi Arabia/6732-6/2007","H5N1","Avian","gal","Domestic","turkey","Asia","Saudi Arabia","Saudi Arabia","2007//",2007.45205479452
"H5N1_Avian_gal_Domestic_Asia_China_A/chicken/Shandong/A-10/2006|2006.45205479452","H5N1_Avian_HM172244_A/chicken/Shandong/A-10/2006_China_2006//_5 (NP)",5,"HM172244","A/chicken/Shandong/A-10/2006","H5N1","Avian","gal","Domestic","chicken","Asia","China","Shandong","2006//",2006.45205479452
"H5N1_Avian_gal_Domestic_Asia_China_A/chicken/Shandong/A-1/2009|2009.45205479452","H5N1_Avian_HM172252_A/chicken/Shandong/A-1/2009_China_2009//_5 (NP)",5,"HM172252","A/chicken/Shandong/A-1/2009","H5N1","Avian","gal","Domestic","chicken","Asia","China","Shandong","2009//",2009.45205479452
"H5N1_Avian_gal_Domestic_Asia_China_A/chicken/Shanxi/10/2006|2006.45205479452","H5N1_Avian_HM172243_A/chicken/Shanxi/10/2006_China_2006//_5 (NP)",5,"HM172243","A/chicken/Shanxi/10/2006","H5N1","Avian","gal","Domestic","chicken","Asia","China","Shanxi","2006//",2006.45205479452
"H5N1_Avian_gal_Domestic_Asia_China_A/chicken/Sheny/0606/2008|2008.42739726027","H5N1_Avian_JQ277226_A/chicken/Sheny/0606/2008_China_2008/06/06_5 (NP)",5,"JQ277226","A/chicken/Sheny/0606/2008","H5N1","Avian","gal","Domestic","chicken","Asia","China","Sheny","2008/06/06",2008.42739726027
"H5N1_Avian_gal_Domestic_Asia_China_A/chicken/Sichuan/81/2005|2005.45205479452","H5N1_Avian_HM172214_A/chicken/Sichuan/81/2005_China_2005//_5 (NP)",5,"HM172214","A/chicken/Sichuan/81/2005","H5N1","Avian","gal","Domestic","chicken","Asia","China","Sichuan","2005//",2005.45205479452
"H5N1_Avian_gal_Domestic_Africa_Sudan_A/chicken/Sudan/2115-9/2006|2006.45205479452","H5N1_Avian_CY020672_A/chicken/Sudan/2115-9/2006_Sudan_2006//_5 (NP)",5,"CY020672","A/chicken/Sudan/2115-9/2006","H5N1","Avian","gal","Domestic","chicken","Africa","Sudan","Sudan","2006//",2006.45205479452
"H5N1_Avian_gal_Domestic_Asia_Russia_A/chicken/Suzdalka/06/05|2005.45205479452","H5N1_Avian_EF205175_A/chicken/Suzdalka/06/05_Russia_2005//_5 (NP)",5,"EF205175","A/chicken/Suzdalka/06/05","H5N1","Avian","gal","Domestic","chicken","Asia","Russia","Suzdalka","2005//",2005.45205479452
"H5N1_Avian_gal_Domestic_Asia_Thailand_A/chicken/Suphanburi/NIAH7540/2004|2004.45205479452","H5N1_Avian_AB450584_A/chicken/Suphanburi/NIAH7540/2004_Thailand_2004//_5 (NP)",5,"AB450584","A/chicken/Suphanburi/NIAH7540/2004","H5N1","Avian","gal","Domestic","chicken","Asia","Thailand","Suphanburi","2004//",2004.45205479452
"H5N1_Avian_gal_Domestic_Asia_Thailand_A/quail/Nakhon Pathom/NIAH7562/2005|2005.45205479452","H5N1_Avian_AB450587_A/quail/Nakhon Pathom/NIAH7562/2005_Thailand_2005//_5 (NP)",5,"AB450587","A/quail/Nakhon Pathom/NIAH7562/2005","H5N1","Avian","gal","Domestic","quail","Asia","Thailand","Nakhon Pathom","2005//",2005.45205479452
"H5N1_Avian_gal_Domestic_Asia_Thailand_A/chicken/Thailand/TS03/2006|2006.45205479452","H5N1_Avian_JQ794463_A/chicken/Thailand/TS03/2006_Thailand_2006//_5 (NP)",5,"JQ794463","A/chicken/Thailand/TS03/2006","H5N1","Avian","gal","Domestic","chicken","Asia","Thailand","Thailand","2006//",2006.45205479452
"H5N1_Avian_gal_Domestic_Asia_Thailand_A/chicken/Uthaithani/NIAH115067/2008|2008.45205479452","H5N1_Avian_FJ868034_A/chicken/Uthaithani/NIAH115067/2008_Thailand_2008//_5 (NP)",5,"FJ868034","A/chicken/Uthaithani/NIAH115067/2008","H5N1","Avian","gal","Domestic","chicken","Asia","Thailand","Uthaithani","2008//",2008.45205479452
"H5N1_Avian_gal_Domestic_Asia_China_A/chicken/Tibet/6/2008|2008.45205479452","H5N1_Avian_HM172258_A/chicken/Tibet/6/2008_China_2008//_5 (NP)",5,"HM172258","A/chicken/Tibet/6/2008","H5N1","Avian","gal","Domestic","chicken","Asia","China","Tibet","2008//",2008.45205479452
"H5N1_Avian_gal_Domestic_Asia_Russia_A/chicken/Tula/4/05|2005.45205479452","H5N1_Avian_EF205181_A/chicken/Tula/4/05_Russia_2005//_5 (NP)",5,"EF205181","A/chicken/Tula/4/05","H5N1","Avian","gal","Domestic","chicken","Asia","Russia","Tula","2005//",2005.45205479452
"H5N1_Avian_gal_Domestic_Asia_Viet Nam_A/chicken/Viet Nam/TG-023/2004|2004.45205479452","H5N1_Avian_DQ099768_A/chicken/Viet Nam/TG-023/2004_Viet Nam_2004//_5 (NP)",5,"DQ099768","A/chicken/Viet Nam/TG-023/2004","H5N1","Avian","gal","Domestic","chicken","Asia","Viet Nam","Viet Nam","2004//",2004.45205479452
"H5N1_Avian_gal_Domestic_Asia_Viet Nam_A/chicken/Viet Nam/8/2005|2005.45205479452","H5N1_Avian_CY016854_A/chicken/Viet Nam/8/2005_Viet Nam_2005//_5 (NP)",5,"CY016854","A/chicken/Viet Nam/8/2005","H5N1","Avian","gal","Domestic","chicken","Asia","Viet Nam","Viet Nam","2005//",2005.45205479452
"H5N1_Avian_gal_Domestic_Asia_Viet Nam_A/chicken/Ca Mau/1180/2006|2006.98630136986","H5N1_Avian_JX420207_A/chicken/Ca Mau/1180/2006_Viet Nam_2006/12/27_5 (NP)",5,"JX420207","A/chicken/Ca Mau/1180/2006","H5N1","Avian","gal","Domestic","chicken","Asia","Viet Nam","Ca Mau","2006/12/27",2006.98630136986
"H5N1_Avian_gal_Domestic_Asia_Viet Nam_A/chicken/Hanoi/45/2007|2007.45205479452","H5N1_Avian_JX420143_A/chicken/Hanoi/45/2007_Viet Nam_2007//_5 (NP)",5,"JX420143","A/chicken/Hanoi/45/2007","H5N1","Avian","gal","Domestic","chicken","Asia","Viet Nam","Hanoi","2007//",2007.45205479452
"H5N1_Avian_gal_Domestic_Asia_Viet Nam_A/chicken/Soc Trang/5/2012|2012.45753424658","H5N1_Avian_AB818506_A/chicken/Soc Trang/5/2012_Viet Nam_2012/06/17_5 (NP)",5,"AB818506","A/chicken/Soc Trang/5/2012","H5N1","Avian","gal","Domestic","chicken","Asia","Viet Nam","Soc Trang","2012/06/17",2012.45753424658
"H5N1_Avian_gal_Domestic_Asia_China_A/chicken/Xinjiang/53/2005|2005.45205479452","H5N1_Avian_HM172251_A/chicken/Xinjiang/53/2005_China_2005//_5 (NP)",5,"HM172251","A/chicken/Xinjiang/53/2005","H5N1","Avian","gal","Domestic","chicken","Asia","China","Xinjiang","2005//",2005.45205479452
"H5N1_Avian_gal_Domestic_Asia_China_A/chicken/Xinjiang/28/2006|2006.45205479452","H5N1_Avian_HM172248_A/chicken/Xinjiang/28/2006_China_2006//_5 (NP)",5,"HM172248","A/chicken/Xinjiang/28/2006","H5N1","Avian","gal","Domestic","chicken","Asia","China","Xinjiang","2006//",2006.45205479452
"H5N1_Avian_acc_Wild_Europe_Belgium_A/crested eagle/Belgium/01/2004|2004.45205479452","H5N1_Avian_DQ454104_A/crested eagle/Belgium/01/2004_Belgium_2004//_5 (NP)",5,"DQ454104","A/crested eagle/Belgium/01/2004","H5N1","Avian","acc","Wild","crested eagle","Europe","Belgium","Belgium","2004//",2004.45205479452
"H5N1_Avian_acc_Wild_Asia_Japan_A/mountain hawk-eagle/Kumamoto/1/07|2007.45205479452","H5N1_Avian_AB525192_A/mountain hawk-eagle/Kumamoto/1/07_Japan_2007//_5 (NP)",5,"AB525192","A/mountain hawk-eagle/Kumamoto/1/07","H5N1","Avian","acc","Wild","mountain hawk-eagle","Asia","Japan","Kumamoto","2007//",2007.45205479452
"H5N1_Avian_acc_Wild_Asia_South Korea_A/Eurasian eagle owl/Korea/23/2010|2010.90136986301","H5N1_Avian_JQ710458_A/Eurasian eagle owl/Korea/23/2010_South Korea_2010/11/26_5 (NP)",5,"JQ710458","A/Eurasian eagle owl/Korea/23/2010","H5N1","Avian","acc","Wild","Eurasian eagle owl","Asia","South Korea","Korea","2010/11/26",2010.90136986301
"H5N1_Avian_ans_Wild_Asia_Russia_A/Cygnus olor/Astrakhan/Ast05-2-10/2005|2005.90136986301","H5N1_Avian_DQ440580_A/Cygnus olor/Astrakhan/Ast05-2-10/2005_Russia_2005/11/26_5 (NP)",5,"DQ440580","A/Cygnus olor/Astrakhan/Ast05-2-10/2005","H5N1","Avian","ans","Wild","Cygnus olor","Asia","Russia","Astrakhan","2005/11/26",2005.90136986301
"H5N1_Avian_ans_Wild_Asia_Russia_A/Cygnus olor/Caspian Sea/2006|2006.45205479452","H5N1_Avian_CY063861_A/Cygnus olor/Caspian Sea/2006_Russia_2006//_5 (NP)",5,"CY063861","A/Cygnus olor/Caspian Sea/2006","H5N1","Avian","ans","Wild","Cygnus olor","Asia","Russia","Caspian Sea","2006//",2006.45205479452
"H5N1_Avian_ans_Wild_Europe_Croatia_A/cygnus olor/Croatia/1/2005|2005.45205479452","H5N1_Avian_CY016822_A/cygnus olor/Croatia/1/2005_Croatia_2005//_5 (NP)",5,"CY016822","A/cygnus olor/Croatia/1/2005","H5N1","Avian","ans","Wild","cygnus olor","Europe","Croatia","Croatia","2005//",2005.45205479452
"H5N1_Avian_ans_Wild_Asia_China_A/wild duck/Fujian/1/2011|2011.18630136986","H5N1_Avian_JX534590_A/wild duck/Fujian/1/2011_China_2011/03/10_5 (NP)",5,"JX534590","A/wild duck/Fujian/1/2011","H5N1","Avian","ans","Wild","wild duck","Asia","China","Fujian","2011/03/10",2011.18630136986
"H5N1_Avian_ans_Wild_Europe_Germany_A/teal/Germany/WV632/2005|2005.89863013699","H5N1_Avian_CY061886_A/teal/Germany/WV632/2005_Germany_2005/11/25_5 (NP)",5,"CY061886","A/teal/Germany/WV632/2005","H5N1","Avian","ans","Wild","teal","Europe","Germany","Germany","2005/11/25",2005.89863013699
"H5N1_Avian_ans_Wild_Europe_Germany_A/swan/Germany/R65/2006|2006.12328767123","H5N1_Avian_DQ464359_A/swan/Germany/R65/2006_Germany_2006/02/_5 (NP)",5,"DQ464359","A/swan/Germany/R65/2006","H5N1","Avian","ans","Wild","swan","Europe","Germany","Germany","2006/02/",2006.12328767123
"H5N1_Avian_ans_Wild_Europe_Germany_A/mute swan/Germany/R1359/2007|2007.45205479452","H5N1_Avian_AM913997_A/mute swan/Germany/R1359/2007_Germany_2007//_5 (NP)",5,"AM913997","A/mute swan/Germany/R1359/2007","H5N1","Avian","ans","Wild","mute swan","Europe","Germany","Germany","2007//",2007.45205479452
"H5N1_Avian_ans_Wild_Asia_China_A/wild duck/Guangdong/314/2004|2004.45205479452","H5N1_Avian_AY950256_A/wild duck/Guangdong/314/2004_China_2004//_5 (NP)",5,"AY950256","A/wild duck/Guangdong/314/2004","H5N1","Avian","ans","Wild","wild duck","Asia","China","Guangdong","2004//",2004.45205479452
"H5N1_Avian_ans_Wild_Asia_China_A/swan/Guangxi/307/2004|2004.45205479452","H5N1_Avian_AY950257_A/swan/Guangxi/307/2004_China_2004//_5 (NP)",5,"AY950257","A/swan/Guangxi/307/2004","H5N1","Avian","ans","Wild","swan","Asia","China","Guangxi","2004//",2004.45205479452
"H5N1_Avian_ans_Wild_Asia_Hong Kong_A/waterfowl/Hong Kong/378.5/2001|2001.45205479452","H5N1_Avian_GU186695_A/waterfowl/Hong Kong/378.5/2001_Hong Kong_2001//_5 (NP)",5,"GU186695","A/waterfowl/Hong Kong/378.5/2001","H5N1","Avian","ans","Wild","waterfowl","Asia","Hong Kong","Hong Kong","2001//",2001.45205479452
"H5N1_Avian_ans_Wild_Asia_China_A/mallard/Huadong/Y/2003|2003.45205479452","H5N1_Avian_EU195417_A/mallard/Huadong/Y/2003_China_2003//_5 (NP)",5,"EU195417","A/mallard/Huadong/Y/2003","H5N1","Avian","ans","Wild","mallard","Asia","China","Huadong","2003//",2003.45205479452
"H5N1_Avian_ans_Wild_Asia_China_A/mallard/Huadong/hn/2005|2005.45205479452","H5N1_Avian_EU195409_A/mallard/Huadong/hn/2005_China_2005//_5 (NP)",5,"EU195409","A/mallard/Huadong/hn/2005","H5N1","Avian","ans","Wild","mallard","Asia","China","Huadong","2005//",2005.45205479452
"H5N1_Avian_ans_Wild_Asia_China_A/wild duck/Hunan/021/2005|2005.45205479452","H5N1_Avian_EU329178_A/wild duck/Hunan/021/2005_China_2005//_5 (NP)",5,"EU329178","A/wild duck/Hunan/021/2005","H5N1","Avian","ans","Wild","wild duck","Asia","China","Hunan","2005//",2005.45205479452
"H5N1_Avian_ans_Wild_Europe_Hungary_A/mute swan/Hungary/3472/2006|2006.09863013699","H5N1_Avian_FJ445229_A/mute swan/Hungary/3472/2006_Hungary_2006/02/06_5 (NP)",5,"FJ445229","A/mute swan/Hungary/3472/2006","H5N1","Avian","ans","Wild","mute swan","Europe","Hungary","Hungary","2006/02/06",2006.09863013699
"H5N1_Avian_ans_Wild_Asia_Iran_A/Cygnus cygnus/Iran/754/2006|2006.45205479452","H5N1_Avian_CY016782_A/Cygnus cygnus/Iran/754/2006_Iran_2006//_5 (NP)",5,"CY016782","A/Cygnus cygnus/Iran/754/2006","H5N1","Avian","ans","Wild","Cygnus cygnus","Asia","Iran","Iran","2006//",2006.45205479452
"H5N1_Avian_ans_Wild_Europe_Italy_A/mallard/Italy/3401/2005|2005.45205479452","H5N1_Avian_CY021400_A/mallard/Italy/3401/2005_Italy_2005//_5 (NP)",5,"CY021400","A/mallard/Italy/3401/2005","H5N1","Avian","ans","Wild","mallard","Europe","Italy","Italy","2005//",2005.45205479452
"H5N1_Avian_ans_Wild_Europe_Italy_A/cygnus olor/Italy/808/2006|2006.45205479452","H5N1_Avian_CY020352_A/cygnus olor/Italy/808/2006_Italy_2006//_5 (NP)",5,"CY020352","A/cygnus olor/Italy/808/2006","H5N1","Avian","ans","Wild","cygnus olor","Europe","Italy","Italy","2006//",2006.45205479452
"H5N1_Avian_ans_Wild_Asia_Japan_A/whooper swan/Hokkaido/1/2008|2008.45205479452","H5N1_Avian_AB436551_A/whooper swan/Hokkaido/1/2008_Japan_2008//_5 (NP)",5,"AB436551","A/whooper swan/Hokkaido/1/2008","H5N1","Avian","ans","Wild","whooper swan","Asia","Japan","Hokkaido","2008//",2008.45205479452
"H5N1_Avian_ans_Wild_Asia_Japan_A/mallard/Hokkaido/24/2009|2009.45205479452","H5N1_Avian_AB530993_A/mallard/Hokkaido/24/2009_Japan_2009//_5 (NP)",5,"AB530993","A/mallard/Hokkaido/24/2009","H5N1","Avian","ans","Wild","mallard","Asia","Japan","Hokkaido","2009//",2009.45205479452
"H5N1_Avian_ans_Wild_Asia_Japan_A/mute swan/Toyama/1/2010|2010.95342465753","H5N1_Avian_AB684091_A/mute swan/Toyama/1/2010_Japan_2010/12/_5 (NP)",5,"AB684091","A/mute swan/Toyama/1/2010","H5N1","Avian","ans","Wild","mute swan","Asia","Japan","Toyama","2010/12/",2010.95342465753
"H5N1_Avian_ans_Wild_Asia_Japan_A/mandarin duck/Miyazaki/22M-765/2011|2011.2","H5N1_Avian_AB684229_A/mandarin duck/Miyazaki/22M-765/2011_Japan_2011/03/_5 (NP)",5,"AB684229","A/mandarin duck/Miyazaki/22M-765/2011","H5N1","Avian","ans","Wild","mandarin duck","Asia","Japan","Miyazaki","2011/03/",2011.2
"H5N1_Avian_ans_Wild_Asia_China_A/wild duck/Jilin/HF/2011|2011.31232876712","H5N1_Avian_JX534574_A/wild duck/Jilin/HF/2011_China_2011/04/25_5 (NP)",5,"JX534574","A/wild duck/Jilin/HF/2011","H5N1","Avian","ans","Wild","wild duck","Asia","China","Jilin","2011/04/25",2011.31232876712
"H5N1_Avian_ans_Wild_Asia_Russia_A/Cygnus cygnus/Krasnodar/329/07|2007.67945205479","H5N1_Avian_EU257635_A/Cygnus cygnus/Krasnodar/329/07_Russia_2007/09/06_5 (NP)",5,"EU257635","A/Cygnus cygnus/Krasnodar/329/07","H5N1","Avian","ans","Wild","Cygnus cygnus","Asia","Russia","Krasnodar","2007/09/06",2007.67945205479
"H5N1_Avian_ans_Wild_Asia_China_A/wild duck/Liaoning/8/2006|2006.45205479452","H5N1_Avian_HM172226_A/wild duck/Liaoning/8/2006_China_2006//_5 (NP)",5,"HM172226","A/wild duck/Liaoning/8/2006","H5N1","Avian","ans","Wild","wild duck","Asia","China","Liaoning","2006//",2006.45205479452
"H5N1_Avian_ans_Wild_Asia_Mongolia_A/bar-headed goose/Mongolia/1/05|2005.53424657534","H5N1_Avian_AB239303_A/bar-headed goose/Mongolia/1/05_Mongolia_2005/07/_5 (NP)",5,"AB239303","A/bar-headed goose/Mongolia/1/05","H5N1","Avian","ans","Wild","bar-headed goose","Asia","Mongolia","Mongolia","2005/07/",2005.53424657534
"H5N1_Avian_ans_Wild_Asia_Mongolia_A/common goldeneye/Mongolia/12/2006|2006.36712328767","H5N1_Avian_AB284325_A/common goldeneye/Mongolia/12/2006_Mongolia_2006/05/_5 (NP)",5,"AB284325","A/common goldeneye/Mongolia/12/2006","H5N1","Avian","ans","Wild","common goldeneye","Asia","Mongolia","Mongolia","2006/05/",2006.36712328767
"H5N1_Avian_ans_Wild_Asia_Mongolia_A/bar-headed goose/Mongolia/X53/2009|2009.53424657534","H5N1_Avian_AB523768_A/bar-headed goose/Mongolia/X53/2009_Mongolia_2009/07/_5 (NP)",5,"AB523768","A/bar-headed goose/Mongolia/X53/2009","H5N1","Avian","ans","Wild","bar-headed goose","Asia","Mongolia","Mongolia","2009/07/",2009.53424657534
"H5N1_Avian_ans_Wild_Asia_Mongolia_A/whooper swan/Mongolia/1/2010|2010.36712328767","H5N1_Avian_AB569349_A/whooper swan/Mongolia/1/2010_Mongolia_2010/05/_5 (NP)",5,"AB569349","A/whooper swan/Mongolia/1/2010","H5N1","Avian","ans","Wild","whooper swan","Asia","Mongolia","Mongolia","2010/05/",2010.36712328767
"H5N1_Avian_ans_Wild_Asia_Russia_A/grebe/Novosibirsk/29/2005|2005.45205479452","H5N1_Avian_DQ232609_A/grebe/Novosibirsk/29/2005_Russia_2005//_5 (NP)",5,"DQ232609","A/grebe/Novosibirsk/29/2005","H5N1","Avian","ans","Wild","grebe","Asia","Russia","Novosibirsk","2005//",2005.45205479452
"H5N1_Avian_ans_Wild_Asia_China_A/bar-headed goose/Qinghai/3/2005|2005.45205479452","H5N1_Avian_HM172465_A/bar-headed goose/Qinghai/3/2005_China_2005//_5 (NP)",5,"HM172465","A/bar-headed goose/Qinghai/3/2005","H5N1","Avian","ans","Wild","bar-headed goose","Asia","China","Qinghai","2005//",2005.45205479452
"H5N1_Avian_ans_Wild_Asia_China_A/bar-headed goose/Qinghai/1-HVRI/2006|2006.45205479452","H5N1_Avian_HM172218_A/bar-headed goose/Qinghai/1-HVRI/2006_China_2006//_5 (NP)",5,"HM172218","A/bar-headed goose/Qinghai/1-HVRI/2006","H5N1","Avian","ans","Wild","bar-headed goose","Asia","China","Qinghai","2006//",2006.45205479452
"H5N1_Avian_ans_Wild_Asia_China_A/great crested-grebe/Qinghai/1/2009|2009.36712328767","H5N1_Avian_CY063319_A/great crested-grebe/Qinghai/1/2009_China_2009/05/15_5 (NP)",5,"CY063319","A/great crested-grebe/Qinghai/1/2009","H5N1","Avian","ans","Wild","great crested-grebe","Asia","China","Qinghai","2009/05/15",2009.36712328767
"H5N1_Avian_ans_Wild_Asia_China_A/wild duck/Shandong/628/2011|2011.28219178082","H5N1_Avian_JX534566_A/wild duck/Shandong/628/2011_China_2011/04/14_5 (NP)",5,"JX534566","A/wild duck/Shandong/628/2011","H5N1","Avian","ans","Wild","wild duck","Asia","China","Shandong","2011/04/14",2011.28219178082
"H5N1_Avian_ans_Wild_Asia_China_A/swan/Shanghai/10/2009|2009.03835616438","H5N1_Avian_JF975562_A/swan/Shanghai/10/2009_China_2009/01/_5 (NP)",5,"JF975562","A/swan/Shanghai/10/2009","H5N1","Avian","ans","Wild","swan","Asia","China","Shanghai","2009/01/",2009.03835616438
"H5N1_Avian_ans_Wild_Europe_Slovenia_A/swan/Slovenia/760/2006|2006.45205479452","H5N1_Avian_CY017046_A/swan/Slovenia/760/2006_Slovenia_2006//_5 (NP)",5,"CY017046","A/swan/Slovenia/760/2006","H5N1","Avian","ans","Wild","swan","Europe","Slovenia","Slovenia","2006//",2006.45205479452
"H5N1_Avian_ans_Wild_Asia_South Korea_A/wild duck/Korea/SNU50-5/2009|2009.73698630137","H5N1_Avian_JX497769_A/wild duck/Korea/SNU50-5/2009_South Korea_2009/09/27_5 (NP)",5,"JX497769","A/wild duck/Korea/SNU50-5/2009","H5N1","Avian","ans","Wild","wild duck","Asia","South Korea","Korea","2009/09/27",2009.73698630137
"H5N1_Avian_ans_Wild_Asia_South Korea_A/mandarin duck/Korea/PSC24-24/2010|2010.98904109589","H5N1_Avian_JQ710450_A/mandarin duck/Korea/PSC24-24/2010_South Korea_2010/12/28_5 (NP)",5,"JQ710450","A/mandarin duck/Korea/PSC24-24/2010","H5N1","Avian","ans","Wild","mandarin duck","Asia","South Korea","Korea","2010/12/28",2010.98904109589
"H5N1_Avian_ans_Wild_Asia_Thailand_A/little grebe/Thailand/Phichit-01/2004|2004.45205479452","H5N1_Avian_DQ407246_A/little grebe/Thailand/Phichit-01/2004_Thailand_2004//_5 (NP)",5,"DQ407246","A/little grebe/Thailand/Phichit-01/2004","H5N1","Avian","ans","Wild","little grebe","Asia","Thailand","Thailand","2004//",2004.45205479452
"H5N1_Avian_ans_Wild_Asia_China_A/bar-headed goose/Tibet/8/2006|2006.45205479452","H5N1_Avian_HM172249_A/bar-headed goose/Tibet/8/2006_China_2006//_5 (NP)",5,"HM172249","A/bar-headed goose/Tibet/8/2006","H5N1","Avian","ans","Wild","bar-headed goose","Asia","China","Tibet","2006//",2006.45205479452
"H5N1_Avian_ans_Wild_Asia_Russia_A/grebe/Tyva/Tyv06-2/06|2006.47671232877","H5N1_Avian_DQ852602_A/grebe/Tyva/Tyv06-2/06_Russia_2006/06/24_5 (NP)",5,"DQ852602","A/grebe/Tyva/Tyv06-2/06","H5N1","Avian","ans","Wild","grebe","Asia","Russia","Tyva","2006/06/24",2006.47671232877
"H5N1_Avian_ans_Wild_Asia_Russia_A/grebe/Tyva/3/2009|2009.47123287671","H5N1_Avian_GQ386144_A/grebe/Tyva/3/2009_Russia_2009/06/22_5 (NP)",5,"GQ386144","A/grebe/Tyva/3/2009","H5N1","Avian","ans","Wild","grebe","Asia","Russia","Tyva","2009/06/22",2009.47123287671
"H5N1_Avian_ans_Wild_Asia_Russia_A/grebe/Tyva/2/2010|2010.47123287671","H5N1_Avian_HQ630839_A/grebe/Tyva/2/2010_Russia_2010/06/22_5 (NP)",5,"HQ630839","A/grebe/Tyva/2/2010","H5N1","Avian","ans","Wild","grebe","Asia","Russia","Tyva","2010/06/22",2010.47123287671
"H5N1_Avian_cic_Wild_Asia_Cambodia_A/marabou stork/Cambodia/TM068/2011|2011.53150684932","H5N1_Avian_JQ701713_A/marabou stork/Cambodia/TM068/2011_Cambodia_2011/07/14_5 (NP)",5,"JQ701713","A/marabou stork/Cambodia/TM068/2011","H5N1","Avian","cic","Wild","marabou stork","Asia","Cambodia","Cambodia","2011/07/14",2011.53150684932
"H5N1_Avian_cic_Wild_Asia_Thailand_A/openbill stork/Thailand/VSMU-4-NSN/2004|2004.09589041096","H5N1_Avian_HM627914_A/openbill stork/Thailand/VSMU-4-NSN/2004_Thailand_2004/02/05_5 (NP)",5,"HM627914","A/openbill stork/Thailand/VSMU-4-NSN/2004","H5N1","Avian","cic","Wild","openbill stork","Asia","Thailand","Thailand","2004/02/05",2004.09589041096
"H5N1_Avian_cic_Wild_Asia_Thailand_A/open-billed stork/Nakhonsawan/BBD3616M/05|2005.45205479452","H5N1_Avian_EF112315_A/open-billed stork/Nakhonsawan/BBD3616M/05_Thailand_2005//_5 (NP)",5,"EF112315","A/open-billed stork/Nakhonsawan/BBD3616M/05","H5N1","Avian","cic","Wild","open-billed stork","Asia","Thailand","Nakhonsawan","2005//",2005.45205479452
"H5N1_Avian_fal_Wild_Asia_Hong Kong_A/peregrine falcon/Hong Kong/2142/2008|2008.45205479452","H5N1_Avian_CY036270_A/peregrine falcon/Hong Kong/2142/2008_Hong Kong_2008//_5 (NP)",5,"CY036270","A/peregrine falcon/Hong Kong/2142/2008","H5N1","Avian","fal","Wild","peregrine falcon","Asia","Hong Kong","Hong Kong","2008//",2008.45205479452
"H5N1_Avian_fal_Wild_Asia_Japan_A/peregrine falcon/Aomori/7/2011|2011.2","H5N1_Avian_AB629714_A/peregrine falcon/Aomori/7/2011_Japan_2011/03/15_5 (NP)",5,"AB629714","A/peregrine falcon/Aomori/7/2011","H5N1","Avian","fal","Wild","peregrine falcon","Asia","Japan","Aomori","2011/03/15",2011.2
"H5N1_Avian_fal_Wild_Asia_Kuwait_A/saker falcon/Kuwait/0286/2007|2007.45205479452","H5N1_Avian_EU700509_A/saker falcon/Kuwait/0286/2007_Kuwait_2007//_5 (NP)",5,"EU700509","A/saker falcon/Kuwait/0286/2007","H5N1","Avian","fal","Wild","saker falcon","Asia","Kuwait","Kuwait","2007//",2007.45205479452
"H5N1_Avian_fal_Wild_Asia_Saudi Arabia_A/falcon/Saudi Arabia/D1795/2005|2005.45205479452","H5N1_Avian_EU748904_A/falcon/Saudi Arabia/D1795/2005_Saudi Arabia_2005//_5 (NP)",5,"EU748904","A/falcon/Saudi Arabia/D1795/2005","H5N1","Avian","fal","Wild","falcon","Asia","Saudi Arabia","Saudi Arabia","2005//",2005.45205479452
"H5N1_Avian_fal_Wild_Asia_Saudi Arabia_A/falcon/Saudi Arabia/D1936/2007|2007.45205479452","H5N1_Avian_CY035242_A/falcon/Saudi Arabia/D1936/2007_Saudi Arabia_2007//_5 (NP)",5,"CY035242","A/falcon/Saudi Arabia/D1936/2007","H5N1","Avian","fal","Wild","falcon","Asia","Saudi Arabia","Saudi Arabia","2007//",2007.45205479452
"H5N1_Avian_gru_Wild_Asia_Japan_A/hooded crane/Kagoshima/4612J004/2010|2010.45205479452","H5N1_Avian_AB760272_A/hooded crane/Kagoshima/4612J004/2010_Japan_2010//_5 (NP)",5,"AB760272","A/hooded crane/Kagoshima/4612J004/2010","H5N1","Avian","gru","Wild","hooded crane","Asia","Japan","Kagoshima","2010//",2010.45205479452
"H5N1_Avian_gru_Wild_Asia_Japan_A/hooded crane/Kagoshima/110214-3/2011|2011.45205479452","H5N1_Avian_AB760280_A/hooded crane/Kagoshima/110214-3/2011_Japan_2011//_5 (NP)",5,"AB760280","A/hooded crane/Kagoshima/110214-3/2011","H5N1","Avian","gru","Wild","hooded crane","Asia","Japan","Kagoshima","2011//",2011.45205479452
"H5N1_Avian_pas_Wild_Asia_Hong Kong_A/magpie robin/Hong Kong/1097/2008|2008.45205479452","H5N1_Avian_CY036254_A/magpie robin/Hong Kong/1097/2008_Hong Kong_2008//_5 (NP)",5,"CY036254","A/magpie robin/Hong Kong/1097/2008","H5N1","Avian","pas","Wild","magpie robin","Asia","Hong Kong","Hong Kong","2008//",2008.45205479452
"H5N1_Avian_pas_Wild_Asia_Japan_A/crow/Osaka/102/2004|2004.45205479452","H5N1_Avian_AB189062_A/crow/Osaka/102/2004_Japan_2004//_5 (NP)",5,"AB189062","A/crow/Osaka/102/2004","H5N1","Avian","pas","Wild","crow","Asia","Japan","Osaka","2004//",2004.45205479452
"H5N1_Avian_pas_Wild_Asia_Laos_A/pigeon/Laos/P0022/2007|2007.45205479452","H5N1_Avian_CY040900_A/pigeon/Laos/P0022/2007_Laos_2007//_5 (NP)",5,"CY040900","A/pigeon/Laos/P0022/2007","H5N1","Avian","pas","Wild","pigeon","Asia","Laos","Laos","2007//",2007.45205479452
"H5N1_Avian_pas_Wild_Asia_China_A/pied magpie/Liaoning/7/2006|2006.45205479452","H5N1_Avian_HM172468_A/pied magpie/Liaoning/7/2006_China_2006//_5 (NP)",5,"HM172468","A/pied magpie/Liaoning/7/2006","H5N1","Avian","pas","Wild","pied magpie","Asia","China","Liaoning","2006//",2006.45205479452
"H5N1_Avian_pas_Wild_Asia_Russia_A/pigeon/Rostov-on-Don/6/2007|2007.95068493151","H5N1_Avian_EU441933_A/pigeon/Rostov-on-Don/6/2007_Russia_2007/12/14_5 (NP)",5,"EU441933","A/pigeon/Rostov-on-Don/6/2007","H5N1","Avian","pas","Wild","pigeon","Asia","Russia","Rostov-on-Don","2007/12/14",2007.95068493151
"H5N1_Avian_pas_Wild_Asia_Thailand_A/pigeon/Thailand/VSMU-7-NPT/2004|2004.45205479452","H5N1_Avian_AB576203_A/pigeon/Thailand/VSMU-7-NPT/2004_Thailand_2004//_5 (NP)",5,"AB576203","A/pigeon/Thailand/VSMU-7-NPT/2004","H5N1","Avian","pas","Wild","pigeon","Asia","Thailand","Thailand","2004//",2004.45205479452
"H5N1_Avian_pas_Wild_Asia_Thailand_A/tree sparrow/Rachaburi/VSMU-16-RBR/2005|2005.45205479452","H5N1_Avian_AB450595_A/tree sparrow/Rachaburi/VSMU-16-RBR/2005_Thailand_2005//_5 (NP)",5,"AB450595","A/tree sparrow/Rachaburi/VSMU-16-RBR/2005","H5N1","Avian","pas","Wild","tree sparrow","Asia","Thailand","Rachaburi","2005//",2005.45205479452
"H5N1_Avian_pas_Wild_Asia_China_A/shrike/Tibet/13/2006|2006.45205479452","H5N1_Avian_HM172222_A/shrike/Tibet/13/2006_China_2006//_5 (NP)",5,"HM172222","A/shrike/Tibet/13/2006","H5N1","Avian","pas","Wild","shrike","Asia","China","Tibet","2006//",2006.45205479452
"H5N1_Avian_pel_Wild_Asia_Hong Kong_A/egret/Hong Kong/757.2/2003|2003.45205479452","H5N1_Avian_AY676038_A/egret/Hong Kong/757.2/2003_Hong Kong_2003//_5 (NP)",5,"AY676038","A/egret/Hong Kong/757.2/2003","H5N1","Avian","pel","Wild","egret","Asia","Hong Kong","Hong Kong","2003//",2003.45205479452
"H5N1_Avian_pel_Wild_Asia_Hong Kong_A/little egret/Hong Kong/8550/2007|2007.45205479452","H5N1_Avian_CY036198_A/little egret/Hong Kong/8550/2007_Hong Kong_2007//_5 (NP)",5,"CY036198","A/little egret/Hong Kong/8550/2007","H5N1","Avian","pel","Wild","little egret","Asia","Hong Kong","Hong Kong","2007//",2007.45205479452
"H5N1_Avian_pel_Wild_Asia_Hong Kong_A/grey heron/Hong Kong/1046/2008|2008.45205479452","H5N1_Avian_CY036246_A/grey heron/Hong Kong/1046/2008_Hong Kong_2008//_5 (NP)",5,"CY036246","A/grey heron/Hong Kong/1046/2008","H5N1","Avian","pel","Wild","grey heron","Asia","Hong Kong","Hong Kong","2008//",2008.45205479452
"H5N1_Avian_pel_Wild_Asia_China_A/great cormorant/Tibet/12/2006|2006.45205479452","H5N1_Avian_HM172253_A/great cormorant/Tibet/12/2006_China_2006//_5 (NP)",5,"HM172253","A/great cormorant/Tibet/12/2006","H5N1","Avian","pel","Wild","great cormorant","Asia","China","Tibet","2006//",2006.45205479452
"H5N1_Avian_psi_Wild_Asia_China_A/parrot/Guangdong/C99/2005|2005.08493150685","H5N1_Avian_JX013490_A/parrot/Guangdong/C99/2005_China_2005/02/01_5 (NP)",5,"JX013490","A/parrot/Guangdong/C99/2005","H5N1","Avian","psi","Wild","parrot","Asia","China","Guangdong","2005/02/01",2005.08493150685
"H5N1_Avian_str_Wild_Africa_Nigeria_A/ostrich/Nigeria/1047-25/2006|2006.45205479452","H5N1_Avian_CY016918_A/ostrich/Nigeria/1047-25/2006_Nigeria_2006//_5 (NP)",5,"CY016918","A/ostrich/Nigeria/1047-25/2006","H5N1","Avian","str","Wild","ostrich","Africa","Nigeria","Nigeria","2006//",2006.45205479452
"H5N1_Avian_str_Wild_Asia_China_A/ostrich/Suzhou/097/2003|2003.28767123288","H5N1_Avian_JF732744_A/ostrich/Suzhou/097/2003_China_2003/04/16_5 (NP)",5,"JF732744","A/ostrich/Suzhou/097/2003","H5N1","Avian","str","Wild","ostrich","Asia","China","Suzhou","2003/04/16",2003.28767123288
