"SequenceName","OriginalName","segNumber","accn","isName","subtype","host","birdOrder","wildDomestic","bird","continent","country","place","dateTxt","decDate"
"H5N1_Avian_ans_Domestic_Asia_China_A/duck/Anhui/56/2005|2005.45205479452","H5N1_Avian_HM172107_A/duck/Anhui/56/2005_China_2005//_4 (HA)",4,"HM172107","A/duck/Anhui/56/2005","H5N1","Avian","ans","Domestic","duck","Asia","China","Anhui","2005//",2005.45205479452
"H5N1_Avian_ans_Domestic_Asia_China_A/duck/Anhui/1/06|2006.45205479452","H5N1_Avian_HM172115_A/duck/Anhui/1/06_China_2006//_4 (HA)",4,"HM172115","A/duck/Anhui/1/06","H5N1","Avian","ans","Domestic","duck","Asia","China","Anhui","2006//",2006.45205479452
"H5N1_Avian_ans_Domestic_Asia_Cambodia_A/duck/Cambodia/D14AL/2006|2006.09315068493","H5N1_Avian_HQ200450_A/duck/Cambodia/D14AL/2006_Cambodia_2006/02/04_4 (HA)",4,"HQ200450","A/duck/Cambodia/D14AL/2006","H5N1","Avian","ans","Domestic","duck","Asia","Cambodia","Cambodia","2006/02/04",2006.09315068493
"H5N1_Avian_ans_Domestic_Asia_China_A/duck/China/E319-2/03|2003.45205479452","H5N1_Avian_AY518362_A/duck/China/E319-2/03_China_2003//_4 (HA)",4,"AY518362","A/duck/China/E319-2/03","H5N1","Avian","ans","Domestic","duck","Asia","China","China","2003//",2003.45205479452
"H5N1_Avian_ans_Domestic_Africa_Cote dIvoire_A/duck/Cote d'Ivoire/1787-18/2006|2006.45205479452","H5N1_Avian_CY016803_A/duck/Cote d'Ivoire/1787-18/2006_Cote dIvoire_2006//_4 (HA)",4,"CY016803","A/duck/Cote d'Ivoire/1787-18/2006","H5N1","Avian","ans","Domestic","duck","Africa","Cote dIvoire","Cote d'Ivoire","2006//",2006.45205479452
"H5N1_Avian_ans_Domestic_Asia_China_A/duck/Eastern China/108/2008|2008.95342465753","H5N1_Avian_GU727669_A/duck/Eastern China/108/2008_China_2008/12/15_4 (HA)",4,"GU727669","A/duck/Eastern China/108/2008","H5N1","Avian","ans","Domestic","duck","Asia","China","Eastern China","2008/12/15",2008.95342465753
"H5N1_Avian_ans_Domestic_Asia_China_A/duck/Eastern China/909/2009|2009.03835616438","H5N1_Avian_GU727677_A/duck/Eastern China/909/2009_China_2009/01/15_4 (HA)",4,"GU727677","A/duck/Eastern China/909/2009","H5N1","Avian","ans","Domestic","duck","Asia","China","Eastern China","2009/01/15",2009.03835616438
"H5N1_Avian_ans_Domestic_Africa_Egypt_A/duck/Egypt/2253-3/2006|2006.45205479452","H5N1_Avian_CY016899_A/duck/Egypt/2253-3/2006_Egypt_2006//_4 (HA)",4,"CY016899","A/duck/Egypt/2253-3/2006","H5N1","Avian","ans","Domestic","duck","Africa","Egypt","Egypt","2006//",2006.45205479452
"H5N1_Avian_ans_Domestic_Africa_Egypt_A/duck/Egypt/D2br10/2007|2007.03835616438","H5N1_Avian_AB465593_A/duck/Egypt/D2br10/2007_Egypt_2007/01/_4 (HA)",4,"AB465593","A/duck/Egypt/D2br10/2007","H5N1","Avian","ans","Domestic","duck","Africa","Egypt","Egypt","2007/01/",2007.03835616438
"H5N1_Avian_ans_Domestic_Africa_Egypt_A/duck/Egypt/0871/2008|2008.13698630137","H5N1_Avian_CY044040_A/duck/Egypt/0871/2008_Egypt_2008/02/20_4 (HA)",4,"CY044040","A/duck/Egypt/0871/2008","H5N1","Avian","ans","Domestic","duck","Africa","Egypt","Egypt","2008/02/20",2008.13698630137
"H5N1_Avian_ans_Domestic_Africa_Egypt_A/duck/El Fayoum/CAI1/2010|2010.16164383562","H5N1_Avian_CY126096_A/duck/El Fayoum/CAI1/2010_Egypt_2010/03/01_4 (HA)",4,"CY126096","A/duck/El Fayoum/CAI1/2010","H5N1","Avian","ans","Domestic","duck","Africa","Egypt","El Fayoum","2010/03/01",2010.16164383562
"H5N1_Avian_ans_Domestic_Europe_France_A/duck/France/05066b/2005|2005.45205479452","H5N1_Avian_AJ971297_A/duck/France/05066b/2005_France_2005//_4 (HA)",4,"AJ971297","A/duck/France/05066b/2005","H5N1","Avian","ans","Domestic","duck","Europe","France","France","2005//",2005.45205479452
"H5N1_Avian_ans_Domestic_Asia_China_A/goose/Fujian/bb/2003|2003.45205479452","H5N1_Avian_DQ997405_A/goose/Fujian/bb/2003_China_2003//_4 (HA)",4,"DQ997405","A/goose/Fujian/bb/2003","H5N1","Avian","ans","Domestic","goose","Asia","China","Fujian","2003//",2003.45205479452
"H5N1_Avian_ans_Domestic_Europe_Germany_A/domestic duck/Germany/R1779/2007|2007.45205479452","H5N1_Avian_AM914021_A/domestic duck/Germany/R1779/2007_Germany_2007//_4 (HA)",4,"AM914021","A/domestic duck/Germany/R1779/2007","H5N1","Avian","ans","Domestic","domestic duck","Europe","Germany","Germany","2007//",2007.45205479452
"H5N1_Avian_ans_Domestic_Asia_China_A/goose/Guangdong/1/1996|1996.45205479452","H5N1_Avian_AF144305_A/goose/Guangdong/1/1996_China_1996//_4 (HA)",4,"AF144305","A/goose/Guangdong/1/1996","H5N1","Avian","ans","Domestic","goose","Asia","China","Guangdong","1996//",1996.45205479452
"H5N1_Avian_ans_Domestic_Asia_China_A/goose/Guangdong/3/1997|1997.45205479452","H5N1_Avian_AF364334_A/goose/Guangdong/3/1997_China_1997//_4 (HA)",4,"AF364334","A/goose/Guangdong/3/1997","H5N1","Avian","ans","Domestic","goose","Asia","China","Guangdong","1997//",1997.45205479452
"H5N1_Avian_ans_Domestic_Asia_China_A/goose/Guangdong/xb/2001|2001.45205479452","H5N1_Avian_DQ997522_A/goose/Guangdong/xb/2001_China_2001//_4 (HA)",4,"DQ997522","A/goose/Guangdong/xb/2001","H5N1","Avian","ans","Domestic","goose","Asia","China","Guangdong","2001//",2001.45205479452
"H5N1_Avian_ans_Domestic_Asia_China_A/duck/Guangdong/173/04|2004.45205479452","H5N1_Avian_AY737304_A/duck/Guangdong/173/04_China_2004//_4 (HA)",4,"AY737304","A/duck/Guangdong/173/04","H5N1","Avian","ans","Domestic","duck","Asia","China","Guangdong","2004//",2004.45205479452
"H5N1_Avian_ans_Domestic_Asia_China_A/duck/Guangxi/xa/2001|2001.45205479452","H5N1_Avian_DQ997513_A/duck/Guangxi/xa/2001_China_2001//_4 (HA)",4,"DQ997513","A/duck/Guangxi/xa/2001","H5N1","Avian","ans","Domestic","duck","Asia","China","Guangxi","2001//",2001.45205479452
"H5N1_Avian_ans_Domestic_Asia_China_A/duck/Guangxi/12/2003|2003.45205479452","H5N1_Avian_EU263345_A/duck/Guangxi/12/2003_China_2003//_4 (HA)",4,"EU263345","A/duck/Guangxi/12/2003","H5N1","Avian","ans","Domestic","duck","Asia","China","Guangxi","2003//",2003.45205479452
"H5N1_Avian_ans_Domestic_Asia_China_A/duck/Guangxi/13/2004|2004.45205479452","H5N1_Avian_DQ366338_A/duck/Guangxi/13/2004_China_2004//_4 (HA)",4,"DQ366338","A/duck/Guangxi/13/2004","H5N1","Avian","ans","Domestic","duck","Asia","China","Guangxi","2004//",2004.45205479452
"H5N1_Avian_ans_Domestic_Asia_Hong Kong_A/Duck/Hong Kong/380.5/2001|2001.45205479452","H5N1_Avian_AY075033_A/Duck/Hong Kong/380.5/2001_Hong Kong_2001//_4 (HA)",4,"AY075033","A/Duck/Hong Kong/380.5/2001","H5N1","Avian","ans","Domestic","Duck","Asia","Hong Kong","Hong Kong","2001//",2001.45205479452
"H5N1_Avian_ans_Domestic_Asia_Hong Kong_A/duck/Hong Kong/821/2002|2002.45205479452","H5N1_Avian_AY676033_A/duck/Hong Kong/821/2002_Hong Kong_2002//_4 (HA)",4,"AY676033","A/duck/Hong Kong/821/2002","H5N1","Avian","ans","Domestic","duck","Asia","Hong Kong","Hong Kong","2002//",2002.45205479452
"H5N1_Avian_ans_Domestic_Asia_China_A/duck/Hubei/wp/2003|2003.45205479452","H5N1_Avian_DQ997163_A/duck/Hubei/wp/2003_China_2003//_4 (HA)",4,"DQ997163","A/duck/Hubei/wp/2003","H5N1","Avian","ans","Domestic","duck","Asia","China","Hubei","2003//",2003.45205479452
"H5N1_Avian_ans_Domestic_Asia_China_A/duck/Hubei/49/2005|2005.45205479452","H5N1_Avian_HM172071_A/duck/Hubei/49/2005_China_2005//_4 (HA)",4,"HM172071","A/duck/Hubei/49/2005","H5N1","Avian","ans","Domestic","duck","Asia","China","Hubei","2005//",2005.45205479452
"H5N1_Avian_ans_Domestic_Asia_China_A/duck/Hubei/Hangmei01/2006|2006.45205479452","H5N1_Avian_EU594349_A/duck/Hubei/Hangmei01/2006_China_2006//_4 (HA)",4,"EU594349","A/duck/Hubei/Hangmei01/2006","H5N1","Avian","ans","Domestic","duck","Asia","China","Hubei","2006//",2006.45205479452
"H5N1_Avian_ans_Domestic_Asia_China_A/duck/Hubei/2911/2007|2007.07671232877","H5N1_Avian_FJ784852_A/duck/Hubei/2911/2007_China_2007/01/29_4 (HA)",4,"FJ784852","A/duck/Hubei/2911/2007","H5N1","Avian","ans","Domestic","duck","Asia","China","Hubei","2007/01/29",2007.07671232877
"H5N1_Avian_ans_Domestic_Asia_China_A/duck/Hunan/69/2004|2004.45205479452","H5N1_Avian_HM172098_A/duck/Hunan/69/2004_China_2004//_4 (HA)",4,"HM172098","A/duck/Hunan/69/2004","H5N1","Avian","ans","Domestic","duck","Asia","China","Hunan","2004//",2004.45205479452
"H5N1_Avian_ans_Domestic_Asia_China_A/domestic green-winged teal/Hunan/67/2005|2005.45205479452","H5N1_Avian_EU430496_A/domestic green-winged teal/Hunan/67/2005_China_2005//_4 (HA)",4,"EU430496","A/domestic green-winged teal/Hunan/67/2005","H5N1","Avian","ans","Domestic","domestic green-winged teal","Asia","China","Hunan","2005//",2005.45205479452
"H5N1_Avian_ans_Domestic_Asia_China_A/domestic green-winged teal/Hunan/3450/2006|2006.20273972603","H5N1_Avian_KC690156_A/domestic green-winged teal/Hunan/3450/2006_China_2006/03/16_4 (HA)",4,"KC690156","A/domestic green-winged teal/Hunan/3450/2006","H5N1","Avian","ans","Domestic","domestic green-winged teal","Asia","China","Hunan","2006/03/16",2006.20273972603
"H5N1_Avian_ans_Domestic_Asia_China_A/duck/Hunan/3/2007|2007.78630136986","H5N1_Avian_GU182150_A/duck/Hunan/3/2007_China_2007/10/_4 (HA)",4,"GU182150","A/duck/Hunan/3/2007","H5N1","Avian","ans","Domestic","duck","Asia","China","Hunan","2007/10/",2007.78630136986
"H5N1_Avian_ans_Domestic_Asia_China_A/duck/Hunan/8/2008|2008.87123287671","H5N1_Avian_GU182166_A/duck/Hunan/8/2008_China_2008/11/_4 (HA)",4,"GU182166","A/duck/Hunan/8/2008","H5N1","Avian","ans","Domestic","duck","Asia","China","Hunan","2008/11/",2008.87123287671
"H5N1_Avian_ans_Domestic_Asia_China_A/duck/Hunan/S4030/2011|2011.85479452055","H5N1_Avian_CY146644_A/duck/Hunan/S4030/2011_China_2011/11/09_4 (HA)",4,"CY146644","A/duck/Hunan/S4030/2011","H5N1","Avian","ans","Domestic","duck","Asia","China","Hunan","2011/11/09",2011.85479452055
"H5N1_Avian_ans_Domestic_Europe_Hungary_A/goose/Hungary/14756/2006|2006.42739726027","H5N1_Avian_FJ445242_A/goose/Hungary/14756/2006_Hungary_2006/06/06_4 (HA)",4,"FJ445242","A/goose/Hungary/14756/2006","H5N1","Avian","ans","Domestic","goose","Europe","Hungary","Hungary","2006/06/06",2006.42739726027
"H5N1_Avian_ans_Domestic_Asia_India_A/duck/Tripura/103597/2008|2008.28493150685","H5N1_Avian_GU252822_A/duck/Tripura/103597/2008_India_2008/04/_4 (HA)",4,"GU252822","A/duck/Tripura/103597/2008","H5N1","Avian","ans","Domestic","duck","Asia","India","Tripura","2008/04/",2008.28493150685
"H5N1_Avian_ans_Domestic_Asia_Indonesia_A/duck/East Java/UT1107/2004|2004.64657534247","H5N1_Avian_GQ122390_A/duck/East Java/UT1107/2004_Indonesia_2004/08/25_4 (HA)",4,"GQ122390","A/duck/East Java/UT1107/2004","H5N1","Avian","ans","Domestic","duck","Asia","Indonesia","East Java","2004/08/25",2004.64657534247
"H5N1_Avian_ans_Domestic_Asia_Japan_A/duck/Yokohama/aq10/2003|2003.45205479452","H5N1_Avian_AB212280_A/duck/Yokohama/aq10/2003_Japan_2003//_4 (HA)",4,"AB212280","A/duck/Yokohama/aq10/2003","H5N1","Avian","ans","Domestic","duck","Asia","Japan","Yokohama","2003//",2003.45205479452
"H5N1_Avian_ans_Domestic_Asia_Japan_A/duck/Hokkaido/WZ101/2010|2010.78356164384","H5N1_Avian_AB612909_A/duck/Hokkaido/WZ101/2010_Japan_2010/10/14_4 (HA)",4,"AB612909","A/duck/Hokkaido/WZ101/2010","H5N1","Avian","ans","Domestic","duck","Asia","Japan","Hokkaido","2010/10/14",2010.78356164384
"H5N1_Avian_ans_Domestic_Asia_China_A/goose/Jiangsu/k0403/2010|2010.1095890411","H5N1_Avian_JQ638674_A/goose/Jiangsu/k0403/2010_China_2010/02/10_4 (HA)",4,"JQ638674","A/goose/Jiangsu/k0403/2010","H5N1","Avian","ans","Domestic","goose","Asia","China","Jiangsu","2010/02/10",2010.1095890411
"H5N1_Avian_ans_Domestic_Asia_China_A/duck/Jiangxi/80/2005|2005.45205479452","H5N1_Avian_HM172100_A/duck/Jiangxi/80/2005_China_2005//_4 (HA)",4,"HM172100","A/duck/Jiangxi/80/2005","H5N1","Avian","ans","Domestic","duck","Asia","China","Jiangxi","2005//",2005.45205479452
"H5N1_Avian_ans_Domestic_Asia_China_A/goose/Jilin/hb/2003|2003.45205479452","H5N1_Avian_DQ997276_A/goose/Jilin/hb/2003_China_2003//_4 (HA)",4,"DQ997276","A/goose/Jilin/hb/2003","H5N1","Avian","ans","Domestic","goose","Asia","China","Jilin","2003//",2003.45205479452
"H5N1_Avian_ans_Domestic_Asia_Russia_A/goose/Krasnoozerskoye/627/2005|2005.45205479452","H5N1_Avian_EF205157_A/goose/Krasnoozerskoye/627/2005_Russia_2005//_4 (HA)",4,"EF205157","A/goose/Krasnoozerskoye/627/2005","H5N1","Avian","ans","Domestic","goose","Asia","Russia","Krasnoozerskoye","2005//",2005.45205479452
"H5N1_Avian_ans_Domestic_Asia_Russia_A/duck/Kurgan/08/2005|2005.45205479452","H5N1_Avian_DQ449640_A/duck/Kurgan/08/2005_Russia_2005//_4 (HA)",4,"DQ449640","A/duck/Kurgan/08/2005","H5N1","Avian","ans","Domestic","duck","Asia","Russia","Kurgan","2005//",2005.45205479452
"H5N1_Avian_ans_Domestic_Asia_Laos_A/duck/Laos/25/2006|2006.45205479452","H5N1_Avian_CY041038_A/duck/Laos/25/2006_Laos_2006//_4 (HA)",4,"CY041038","A/duck/Laos/25/2006","H5N1","Avian","ans","Domestic","duck","Asia","Laos","Laos","2006//",2006.45205479452
"H5N1_Avian_ans_Domestic_Asia_Laos_A/duck/Laos/P0127/2007|2007.45205479452","H5N1_Avian_CY040910_A/duck/Laos/P0127/2007_Laos_2007//_4 (HA)",4,"CY040910","A/duck/Laos/P0127/2007","H5N1","Avian","ans","Domestic","duck","Asia","Laos","Laos","2007//",2007.45205479452
"H5N1_Avian_ans_Domestic_Asia_Laos_A/duck/Lao/9/2010|2010.2","H5N1_Avian_CY098325_A/duck/Lao/9/2010_Laos_2010/03/_4 (HA)",4,"CY098325","A/duck/Lao/9/2010","H5N1","Avian","ans","Domestic","duck","Asia","Laos","Lao","2010/03/",2010.2
"H5N1_Avian_ans_Domestic_Africa_Niger_A/duck/Niger/914/2006|2006.45205479452","H5N1_Avian_CY017027_A/duck/Niger/914/2006_Niger_2006//_4 (HA)",4,"CY017027","A/duck/Niger/914/2006","H5N1","Avian","ans","Domestic","duck","Africa","Niger","Niger","2006//",2006.45205479452
"H5N1_Avian_ans_Domestic_Asia_Russia_A/duck/Novosibirsk/56/2005|2005.45205479452","H5N1_Avian_DQ230522_A/duck/Novosibirsk/56/2005_Russia_2005//_4 (HA)",4,"DQ230522","A/duck/Novosibirsk/56/2005","H5N1","Avian","ans","Domestic","duck","Asia","Russia","Novosibirsk","2005//",2005.45205479452
"H5N1_Avian_ans_Domestic_Asia_Russia_A/duck/Omsk/1822/2006|2006.53424657534","H5N1_Avian_CY047475_A/duck/Omsk/1822/2006_Russia_2006/07/_4 (HA)",4,"CY047475","A/duck/Omsk/1822/2006","H5N1","Avian","ans","Domestic","duck","Asia","Russia","Omsk","2006/07/",2006.53424657534
"H5N1_Avian_ans_Domestic_Asia_Russia_A/muscovy duck/Rostov-on-Don/51/2007|2007.95342465753","H5N1_Avian_EU441929_A/muscovy duck/Rostov-on-Don/51/2007_Russia_2007/12/15_4 (HA)",4,"EU441929","A/muscovy duck/Rostov-on-Don/51/2007","H5N1","Avian","ans","Domestic","muscovy duck","Asia","Russia","Rostov-on-Don","2007/12/15",2007.95342465753
"H5N1_Avian_ans_Domestic_Asia_China_A/duck/Shandong/093/2004|2004.45205479452","H5N1_Avian_AY854190_A/duck/Shandong/093/2004_China_2004//_4 (HA)",4,"AY854190","A/duck/Shandong/093/2004","H5N1","Avian","ans","Domestic","duck","Asia","China","Shandong","2004//",2004.45205479452
"H5N1_Avian_ans_Domestic_Asia_China_A/duck/Shandong/009/2008|2008.95342465753","H5N1_Avian_GU596984_A/duck/Shandong/009/2008_China_2008/12/15_4 (HA)",4,"GU596984","A/duck/Shandong/009/2008","H5N1","Avian","ans","Domestic","duck","Asia","China","Shandong","2008/12/15",2008.95342465753
"H5N1_Avian_ans_Domestic_Asia_China_A/duck/Shanghai/xj/2002|2002.45205479452","H5N1_Avian_DQ997531_A/duck/Shanghai/xj/2002_China_2002//_4 (HA)",4,"DQ997531","A/duck/Shanghai/xj/2002","H5N1","Avian","ans","Domestic","duck","Asia","China","Shanghai","2002//",2002.45205479452
"H5N1_Avian_ans_Domestic_Asia_South Korea_A/duck/Korea/ESD1/03|2003.45205479452","H5N1_Avian_AY676036_A/duck/Korea/ESD1/03_South Korea_2003//_4 (HA)",4,"AY676036","A/duck/Korea/ESD1/03","H5N1","Avian","ans","Domestic","duck","Asia","South Korea","Korea","2003//",2003.45205479452
"H5N1_Avian_ans_Domestic_Asia_Russia_A/goose/Suzdalka/10/05|2005.45205479452","H5N1_Avian_EF205156_A/goose/Suzdalka/10/05_Russia_2005//_4 (HA)",4,"EF205156","A/goose/Suzdalka/10/05","H5N1","Avian","ans","Domestic","goose","Asia","Russia","Suzdalka","2005//",2005.45205479452
"H5N1_Avian_ans_Domestic_Asia_Thailand_A/duck/Ang Thong/71(2)/2004|2004.45205479452","H5N1_Avian_GU186648_A/duck/Ang Thong/71(2)/2004_Thailand_2004//_4 (HA)",4,"GU186648","A/duck/Ang Thong/71(2)/2004","H5N1","Avian","ans","Domestic","duck","Asia","Thailand","Ang Thong","2004//",2004.45205479452
"H5N1_Avian_ans_Domestic_Asia_Thailand_A/duck/Thailand/TS04/2006|2006.45205479452","H5N1_Avian_JQ794470_A/duck/Thailand/TS04/2006_Thailand_2006//_4 (HA)",4,"JQ794470","A/duck/Thailand/TS04/2006","H5N1","Avian","ans","Domestic","duck","Asia","Thailand","Thailand","2006//",2006.45205479452
"H5N1_Avian_ans_Domestic_Asia_Viet Nam_A/duck/Vietnam/942B/2004|2004.45205479452","H5N1_Avian_CY033177_A/duck/Vietnam/942B/2004_Viet Nam_2004//_4 (HA)",4,"CY033177","A/duck/Vietnam/942B/2004","H5N1","Avian","ans","Domestic","duck","Asia","Viet Nam","Vietnam","2004//",2004.45205479452
"H5N1_Avian_ans_Domestic_Asia_Viet Nam_A/duck/Vietnam/1/2005|2005.45205479452","H5N1_Avian_CY016827_A/duck/Vietnam/1/2005_Viet Nam_2005//_4 (HA)",4,"CY016827","A/duck/Vietnam/1/2005","H5N1","Avian","ans","Domestic","duck","Asia","Viet Nam","Vietnam","2005//",2005.45205479452
"H5N1_Avian_ans_Domestic_Asia_Viet Nam_A/Muscovy duck/Ca Mau/1185/2006|2006.98904109589","H5N1_Avian_JX420222_A/Muscovy duck/Ca Mau/1185/2006_Viet Nam_2006/12/28_4 (HA)",4,"JX420222","A/Muscovy duck/Ca Mau/1185/2006","H5N1","Avian","ans","Domestic","Muscovy duck","Asia","Viet Nam","Ca Mau","2006/12/28",2006.98904109589
"H5N1_Avian_ans_Domestic_Asia_Viet Nam_A/Muscovy duck/Ca Mau/07-04/2007|2007.45205479452","H5N1_Avian_GU186745_A/Muscovy duck/Ca Mau/07-04/2007_Viet Nam_2007//_4 (HA)",4,"GU186745","A/Muscovy duck/Ca Mau/07-04/2007","H5N1","Avian","ans","Domestic","Muscovy duck","Asia","Viet Nam","Ca Mau","2007//",2007.45205479452
"H5N1_Avian_ans_Domestic_Asia_Viet Nam_A/duck/Vietnam/G12/2008|2008.03835616438","H5N1_Avian_AB593447_A/duck/Vietnam/G12/2008_Viet Nam_2008/01/_4 (HA)",4,"AB593447","A/duck/Vietnam/G12/2008","H5N1","Avian","ans","Domestic","duck","Asia","Viet Nam","Vietnam","2008/01/",2008.03835616438
"H5N1_Avian_ans_Domestic_Asia_Viet Nam_A/muscovy duck/Vietnam/OIE-559/2011|2011.45205479452","H5N1_Avian_AB636524_A/muscovy duck/Vietnam/OIE-559/2011_Viet Nam_2011/06/_4 (HA)",4,"AB636524","A/muscovy duck/Vietnam/OIE-559/2011","H5N1","Avian","ans","Domestic","muscovy duck","Asia","Viet Nam","Vietnam","2011/06/",2011.45205479452
"H5N1_Avian_ans_Domestic_Asia_Viet Nam_A/duck/Soc Trang/8/2012|2012.66301369863","H5N1_Avian_AB819037_A/duck/Soc Trang/8/2012_Viet Nam_2012/08/31_4 (HA)",4,"AB819037","A/duck/Soc Trang/8/2012","H5N1","Avian","ans","Domestic","duck","Asia","Viet Nam","Soc Trang","2012/08/31",2012.66301369863
"H5N1_Avian_ans_Domestic_Asia_Viet Nam_A/muscovy duck/Quang Ninh/49/2013|2013.35068493151","H5N1_Avian_AB828693_A/muscovy duck/Quang Ninh/49/2013_Viet Nam_2013/05/09_4 (HA)",4,"AB828693","A/muscovy duck/Quang Ninh/49/2013","H5N1","Avian","ans","Domestic","muscovy duck","Asia","Viet Nam","Quang Ninh","2013/05/09",2013.35068493151
"H5N1_Avian_ans_Domestic_Asia_China_A/goose/Yunnan/3798/2006|2006.45205479452","H5N1_Avian_CY030905_A/goose/Yunnan/3798/2006_China_2006//_4 (HA)",4,"CY030905","A/goose/Yunnan/3798/2006","H5N1","Avian","ans","Domestic","goose","Asia","China","Yunnan","2006//",2006.45205479452
"H5N1_Avian_ans_Domestic_Asia_China_A/duck/Zhejiang/bj/2002|2002.45205479452","H5N1_Avian_DQ997410_A/duck/Zhejiang/bj/2002_China_2002//_4 (HA)",4,"DQ997410","A/duck/Zhejiang/bj/2002","H5N1","Avian","ans","Domestic","duck","Asia","China","Zhejiang","2002//",2002.45205479452
"H5N1_Avian_ans_Domestic_Asia_China_A/duck/Zhejiang/2243/2011|2011.12328767123","H5N1_Avian_JN646716_A/duck/Zhejiang/2243/2011_China_2011/02/_4 (HA)",4,"JN646716","A/duck/Zhejiang/2243/2011","H5N1","Avian","ans","Domestic","duck","Asia","China","Zhejiang","2011/02/",2011.12328767123
"H5N1_Avian_gal_Domestic_Asia_Afghanistan_A/chicken/Afghanistan/1573-92/2006|2006.45205479452","H5N1_Avian_CY020637_A/chicken/Afghanistan/1573-92/2006_Afghanistan_2006//_4 (HA)",4,"CY020637","A/chicken/Afghanistan/1573-92/2006","H5N1","Avian","gal","Domestic","chicken","Asia","Afghanistan","Afghanistan","2006//",2006.45205479452
"H5N1_Avian_gal_Domestic_Asia_China_A/chicken/Anhui/39/2004|2004.45205479452","H5N1_Avian_HM172095_A/chicken/Anhui/39/2004_China_2004//_4 (HA)",4,"HM172095","A/chicken/Anhui/39/2004","H5N1","Avian","gal","Domestic","chicken","Asia","China","Anhui","2004//",2004.45205479452
"H5N1_Avian_gal_Domestic_Asia_Bhutan_A/chicken/Bhutan/248015/2010|2010.13424657534","H5N1_Avian_CY063481_A/chicken/Bhutan/248015/2010_Bhutan_2010/02/19_4 (HA)",4,"CY063481","A/chicken/Bhutan/248015/2010","H5N1","Avian","gal","Domestic","chicken","Asia","Bhutan","Bhutan","2010/02/19",2010.13424657534
"H5N1_Avian_gal_Domestic_Asia_Cambodia_A/chicken/Cambodia/TKCMB5T/2010|2010.07397260274","H5N1_Avian_JN588815_A/chicken/Cambodia/TKCMB5T/2010_Cambodia_2010/01/28_4 (HA)",4,"JN588815","A/chicken/Cambodia/TKCMB5T/2010","H5N1","Avian","gal","Domestic","chicken","Asia","Cambodia","Cambodia","2010/01/28",2010.07397260274
"H5N1_Avian_gal_Domestic_Asia_Cambodia_A/chicken/Cambodia/083LC/2011|2011.68493150685","H5N1_Avian_JQ714235_A/chicken/Cambodia/083LC/2011_Cambodia_2011/09/08_4 (HA)",4,"JQ714235","A/chicken/Cambodia/083LC/2011","H5N1","Avian","gal","Domestic","chicken","Asia","Cambodia","Cambodia","2011/09/08",2011.68493150685
"H5N1_Avian_gal_Domestic_Africa_Cote dIvoire_A/turkey/Ivory Coast/4372-2/2006|2006.95342465753","H5N1_Avian_CY020693_A/turkey/Ivory Coast/4372-2/2006_Cote dIvoire_2006/12/_4 (HA)",4,"CY020693","A/turkey/Ivory Coast/4372-2/2006","H5N1","Avian","gal","Domestic","turkey","Africa","Cote dIvoire","Ivory Coast","2006/12/",2006.95342465753
"H5N1_Avian_gal_Domestic_Asia_Russia_A/chicken/Domodedovo/MK/2007|2007.03561643836","H5N1_Avian_FJ667188_A/chicken/Domodedovo/MK/2007_Russia_2007/01/14_4 (HA)",4,"FJ667188","A/chicken/Domodedovo/MK/2007","H5N1","Avian","gal","Domestic","chicken","Asia","Russia","Domodedovo","2007/01/14",2007.03561643836
"H5N1_Avian_gal_Domestic_Africa_Egypt_A/chicken/Egypt/2253-1/2006|2006.45205479452","H5N1_Avian_CY020645_A/chicken/Egypt/2253-1/2006_Egypt_2006//_4 (HA)",4,"CY020645","A/chicken/Egypt/2253-1/2006","H5N1","Avian","gal","Domestic","chicken","Africa","Egypt","Egypt","2006//",2006.45205479452
"H5N1_Avian_gal_Domestic_Africa_Egypt_A/chicken/Egypt/CL6/2007|2007.2","H5N1_Avian_AB465592_A/chicken/Egypt/CL6/2007_Egypt_2007/03/_4 (HA)",4,"AB465592","A/chicken/Egypt/CL6/2007","H5N1","Avian","gal","Domestic","chicken","Africa","Egypt","Egypt","2007/03/",2007.2
"H5N1_Avian_gal_Domestic_Africa_Egypt_A/chicken/Giza/CAI7/2008|2008.16164383562","H5N1_Avian_CY126128_A/chicken/Giza/CAI7/2008_Egypt_2008/03/01_4 (HA)",4,"CY126128","A/chicken/Giza/CAI7/2008","H5N1","Avian","gal","Domestic","chicken","Africa","Egypt","Giza","2008/03/01",2008.16164383562
"H5N1_Avian_gal_Domestic_Africa_Egypt_A/chicken/Sharkia/CAI3/2009|2009.66575342466","H5N1_Avian_CY126104_A/chicken/Sharkia/CAI3/2009_Egypt_2009/09/01_4 (HA)",4,"CY126104","A/chicken/Sharkia/CAI3/2009","H5N1","Avian","gal","Domestic","chicken","Africa","Egypt","Sharkia","2009/09/01",2009.66575342466
"H5N1_Avian_gal_Domestic_Africa_Egypt_A/chicken/Egypt/Q1185/2010|2010.45205479452","H5N1_Avian_FR687257_A/chicken/Egypt/Q1185/2010_Egypt_2010//_4 (HA)",4,"FR687257","A/chicken/Egypt/Q1185/2010","H5N1","Avian","gal","Domestic","chicken","Africa","Egypt","Egypt","2010//",2010.45205479452
"H5N1_Avian_gal_Domestic_Asia_China_A/chicken/Fujian/1/2007|2007.45205479452","H5N1_Avian_HM172096_A/chicken/Fujian/1/2007_China_2007//_4 (HA)",4,"HM172096","A/chicken/Fujian/1/2007","H5N1","Avian","gal","Domestic","chicken","Asia","China","Fujian","2007//",2007.45205479452
"H5N1_Avian_gal_Domestic_Asia_China_A/chicken/Gansu/44/2004|2004.45205479452","H5N1_Avian_HM172075_A/chicken/Gansu/44/2004_China_2004//_4 (HA)",4,"HM172075","A/chicken/Gansu/44/2004","H5N1","Avian","gal","Domestic","chicken","Asia","China","Gansu","2004//",2004.45205479452
"H5N1_Avian_gal_Domestic_Europe_Germany_A/chicken/Germany/R3294/2007|2007.45205479452","H5N1_Avian_FM177135_A/chicken/Germany/R3294/2007_Germany_2007//_4 (HA)",4,"FM177135","A/chicken/Germany/R3294/2007","H5N1","Avian","gal","Domestic","chicken","Europe","Germany","Germany","2007//",2007.45205479452
"H5N1_Avian_gal_Domestic_Asia_China_A/chicken/Guangdong/174/04|2004.45205479452","H5N1_Avian_AY609312_A/chicken/Guangdong/174/04_China_2004//_4 (HA)",4,"AY609312","A/chicken/Guangdong/174/04","H5N1","Avian","gal","Domestic","chicken","Asia","China","Guangdong","2004//",2004.45205479452
"H5N1_Avian_gal_Domestic_Asia_China_A/chicken/Guangdong/1/2005|2005.45205479452","H5N1_Avian_EU874899_A/chicken/Guangdong/1/2005_China_2005//_4 (HA)",4,"EU874899","A/chicken/Guangdong/1/2005","H5N1","Avian","gal","Domestic","chicken","Asia","China","Guangdong","2005//",2005.45205479452
"H5N1_Avian_gal_Domestic_Asia_China_A/chicken/Guangxi/12/2004|2004.45205479452","H5N1_Avian_DQ366330_A/chicken/Guangxi/12/2004_China_2004//_4 (HA)",4,"DQ366330","A/chicken/Guangxi/12/2004","H5N1","Avian","gal","Domestic","chicken","Asia","China","Guangxi","2004//",2004.45205479452
"H5N1_Avian_gal_Domestic_Asia_China_A/chicken/Guizhou/7/2008|2008.45205479452","H5N1_Avian_HM172079_A/chicken/Guizhou/7/2008_China_2008//_4 (HA)",4,"HM172079","A/chicken/Guizhou/7/2008","H5N1","Avian","gal","Domestic","chicken","Asia","China","Guizhou","2008//",2008.45205479452
"H5N1_Avian_gal_Domestic_Asia_China_A/chicken/Hebei/718/2001|2001.45205479452","H5N1_Avian_DQ343151_A/chicken/Hebei/718/2001_China_2001//_4 (HA)",4,"DQ343151","A/chicken/Hebei/718/2001","H5N1","Avian","gal","Domestic","chicken","Asia","China","Hebei","2001//",2001.45205479452
"H5N1_Avian_gal_Domestic_Asia_China_A/chicken/Hebei/108/02|2002.45205479452","H5N1_Avian_DQ343152_A/chicken/Hebei/108/02_China_2002//_4 (HA)",4,"DQ343152","A/chicken/Hebei/108/02","H5N1","Avian","gal","Domestic","chicken","Asia","China","Hebei","2002//",2002.45205479452
"H5N1_Avian_gal_Domestic_Asia_China_A/chicken/Hebei/102/2005|2005.45205479452","H5N1_Avian_EU243133_A/chicken/Hebei/102/2005_China_2005//_4 (HA)",4,"EU243133","A/chicken/Hebei/102/2005","H5N1","Avian","gal","Domestic","chicken","Asia","China","Hebei","2005//",2005.45205479452
"H5N1_Avian_gal_Domestic_Asia_China_A/chicken/Hebei/A-8/2009|2009.45205479452","H5N1_Avian_HM172081_A/chicken/Hebei/A-8/2009_China_2009//_4 (HA)",4,"HM172081","A/chicken/Hebei/A-8/2009","H5N1","Avian","gal","Domestic","chicken","Asia","China","Hebei","2009//",2009.45205479452
"H5N1_Avian_gal_Domestic_Asia_China_A/chicken/Henan/13/2004|2004.45205479452","H5N1_Avian_AY950233_A/chicken/Henan/13/2004_China_2004//_4 (HA)",4,"AY950233","A/chicken/Henan/13/2004","H5N1","Avian","gal","Domestic","chicken","Asia","China","Henan","2004//",2004.45205479452
"H5N1_Avian_gal_Domestic_Asia_China_A/chicken/Henan/A-7/2006|2006.45205479452","H5N1_Avian_HM172080_A/chicken/Henan/A-7/2006_China_2006//_4 (HA)",4,"HM172080","A/chicken/Henan/A-7/2006","H5N1","Avian","gal","Domestic","chicken","Asia","China","Henan","2006//",2006.45205479452
"H5N1_Avian_gal_Domestic_Asia_Hong Kong_A/chicken/Hong Kong/409.1/2002|2002.45205479452","H5N1_Avian_GU186672_A/chicken/Hong Kong/409.1/2002_Hong Kong_2002//_4 (HA)",4,"GU186672","A/chicken/Hong Kong/409.1/2002","H5N1","Avian","gal","Domestic","chicken","Asia","Hong Kong","Hong Kong","2002//",2002.45205479452
"H5N1_Avian_gal_Domestic_Asia_China_A/chicken/Huadong/4/2008|2008.95342465753","H5N1_Avian_HQ677023_A/chicken/Huadong/4/2008_China_2008/12/_4 (HA)",4,"HQ677023","A/chicken/Huadong/4/2008","H5N1","Avian","gal","Domestic","chicken","Asia","China","Huadong","2008/12/",2008.95342465753
"H5N1_Avian_gal_Domestic_Asia_China_A/chicken/Hubei/wj/1997|1997.45205479452","H5N1_Avian_DQ997122_A/chicken/Hubei/wj/1997_China_1997//_4 (HA)",4,"DQ997122","A/chicken/Hubei/wj/1997","H5N1","Avian","gal","Domestic","chicken","Asia","China","Hubei","1997//",1997.45205479452
"H5N1_Avian_gal_Domestic_Asia_China_A/chicken/Hubei/327/2004|2004.45205479452","H5N1_Avian_AY684706_A/chicken/Hubei/327/2004_China_2004//_4 (HA)",4,"AY684706","A/chicken/Hubei/327/2004","H5N1","Avian","gal","Domestic","chicken","Asia","China","Hubei","2004//",2004.45205479452
"H5N1_Avian_gal_Domestic_Asia_China_A/chicken/Hubei/2856/2007|2007.07671232877","H5N1_Avian_FJ784851_A/chicken/Hubei/2856/2007_China_2007/01/29_4 (HA)",4,"FJ784851","A/chicken/Hubei/2856/2007","H5N1","Avian","gal","Domestic","chicken","Asia","China","Hubei","2007/01/29",2007.07671232877
"H5N1_Avian_gal_Domestic_Asia_China_A/chicken/Hunan/41/2004|2004.45205479452","H5N1_Avian_HM172114_A/chicken/Hunan/41/2004_China_2004//_4 (HA)",4,"HM172114","A/chicken/Hunan/41/2004","H5N1","Avian","gal","Domestic","chicken","Asia","China","Hunan","2004//",2004.45205479452
"H5N1_Avian_gal_Domestic_Asia_China_A/chicken/Hunan/21/2005|2005.45205479452","H5N1_Avian_HM172112_A/chicken/Hunan/21/2005_China_2005//_4 (HA)",4,"HM172112","A/chicken/Hunan/21/2005","H5N1","Avian","gal","Domestic","chicken","Asia","China","Hunan","2005//",2005.45205479452
"H5N1_Avian_gal_Domestic_Asia_China_A/chicken/Hunan/3157/2006|2006.91232876712","H5N1_Avian_FJ784854_A/chicken/Hunan/3157/2006_China_2006/11/30_4 (HA)",4,"FJ784854","A/chicken/Hunan/3157/2006","H5N1","Avian","gal","Domestic","chicken","Asia","China","Hunan","2006/11/30",2006.91232876712
"H5N1_Avian_gal_Domestic_Asia_China_A/chicken/Hunan/3/2007|2007.78630136986","H5N1_Avian_GU182142_A/chicken/Hunan/3/2007_China_2007/10/_4 (HA)",4,"GU182142","A/chicken/Hunan/3/2007","H5N1","Avian","gal","Domestic","chicken","Asia","China","Hunan","2007/10/",2007.78630136986
"H5N1_Avian_gal_Domestic_Asia_China_A/chicken/Hunan/8/2008|2008.87123287671","H5N1_Avian_GU182158_A/chicken/Hunan/8/2008_China_2008/11/_4 (HA)",4,"GU182158","A/chicken/Hunan/8/2008","H5N1","Avian","gal","Domestic","chicken","Asia","China","Hunan","2008/11/",2008.87123287671
"H5N1_Avian_gal_Domestic_Asia_China_A/chicken/Hunan/1/2009|2009.45205479452","H5N1_Avian_HM172074_A/chicken/Hunan/1/2009_China_2009//_4 (HA)",4,"HM172074","A/chicken/Hunan/1/2009","H5N1","Avian","gal","Domestic","chicken","Asia","China","Hunan","2009//",2009.45205479452
"H5N1_Avian_gal_Domestic_Asia_India_A/chicken/Nandurbar/7979/2006|2006.12328767123","H5N1_Avian_GU354065_A/chicken/Nandurbar/7979/2006_India_2006/02/_4 (HA)",4,"GU354065","A/chicken/Nandurbar/7979/2006","H5N1","Avian","gal","Domestic","chicken","Asia","India","Nandurbar","2006/02/",2006.12328767123
"H5N1_Avian_gal_Domestic_Asia_India_A/chicken/India/82544/2008|2008.05753424658","H5N1_Avian_CY111081_A/chicken/India/82544/2008_India_2008/01/22_4 (HA)",4,"CY111081","A/chicken/India/82544/2008","H5N1","Avian","gal","Domestic","chicken","Asia","India","India","2008/01/22",2008.05753424658
"H5N1_Avian_gal_Domestic_Asia_India_A/chicken/West Bengal/193936/2009|2009.36712328767","H5N1_Avian_GU272006_A/chicken/West Bengal/193936/2009_India_2009/05/_4 (HA)",4,"GU272006","A/chicken/West Bengal/193936/2009","H5N1","Avian","gal","Domestic","chicken","Asia","India","West Bengal","2009/05/",2009.36712328767
"H5N1_Avian_gal_Domestic_Asia_India_A/chicken/West Bengal/239020/2010|2010.0301369863","H5N1_Avian_CY061294_A/chicken/West Bengal/239020/2010_India_2010/01/12_4 (HA)",4,"CY061294","A/chicken/West Bengal/239020/2010","H5N1","Avian","gal","Domestic","chicken","Asia","India","West Bengal","2010/01/12",2010.0301369863
"H5N1_Avian_gal_Domestic_Asia_India_A/chicken/India/CA0302/2011|2011.17534246575","H5N1_Avian_CY089474_A/chicken/India/CA0302/2011_India_2011/03/06_4 (HA)",4,"CY089474","A/chicken/India/CA0302/2011","H5N1","Avian","gal","Domestic","chicken","Asia","India","India","2011/03/06",2011.17534246575
"H5N1_Avian_gal_Domestic_Asia_Indonesia_A/chicken/East Java/UT1006/2003|2003.87123287671","H5N1_Avian_GQ122385_A/chicken/East Java/UT1006/2003_Indonesia_2003/11/15_4 (HA)",4,"GQ122385","A/chicken/East Java/UT1006/2003","H5N1","Avian","gal","Domestic","chicken","Asia","Indonesia","East Java","2003/11/15",2003.87123287671
"H5N1_Avian_gal_Domestic_Asia_Indonesia_A/quail/Yogjakarta/UT1023/2004|2004.03835616438","H5N1_Avian_GQ122386_A/quail/Yogjakarta/UT1023/2004_Indonesia_2004/01/15_4 (HA)",4,"GQ122386","A/quail/Yogjakarta/UT1023/2004","H5N1","Avian","gal","Domestic","quail","Asia","Indonesia","Yogjakarta","2004/01/15",2004.03835616438
"H5N1_Avian_gal_Domestic_Asia_Indonesia_A/chicken/Sulawesi Selatan/UT2093/2005|2005.45205479452","H5N1_Avian_GQ122393_A/chicken/Sulawesi Selatan/UT2093/2005_Indonesia_2005//_4 (HA)",4,"GQ122393","A/chicken/Sulawesi Selatan/UT2093/2005","H5N1","Avian","gal","Domestic","chicken","Asia","Indonesia","Sulawesi Selatan","2005//",2005.45205479452
"H5N1_Avian_gal_Domestic_Asia_Indonesia_A/chicken/East Java/UT6021/2006|2006.87123287671","H5N1_Avian_GQ122398_A/chicken/East Java/UT6021/2006_Indonesia_2006/11/_4 (HA)",4,"GQ122398","A/chicken/East Java/UT6021/2006","H5N1","Avian","gal","Domestic","chicken","Asia","Indonesia","East Java","2006/11/",2006.87123287671
"H5N1_Avian_gal_Domestic_Asia_Indonesia_A/chicken/East Java/UT6031/2007|2007.03835616438","H5N1_Avian_GQ122401_A/chicken/East Java/UT6031/2007_Indonesia_2007/01/_4 (HA)",4,"GQ122401","A/chicken/East Java/UT6031/2007","H5N1","Avian","gal","Domestic","chicken","Asia","Indonesia","East Java","2007/01/",2007.03835616438
"H5N1_Avian_gal_Domestic_Asia_Japan_A/chicken/Yamaguchi/7/2004|2004.45205479452","H5N1_Avian_AB166862_A/chicken/Yamaguchi/7/2004_Japan_2004//_4 (HA)",4,"AB166862","A/chicken/Yamaguchi/7/2004","H5N1","Avian","gal","Domestic","chicken","Asia","Japan","Yamaguchi","2004//",2004.45205479452
"H5N1_Avian_gal_Domestic_Asia_Japan_A/chicken/Shimane/1/2010|2010.87123287671","H5N1_Avian_AB684240_A/chicken/Shimane/1/2010_Japan_2010/11/_4 (HA)",4,"AB684240","A/chicken/Shimane/1/2010","H5N1","Avian","gal","Domestic","chicken","Asia","Japan","Shimane","2010/11/",2010.87123287671
"H5N1_Avian_gal_Domestic_Asia_Japan_A/chicken/Aichi/2/2011|2011.12328767123","H5N1_Avian_AB684255_A/chicken/Aichi/2/2011_Japan_2011/02/_4 (HA)",4,"AB684255","A/chicken/Aichi/2/2011","H5N1","Avian","gal","Domestic","chicken","Asia","Japan","Aichi","2011/02/",2011.12328767123
"H5N1_Avian_gal_Domestic_Asia_China_A/chicken/Jiangsu/cz1/2002|2002.45205479452","H5N1_Avian_DQ997182_A/chicken/Jiangsu/cz1/2002_China_2002//_4 (HA)",4,"DQ997182","A/chicken/Jiangsu/cz1/2002","H5N1","Avian","gal","Domestic","chicken","Asia","China","Jiangsu","2002//",2002.45205479452
"H5N1_Avian_gal_Domestic_Asia_China_A/chicken/Jiangsu/18/2008|2008.45205479452","H5N1_Avian_HM172092_A/chicken/Jiangsu/18/2008_China_2008//_4 (HA)",4,"HM172092","A/chicken/Jiangsu/18/2008","H5N1","Avian","gal","Domestic","chicken","Asia","China","Jiangsu","2008//",2008.45205479452
"H5N1_Avian_gal_Domestic_Asia_China_A/chicken/Jiangsu/k0402/2010|2010.1095890411","H5N1_Avian_JQ638673_A/chicken/Jiangsu/k0402/2010_China_2010/02/10_4 (HA)",4,"JQ638673","A/chicken/Jiangsu/k0402/2010","H5N1","Avian","gal","Domestic","chicken","Asia","China","Jiangsu","2010/02/10",2010.1095890411
"H5N1_Avian_gal_Domestic_Asia_China_A/chicken/Jiangxi/25/2004|2004.45205479452","H5N1_Avian_HM172455_A/chicken/Jiangxi/25/2004_China_2004//_4 (HA)",4,"HM172455","A/chicken/Jiangxi/25/2004","H5N1","Avian","gal","Domestic","chicken","Asia","China","Jiangxi","2004//",2004.45205479452
"H5N1_Avian_gal_Domestic_Asia_China_A/chicken/Jilin/hd/2002|2002.45205479452","H5N1_Avian_DQ997283_A/chicken/Jilin/hd/2002_China_2002//_4 (HA)",4,"DQ997283","A/chicken/Jilin/hd/2002","H5N1","Avian","gal","Domestic","chicken","Asia","China","Jilin","2002//",2002.45205479452
"H5N1_Avian_gal_Domestic_Asia_China_A/chicken/Jilin/ha/2003|2003.45205479452","H5N1_Avian_DQ997268_A/chicken/Jilin/ha/2003_China_2003//_4 (HA)",4,"DQ997268","A/chicken/Jilin/ha/2003","H5N1","Avian","gal","Domestic","chicken","Asia","China","Jilin","2003//",2003.45205479452
"H5N1_Avian_gal_Domestic_Asia_China_A/chicken/Jilin/9/2004|2004.45205479452","H5N1_Avian_AY653200_A/chicken/Jilin/9/2004_China_2004//_4 (HA)",4,"AY653200","A/chicken/Jilin/9/2004","H5N1","Avian","gal","Domestic","chicken","Asia","China","Jilin","2004//",2004.45205479452
"H5N1_Avian_gal_Domestic_Asia_Russia_A/chicken/Krasnodar/123/06|2006.45205479452","H5N1_Avian_EF205159_A/chicken/Krasnodar/123/06_Russia_2006//_4 (HA)",4,"EF205159","A/chicken/Krasnodar/123/06","H5N1","Avian","gal","Domestic","chicken","Asia","Russia","Krasnodar","2006//",2006.45205479452
"H5N1_Avian_gal_Domestic_Asia_Russia_A/chicken/Krasnodar/300/07|2007.67671232877","H5N1_Avian_EU163431_A/chicken/Krasnodar/300/07_Russia_2007/09/05_4 (HA)",4,"EU163431","A/chicken/Krasnodar/300/07","H5N1","Avian","gal","Domestic","chicken","Asia","Russia","Krasnodar","2007/09/05",2007.67671232877
"H5N1_Avian_gal_Domestic_Asia_Russia_A/chicken/Kurgan/05/2005|2005.45205479452","H5N1_Avian_DQ449632_A/chicken/Kurgan/05/2005_Russia_2005//_4 (HA)",4,"DQ449632","A/chicken/Kurgan/05/2005","H5N1","Avian","gal","Domestic","chicken","Asia","Russia","Kurgan","2005//",2005.45205479452
"H5N1_Avian_gal_Domestic_Asia_Kuwait_A/chicken/Kuwait/KISR7/2007|2007.45205479452","H5N1_Avian_CY029980_A/chicken/Kuwait/KISR7/2007_Kuwait_2007//_4 (HA)",4,"CY029980","A/chicken/Kuwait/KISR7/2007","H5N1","Avian","gal","Domestic","chicken","Asia","Kuwait","Kuwait","2007//",2007.45205479452
"H5N1_Avian_gal_Domestic_Asia_Laos_A/Chicken/Laos/Xaythiani 26/2006|2006.45205479452","H5N1_Avian_HM006751_A/Chicken/Laos/Xaythiani 26/2006_Laos_2006//_4 (HA)",4,"HM006751","A/Chicken/Laos/Xaythiani 26/2006","H5N1","Avian","gal","Domestic","Chicken","Asia","Laos","Laos","2006//",2006.45205479452
"H5N1_Avian_gal_Domestic_Asia_Laos_A/chicken/Laos/P0020/2007|2007.45205479452","H5N1_Avian_CY034688_A/chicken/Laos/P0020/2007_Laos_2007//_4 (HA)",4,"CY034688","A/chicken/Laos/P0020/2007","H5N1","Avian","gal","Domestic","chicken","Asia","Laos","Laos","2007//",2007.45205479452
"H5N1_Avian_gal_Domestic_Asia_Laos_A/chicken/Lao/LH1/2010|2010.36712328767","H5N1_Avian_CY098297_A/chicken/Lao/LH1/2010_Laos_2010/05/_4 (HA)",4,"CY098297","A/chicken/Lao/LH1/2010","H5N1","Avian","gal","Domestic","chicken","Asia","Laos","Lao","2010/05/",2010.36712328767
"H5N1_Avian_gal_Domestic_Asia_China_A/chicken/Liaoning/23/2005|2005.45205479452","H5N1_Avian_HM172453_A/chicken/Liaoning/23/2005_China_2005//_4 (HA)",4,"HM172453","A/chicken/Liaoning/23/2005","H5N1","Avian","gal","Domestic","chicken","Asia","China","Liaoning","2005//",2005.45205479452
"H5N1_Avian_gal_Domestic_Asia_China_A/chicken/Liaoning/A-11/2006|2006.45205479452","H5N1_Avian_HM172077_A/chicken/Liaoning/A-11/2006_China_2006//_4 (HA)",4,"HM172077","A/chicken/Liaoning/A-11/2006","H5N1","Avian","gal","Domestic","chicken","Asia","China","Liaoning","2006//",2006.45205479452
"H5N1_Avian_gal_Domestic_Asia_China_A/chicken/Liaoning/A-1/2007|2007.45205479452","H5N1_Avian_HM172078_A/chicken/Liaoning/A-1/2007_China_2007//_4 (HA)",4,"HM172078","A/chicken/Liaoning/A-1/2007","H5N1","Avian","gal","Domestic","chicken","Asia","China","Liaoning","2007//",2007.45205479452
"H5N1_Avian_gal_Domestic_Asia_Russia_A/chicken/Moscow/2/2007|2007.11780821918","H5N1_Avian_EF474450_A/chicken/Moscow/2/2007_Russia_2007/02/13_4 (HA)",4,"EF474450","A/chicken/Moscow/2/2007","H5N1","Avian","gal","Domestic","chicken","Asia","Russia","Moscow","2007/02/13",2007.11780821918
"H5N1_Avian_gal_Domestic_Asia_Myanmar_A/chicken/Pyigyitagon/204/2006|2006.45205479452","H5N1_Avian_AB474081_A/chicken/Pyigyitagon/204/2006_Myanmar_2006//_4 (HA)",4,"AB474081","A/chicken/Pyigyitagon/204/2006","H5N1","Avian","gal","Domestic","chicken","Asia","Myanmar","Pyigyitagon","2006//",2006.45205479452
"H5N1_Avian_gal_Domestic_Asia_Myanmar_A/chicken/Hmawbi/517/2007|2007.45205479452","H5N1_Avian_AB474082_A/chicken/Hmawbi/517/2007_Myanmar_2007//_4 (HA)",4,"AB474082","A/chicken/Hmawbi/517/2007","H5N1","Avian","gal","Domestic","chicken","Asia","Myanmar","Hmawbi","2007//",2007.45205479452
"H5N1_Avian_gal_Domestic_Africa_Nigeria_A/chicken/Nigeria/1047-30/2006|2006.45205479452","H5N1_Avian_CY016939_A/chicken/Nigeria/1047-30/2006_Nigeria_2006//_4 (HA)",4,"CY016939","A/chicken/Nigeria/1047-30/2006","H5N1","Avian","gal","Domestic","chicken","Africa","Nigeria","Nigeria","2006//",2006.45205479452
"H5N1_Avian_gal_Domestic_Asia_China_A/chicken/Ningxia/24/2006|2006.45205479452","H5N1_Avian_HM172076_A/chicken/Ningxia/24/2006_China_2006//_4 (HA)",4,"HM172076","A/chicken/Ningxia/24/2006","H5N1","Avian","gal","Domestic","chicken","Asia","China","Ningxia","2006//",2006.45205479452
"H5N1_Avian_gal_Domestic_Asia_Russia_A/chicken/Omsk/14/05|2005.45205479452","H5N1_Avian_EF205155_A/chicken/Omsk/14/05_Russia_2005//_4 (HA)",4,"EF205155","A/chicken/Omsk/14/05","H5N1","Avian","gal","Domestic","chicken","Asia","Russia","Omsk","2005//",2005.45205479452
"H5N1_Avian_gal_Domestic_Asia_Pakistan_A/chicken/Sihala/NARC3303.4/2006|2006.45205479452","H5N1_Avian_CY037770_A/chicken/Sihala/NARC3303.4/2006_Pakistan_2006//_4 (HA)",4,"CY037770","A/chicken/Sihala/NARC3303.4/2006","H5N1","Avian","gal","Domestic","chicken","Asia","Pakistan","Sihala","2006//",2006.45205479452
"H5N1_Avian_gal_Domestic_Europe_Poland_A/chicken/Poland/R3248/2007|2007.45205479452","H5N1_Avian_FM163440_A/chicken/Poland/R3248/2007_Poland_2007//_4 (HA)",4,"FM163440","A/chicken/Poland/R3248/2007","H5N1","Avian","gal","Domestic","chicken","Europe","Poland","Poland","2007//",2007.45205479452
"H5N1_Avian_gal_Domestic_Asia_Russia_A/chicken/Primorje/1/2008|2008.27123287671","H5N1_Avian_EU676174_A/chicken/Primorje/1/2008_Russia_2008/04/10_4 (HA)",4,"EU676174","A/chicken/Primorje/1/2008","H5N1","Avian","gal","Domestic","chicken","Asia","Russia","Primorje","2008/04/10",2008.27123287671
"H5N1_Avian_gal_Domestic_Asia_Russia_A/chicken/Reshoty/02/2006|2006.45205479452","H5N1_Avian_CY047483_A/chicken/Reshoty/02/2006_Russia_2006/06/_4 (HA)",4,"CY047483","A/chicken/Reshoty/02/2006","H5N1","Avian","gal","Domestic","chicken","Asia","Russia","Reshoty","2006/06/",2006.45205479452
"H5N1_Avian_gal_Domestic_Asia_Russia_A/chicken/Rostov/22-1/2007|2007.45205479452","H5N1_Avian_EU402398_A/chicken/Rostov/22-1/2007_Russia_2007//_4 (HA)",4,"EU402398","A/chicken/Rostov/22-1/2007","H5N1","Avian","gal","Domestic","chicken","Asia","Russia","Rostov","2007//",2007.45205479452
"H5N1_Avian_gal_Domestic_Asia_Russia_A/chicken/Rostov-on-Don/35/2007|2007.95068493151","H5N1_Avian_EU401751_A/chicken/Rostov-on-Don/35/2007_Russia_2007/12/14_4 (HA)",4,"EU401751","A/chicken/Rostov-on-Don/35/2007","H5N1","Avian","gal","Domestic","chicken","Asia","Russia","Rostov-on-Don","2007/12/14",2007.95068493151
"H5N1_Avian_gal_Domestic_Asia_Russia_A/chicken/Russia_Krasnodar/2/2007|2007.45205479452","H5N1_Avian_EF605603_A/chicken/Russia_Krasnodar/2/2007_Russia_2007//_4 (HA)",4,"EF605603","A/chicken/Russia_Krasnodar/2/2007","H5N1","Avian","gal","Domestic","chicken","Asia","Russia","Russia_Krasnodar","2007//",2007.45205479452
"H5N1_Avian_gal_Domestic_Asia_Saudi Arabia_A/turkey/Saudi Arabia/6732-6/2007|2007.45205479452","H5N1_Avian_EU424136_A/turkey/Saudi Arabia/6732-6/2007_Saudi Arabia_2007//_4 (HA)",4,"EU424136","A/turkey/Saudi Arabia/6732-6/2007","H5N1","Avian","gal","Domestic","turkey","Asia","Saudi Arabia","Saudi Arabia","2007//",2007.45205479452
"H5N1_Avian_gal_Domestic_Asia_China_A/chicken/Shandong/A-10/2006|2006.45205479452","H5N1_Avian_HM172073_A/chicken/Shandong/A-10/2006_China_2006//_4 (HA)",4,"HM172073","A/chicken/Shandong/A-10/2006","H5N1","Avian","gal","Domestic","chicken","Asia","China","Shandong","2006//",2006.45205479452
"H5N1_Avian_gal_Domestic_Asia_China_A/chicken/Shandong/A-1/2009|2009.45205479452","H5N1_Avian_HM172093_A/chicken/Shandong/A-1/2009_China_2009//_4 (HA)",4,"HM172093","A/chicken/Shandong/A-1/2009","H5N1","Avian","gal","Domestic","chicken","Asia","China","Shandong","2009//",2009.45205479452
"H5N1_Avian_gal_Domestic_Asia_China_A/chicken/Shanxi/10/2006|2006.45205479452","H5N1_Avian_HM172113_A/chicken/Shanxi/10/2006_China_2006//_4 (HA)",4,"HM172113","A/chicken/Shanxi/10/2006","H5N1","Avian","gal","Domestic","chicken","Asia","China","Shanxi","2006//",2006.45205479452
"H5N1_Avian_gal_Domestic_Asia_China_A/chicken/Sheny/0606/2008|2008.42739726027","H5N1_Avian_JQ277225_A/chicken/Sheny/0606/2008_China_2008/06/06_4 (HA)",4,"JQ277225","A/chicken/Sheny/0606/2008","H5N1","Avian","gal","Domestic","chicken","Asia","China","Sheny","2008/06/06",2008.42739726027
"H5N1_Avian_gal_Domestic_Asia_China_A/chicken/Sichuan/81/2005|2005.45205479452","H5N1_Avian_HM172069_A/chicken/Sichuan/81/2005_China_2005//_4 (HA)",4,"HM172069","A/chicken/Sichuan/81/2005","H5N1","Avian","gal","Domestic","chicken","Asia","China","Sichuan","2005//",2005.45205479452
"H5N1_Avian_gal_Domestic_Africa_Sudan_A/chicken/Sudan/2115-9/2006|2006.45205479452","H5N1_Avian_CY020669_A/chicken/Sudan/2115-9/2006_Sudan_2006//_4 (HA)",4,"CY020669","A/chicken/Sudan/2115-9/2006","H5N1","Avian","gal","Domestic","chicken","Africa","Sudan","Sudan","2006//",2006.45205479452
"H5N1_Avian_gal_Domestic_Asia_Russia_A/chicken/Suzdalka/06/05|2005.45205479452","H5N1_Avian_EF205154_A/chicken/Suzdalka/06/05_Russia_2005//_4 (HA)",4,"EF205154","A/chicken/Suzdalka/06/05","H5N1","Avian","gal","Domestic","chicken","Asia","Russia","Suzdalka","2005//",2005.45205479452
"H5N1_Avian_gal_Domestic_Asia_Thailand_A/chicken/Suphanburi/NIAH7540/2004|2004.45205479452","H5N1_Avian_AB450561_A/chicken/Suphanburi/NIAH7540/2004_Thailand_2004//_4 (HA)",4,"AB450561","A/chicken/Suphanburi/NIAH7540/2004","H5N1","Avian","gal","Domestic","chicken","Asia","Thailand","Suphanburi","2004//",2004.45205479452
"H5N1_Avian_gal_Domestic_Asia_Thailand_A/quail/Nakhon Pathom/NIAH7562/2005|2005.45205479452","H5N1_Avian_AB450566_A/quail/Nakhon Pathom/NIAH7562/2005_Thailand_2005//_4 (HA)",4,"AB450566","A/quail/Nakhon Pathom/NIAH7562/2005","H5N1","Avian","gal","Domestic","quail","Asia","Thailand","Nakhon Pathom","2005//",2005.45205479452
"H5N1_Avian_gal_Domestic_Asia_Thailand_A/chicken/Thailand/TS03/2006|2006.45205479452","H5N1_Avian_JQ794462_A/chicken/Thailand/TS03/2006_Thailand_2006//_4 (HA)",4,"JQ794462","A/chicken/Thailand/TS03/2006","H5N1","Avian","gal","Domestic","chicken","Asia","Thailand","Thailand","2006//",2006.45205479452
"H5N1_Avian_gal_Domestic_Asia_Thailand_A/chicken/Uthaithani/NIAH115067/2008|2008.45205479452","H5N1_Avian_FJ868033_A/chicken/Uthaithani/NIAH115067/2008_Thailand_2008//_4 (HA)",4,"FJ868033","A/chicken/Uthaithani/NIAH115067/2008","H5N1","Avian","gal","Domestic","chicken","Asia","Thailand","Uthaithani","2008//",2008.45205479452
"H5N1_Avian_gal_Domestic_Asia_China_A/chicken/Tibet/6/2008|2008.45205479452","H5N1_Avian_HM172086_A/chicken/Tibet/6/2008_China_2008//_4 (HA)",4,"HM172086","A/chicken/Tibet/6/2008","H5N1","Avian","gal","Domestic","chicken","Asia","China","Tibet","2008//",2008.45205479452
"H5N1_Avian_gal_Domestic_Asia_Russia_A/chicken/Tula/4/05|2005.45205479452","H5N1_Avian_EF205160_A/chicken/Tula/4/05_Russia_2005//_4 (HA)",4,"EF205160","A/chicken/Tula/4/05","H5N1","Avian","gal","Domestic","chicken","Asia","Russia","Tula","2005//",2005.45205479452
"H5N1_Avian_gal_Domestic_Asia_Viet Nam_A/chicken/Viet Nam/TG-023/2004|2004.45205479452","H5N1_Avian_DQ099758_A/chicken/Viet Nam/TG-023/2004_Viet Nam_2004//_4 (HA)",4,"DQ099758","A/chicken/Viet Nam/TG-023/2004","H5N1","Avian","gal","Domestic","chicken","Asia","Viet Nam","Viet Nam","2004//",2004.45205479452
"H5N1_Avian_gal_Domestic_Asia_Viet Nam_A/chicken/Viet Nam/8/2005|2005.45205479452","H5N1_Avian_CY016851_A/chicken/Viet Nam/8/2005_Viet Nam_2005//_4 (HA)",4,"CY016851","A/chicken/Viet Nam/8/2005","H5N1","Avian","gal","Domestic","chicken","Asia","Viet Nam","Viet Nam","2005//",2005.45205479452
"H5N1_Avian_gal_Domestic_Asia_Viet Nam_A/chicken/Ca Mau/1180/2006|2006.98630136986","H5N1_Avian_JX420206_A/chicken/Ca Mau/1180/2006_Viet Nam_2006/12/27_4 (HA)",4,"JX420206","A/chicken/Ca Mau/1180/2006","H5N1","Avian","gal","Domestic","chicken","Asia","Viet Nam","Ca Mau","2006/12/27",2006.98630136986
"H5N1_Avian_gal_Domestic_Asia_Viet Nam_A/chicken/Hanoi/45/2007|2007.45205479452","H5N1_Avian_JX420142_A/chicken/Hanoi/45/2007_Viet Nam_2007//_4 (HA)",4,"JX420142","A/chicken/Hanoi/45/2007","H5N1","Avian","gal","Domestic","chicken","Asia","Viet Nam","Hanoi","2007//",2007.45205479452
"H5N1_Avian_gal_Domestic_Asia_Viet Nam_A/chicken/Soc Trang/5/2012|2012.45753424658","H5N1_Avian_AB818505_A/chicken/Soc Trang/5/2012_Viet Nam_2012/06/17_4 (HA)",4,"AB818505","A/chicken/Soc Trang/5/2012","H5N1","Avian","gal","Domestic","chicken","Asia","Viet Nam","Soc Trang","2012/06/17",2012.45753424658
"H5N1_Avian_gal_Domestic_Asia_China_A/chicken/Xinjiang/53/2005|2005.45205479452","H5N1_Avian_HM172094_A/chicken/Xinjiang/53/2005_China_2005//_4 (HA)",4,"HM172094","A/chicken/Xinjiang/53/2005","H5N1","Avian","gal","Domestic","chicken","Asia","China","Xinjiang","2005//",2005.45205479452
"H5N1_Avian_gal_Domestic_Asia_China_A/chicken/Xinjiang/28/2006|2006.45205479452","H5N1_Avian_HM172090_A/chicken/Xinjiang/28/2006_China_2006//_4 (HA)",4,"HM172090","A/chicken/Xinjiang/28/2006","H5N1","Avian","gal","Domestic","chicken","Asia","China","Xinjiang","2006//",2006.45205479452
"H5N1_Avian_acc_Wild_Europe_Belgium_A/crested eagle/Belgium/01/2004|2004.45205479452","H5N1_Avian_DQ182483_A/crested eagle/Belgium/01/2004_Belgium_2004//_4 (HA)",4,"DQ182483","A/crested eagle/Belgium/01/2004","H5N1","Avian","acc","Wild","crested eagle","Europe","Belgium","Belgium","2004//",2004.45205479452
"H5N1_Avian_acc_Wild_Asia_Japan_A/mountain hawk-eagle/Kumamoto/1/07|2007.45205479452","H5N1_Avian_AB525191_A/mountain hawk-eagle/Kumamoto/1/07_Japan_2007//_4 (HA)",4,"AB525191","A/mountain hawk-eagle/Kumamoto/1/07","H5N1","Avian","acc","Wild","mountain hawk-eagle","Asia","Japan","Kumamoto","2007//",2007.45205479452
"H5N1_Avian_acc_Wild_Asia_South Korea_A/Eurasian eagle owl/Korea/23/2010|2010.90136986301","H5N1_Avian_JQ710457_A/Eurasian eagle owl/Korea/23/2010_South Korea_2010/11/26_4 (HA)",4,"JQ710457","A/Eurasian eagle owl/Korea/23/2010","H5N1","Avian","acc","Wild","Eurasian eagle owl","Asia","South Korea","Korea","2010/11/26",2010.90136986301
"H5N1_Avian_ans_Wild_Asia_Russia_A/Cygnus olor/Astrakhan/Ast05-2-10/2005|2005.90136986301","H5N1_Avian_DQ434889_A/Cygnus olor/Astrakhan/Ast05-2-10/2005_Russia_2005/11/26_4 (HA)",4,"DQ434889","A/Cygnus olor/Astrakhan/Ast05-2-10/2005","H5N1","Avian","ans","Wild","Cygnus olor","Asia","Russia","Astrakhan","2005/11/26",2005.90136986301
"H5N1_Avian_ans_Wild_Asia_Russia_A/Cygnus olor/Caspian Sea/2006|2006.45205479452","H5N1_Avian_CY063860_A/Cygnus olor/Caspian Sea/2006_Russia_2006//_4 (HA)",4,"CY063860","A/Cygnus olor/Caspian Sea/2006","H5N1","Avian","ans","Wild","Cygnus olor","Asia","Russia","Caspian Sea","2006//",2006.45205479452
"H5N1_Avian_ans_Wild_Europe_Croatia_A/cygnus olor/Croatia/1/2005|2005.45205479452","H5N1_Avian_CY016819_A/cygnus olor/Croatia/1/2005_Croatia_2005//_4 (HA)",4,"CY016819","A/cygnus olor/Croatia/1/2005","H5N1","Avian","ans","Wild","cygnus olor","Europe","Croatia","Croatia","2005//",2005.45205479452
"H5N1_Avian_ans_Wild_Asia_China_A/wild duck/Fujian/1/2011|2011.18630136986","H5N1_Avian_JX534589_A/wild duck/Fujian/1/2011_China_2011/03/10_4 (HA)",4,"JX534589","A/wild duck/Fujian/1/2011","H5N1","Avian","ans","Wild","wild duck","Asia","China","Fujian","2011/03/10",2011.18630136986
"H5N1_Avian_ans_Wild_Europe_Germany_A/teal/Germany/WV632/2005|2005.89863013699","H5N1_Avian_CY061885_A/teal/Germany/WV632/2005_Germany_2005/11/25_4 (HA)",4,"CY061885","A/teal/Germany/WV632/2005","H5N1","Avian","ans","Wild","teal","Europe","Germany","Germany","2005/11/25",2005.89863013699
"H5N1_Avian_ans_Wild_Europe_Germany_A/swan/Germany/R65/2006|2006.12328767123","H5N1_Avian_DQ464354_A/swan/Germany/R65/2006_Germany_2006/02/_4 (HA)",4,"DQ464354","A/swan/Germany/R65/2006","H5N1","Avian","ans","Wild","swan","Europe","Germany","Germany","2006/02/",2006.12328767123
"H5N1_Avian_ans_Wild_Europe_Germany_A/mute swan/Germany/R1359/2007|2007.45205479452","H5N1_Avian_AM749443_A/mute swan/Germany/R1359/2007_Germany_2007//_4 (HA)",4,"AM749443","A/mute swan/Germany/R1359/2007","H5N1","Avian","ans","Wild","mute swan","Europe","Germany","Germany","2007//",2007.45205479452
"H5N1_Avian_ans_Wild_Asia_China_A/wild duck/Guangdong/314/2004|2004.45205479452","H5N1_Avian_AY950235_A/wild duck/Guangdong/314/2004_China_2004//_4 (HA)",4,"AY950235","A/wild duck/Guangdong/314/2004","H5N1","Avian","ans","Wild","wild duck","Asia","China","Guangdong","2004//",2004.45205479452
"H5N1_Avian_ans_Wild_Asia_China_A/swan/Guangxi/307/2004|2004.45205479452","H5N1_Avian_AY950236_A/swan/Guangxi/307/2004_China_2004//_4 (HA)",4,"AY950236","A/swan/Guangxi/307/2004","H5N1","Avian","ans","Wild","swan","Asia","China","Guangxi","2004//",2004.45205479452
"H5N1_Avian_ans_Wild_Asia_Hong Kong_A/waterfowl/Hong Kong/378.5/2001|2001.45205479452","H5N1_Avian_GU186692_A/waterfowl/Hong Kong/378.5/2001_Hong Kong_2001//_4 (HA)",4,"GU186692","A/waterfowl/Hong Kong/378.5/2001","H5N1","Avian","ans","Wild","waterfowl","Asia","Hong Kong","Hong Kong","2001//",2001.45205479452
"H5N1_Avian_ans_Wild_Asia_China_A/mallard/Huadong/Y/2003|2003.45205479452","H5N1_Avian_EU195416_A/mallard/Huadong/Y/2003_China_2003//_4 (HA)",4,"EU195416","A/mallard/Huadong/Y/2003","H5N1","Avian","ans","Wild","mallard","Asia","China","Huadong","2003//",2003.45205479452
"H5N1_Avian_ans_Wild_Asia_China_A/mallard/Huadong/hn/2005|2005.45205479452","H5N1_Avian_EU195408_A/mallard/Huadong/hn/2005_China_2005//_4 (HA)",4,"EU195408","A/mallard/Huadong/hn/2005","H5N1","Avian","ans","Wild","mallard","Asia","China","Huadong","2005//",2005.45205479452
"H5N1_Avian_ans_Wild_Asia_China_A/wild duck/Hunan/021/2005|2005.45205479452","H5N1_Avian_EU329177_A/wild duck/Hunan/021/2005_China_2005//_4 (HA)",4,"EU329177","A/wild duck/Hunan/021/2005","H5N1","Avian","ans","Wild","wild duck","Asia","China","Hunan","2005//",2005.45205479452
"H5N1_Avian_ans_Wild_Europe_Hungary_A/mute swan/Hungary/3472/2006|2006.09863013699","H5N1_Avian_FJ445226_A/mute swan/Hungary/3472/2006_Hungary_2006/02/06_4 (HA)",4,"FJ445226","A/mute swan/Hungary/3472/2006","H5N1","Avian","ans","Wild","mute swan","Europe","Hungary","Hungary","2006/02/06",2006.09863013699
"H5N1_Avian_ans_Wild_Asia_Iran_A/Cygnus cygnus/Iran/754/2006|2006.45205479452","H5N1_Avian_CY016779_A/Cygnus cygnus/Iran/754/2006_Iran_2006//_4 (HA)",4,"CY016779","A/Cygnus cygnus/Iran/754/2006","H5N1","Avian","ans","Wild","Cygnus cygnus","Asia","Iran","Iran","2006//",2006.45205479452
"H5N1_Avian_ans_Wild_Europe_Italy_A/mallard/Italy/3401/2005|2005.45205479452","H5N1_Avian_CY021397_A/mallard/Italy/3401/2005_Italy_2005//_4 (HA)",4,"CY021397","A/mallard/Italy/3401/2005","H5N1","Avian","ans","Wild","mallard","Europe","Italy","Italy","2005//",2005.45205479452
"H5N1_Avian_ans_Wild_Europe_Italy_A/cygnus olor/Italy/808/2006|2006.45205479452","H5N1_Avian_CY020349_A/cygnus olor/Italy/808/2006_Italy_2006//_4 (HA)",4,"CY020349","A/cygnus olor/Italy/808/2006","H5N1","Avian","ans","Wild","cygnus olor","Europe","Italy","Italy","2006//",2006.45205479452
"H5N1_Avian_ans_Wild_Asia_Japan_A/whooper swan/Hokkaido/1/2008|2008.45205479452","H5N1_Avian_AB436550_A/whooper swan/Hokkaido/1/2008_Japan_2008//_4 (HA)",4,"AB436550","A/whooper swan/Hokkaido/1/2008","H5N1","Avian","ans","Wild","whooper swan","Asia","Japan","Hokkaido","2008//",2008.45205479452
"H5N1_Avian_ans_Wild_Asia_Japan_A/mallard/Hokkaido/24/2009|2009.45205479452","H5N1_Avian_AB530992_A/mallard/Hokkaido/24/2009_Japan_2009//_4 (HA)",4,"AB530992","A/mallard/Hokkaido/24/2009","H5N1","Avian","ans","Wild","mallard","Asia","Japan","Hokkaido","2009//",2009.45205479452
"H5N1_Avian_ans_Wild_Asia_Japan_A/mute swan/Toyama/1/2010|2010.95342465753","H5N1_Avian_AB684241_A/mute swan/Toyama/1/2010_Japan_2010/12/_4 (HA)",4,"AB684241","A/mute swan/Toyama/1/2010","H5N1","Avian","ans","Wild","mute swan","Asia","Japan","Toyama","2010/12/",2010.95342465753
"H5N1_Avian_ans_Wild_Asia_Japan_A/mandarin duck/Miyazaki/22M-765/2011|2011.2","H5N1_Avian_AB684263_A/mandarin duck/Miyazaki/22M-765/2011_Japan_2011/03/_4 (HA)",4,"AB684263","A/mandarin duck/Miyazaki/22M-765/2011","H5N1","Avian","ans","Wild","mandarin duck","Asia","Japan","Miyazaki","2011/03/",2011.2
"H5N1_Avian_ans_Wild_Asia_China_A/wild duck/Jilin/HF/2011|2011.31232876712","H5N1_Avian_JX534573_A/wild duck/Jilin/HF/2011_China_2011/04/25_4 (HA)",4,"JX534573","A/wild duck/Jilin/HF/2011","H5N1","Avian","ans","Wild","wild duck","Asia","China","Jilin","2011/04/25",2011.31232876712
"H5N1_Avian_ans_Wild_Asia_Russia_A/Cygnus cygnus/Krasnodar/329/07|2007.67945205479","H5N1_Avian_EU257631_A/Cygnus cygnus/Krasnodar/329/07_Russia_2007/09/06_4 (HA)",4,"EU257631","A/Cygnus cygnus/Krasnodar/329/07","H5N1","Avian","ans","Wild","Cygnus cygnus","Asia","Russia","Krasnodar","2007/09/06",2007.67945205479
"H5N1_Avian_ans_Wild_Asia_China_A/wild duck/Liaoning/8/2006|2006.45205479452","H5N1_Avian_HM172084_A/wild duck/Liaoning/8/2006_China_2006//_4 (HA)",4,"HM172084","A/wild duck/Liaoning/8/2006","H5N1","Avian","ans","Wild","wild duck","Asia","China","Liaoning","2006//",2006.45205479452
"H5N1_Avian_ans_Wild_Asia_Mongolia_A/bar-headed goose/Mongolia/1/05|2005.53424657534","H5N1_Avian_AB233319_A/bar-headed goose/Mongolia/1/05_Mongolia_2005/07/_4 (HA)",4,"AB233319","A/bar-headed goose/Mongolia/1/05","H5N1","Avian","ans","Wild","bar-headed goose","Asia","Mongolia","Mongolia","2005/07/",2005.53424657534
"H5N1_Avian_ans_Wild_Asia_Mongolia_A/common goldeneye/Mongolia/12/2006|2006.36712328767","H5N1_Avian_AB284324_A/common goldeneye/Mongolia/12/2006_Mongolia_2006/05/_4 (HA)",4,"AB284324","A/common goldeneye/Mongolia/12/2006","H5N1","Avian","ans","Wild","common goldeneye","Asia","Mongolia","Mongolia","2006/05/",2006.36712328767
"H5N1_Avian_ans_Wild_Asia_Mongolia_A/bar-headed goose/Mongolia/X53/2009|2009.53424657534","H5N1_Avian_AB523767_A/bar-headed goose/Mongolia/X53/2009_Mongolia_2009/07/_4 (HA)",4,"AB523767","A/bar-headed goose/Mongolia/X53/2009","H5N1","Avian","ans","Wild","bar-headed goose","Asia","Mongolia","Mongolia","2009/07/",2009.53424657534
"H5N1_Avian_ans_Wild_Asia_Mongolia_A/whooper swan/Mongolia/1/2010|2010.36712328767","H5N1_Avian_AB569348_A/whooper swan/Mongolia/1/2010_Mongolia_2010/05/_4 (HA)",4,"AB569348","A/whooper swan/Mongolia/1/2010","H5N1","Avian","ans","Wild","whooper swan","Asia","Mongolia","Mongolia","2010/05/",2010.36712328767
"H5N1_Avian_ans_Wild_Asia_Russia_A/grebe/Novosibirsk/29/2005|2005.45205479452","H5N1_Avian_DQ230521_A/grebe/Novosibirsk/29/2005_Russia_2005//_4 (HA)",4,"DQ230521","A/grebe/Novosibirsk/29/2005","H5N1","Avian","ans","Wild","grebe","Asia","Russia","Novosibirsk","2005//",2005.45205479452
"H5N1_Avian_ans_Wild_Asia_China_A/bar-headed goose/Qinghai/3/2005|2005.45205479452","H5N1_Avian_HM172454_A/bar-headed goose/Qinghai/3/2005_China_2005//_4 (HA)",4,"HM172454","A/bar-headed goose/Qinghai/3/2005","H5N1","Avian","ans","Wild","bar-headed goose","Asia","China","Qinghai","2005//",2005.45205479452
"H5N1_Avian_ans_Wild_Asia_China_A/bar-headed goose/Qinghai/1-HVRI/2006|2006.45205479452","H5N1_Avian_HM172085_A/bar-headed goose/Qinghai/1-HVRI/2006_China_2006//_4 (HA)",4,"HM172085","A/bar-headed goose/Qinghai/1-HVRI/2006","H5N1","Avian","ans","Wild","bar-headed goose","Asia","China","Qinghai","2006//",2006.45205479452
"H5N1_Avian_ans_Wild_Asia_China_A/great crested-grebe/Qinghai/1/2009|2009.36712328767","H5N1_Avian_CY063318_A/great crested-grebe/Qinghai/1/2009_China_2009/05/15_4 (HA)",4,"CY063318","A/great crested-grebe/Qinghai/1/2009","H5N1","Avian","ans","Wild","great crested-grebe","Asia","China","Qinghai","2009/05/15",2009.36712328767
"H5N1_Avian_ans_Wild_Asia_China_A/wild duck/Shandong/628/2011|2011.28219178082","H5N1_Avian_JX534565_A/wild duck/Shandong/628/2011_China_2011/04/14_4 (HA)",4,"JX534565","A/wild duck/Shandong/628/2011","H5N1","Avian","ans","Wild","wild duck","Asia","China","Shandong","2011/04/14",2011.28219178082
"H5N1_Avian_ans_Wild_Asia_China_A/swan/Shanghai/10/2009|2009.03835616438","H5N1_Avian_JF975561_A/swan/Shanghai/10/2009_China_2009/01/_4 (HA)",4,"JF975561","A/swan/Shanghai/10/2009","H5N1","Avian","ans","Wild","swan","Asia","China","Shanghai","2009/01/",2009.03835616438
"H5N1_Avian_ans_Wild_Europe_Slovenia_A/swan/Slovenia/760/2006|2006.45205479452","H5N1_Avian_CY017043_A/swan/Slovenia/760/2006_Slovenia_2006//_4 (HA)",4,"CY017043","A/swan/Slovenia/760/2006","H5N1","Avian","ans","Wild","swan","Europe","Slovenia","Slovenia","2006//",2006.45205479452
"H5N1_Avian_ans_Wild_Asia_South Korea_A/wild duck/Korea/SNU50-5/2009|2009.73698630137","H5N1_Avian_JX497768_A/wild duck/Korea/SNU50-5/2009_South Korea_2009/09/27_4 (HA)",4,"JX497768","A/wild duck/Korea/SNU50-5/2009","H5N1","Avian","ans","Wild","wild duck","Asia","South Korea","Korea","2009/09/27",2009.73698630137
"H5N1_Avian_ans_Wild_Asia_South Korea_A/mandarin duck/Korea/PSC24-24/2010|2010.98904109589","H5N1_Avian_JQ710449_A/mandarin duck/Korea/PSC24-24/2010_South Korea_2010/12/28_4 (HA)",4,"JQ710449","A/mandarin duck/Korea/PSC24-24/2010","H5N1","Avian","ans","Wild","mandarin duck","Asia","South Korea","Korea","2010/12/28",2010.98904109589
"H5N1_Avian_ans_Wild_Asia_Thailand_A/little grebe/Thailand/Phichit-01/2004|2004.45205479452","H5N1_Avian_AY553802_A/little grebe/Thailand/Phichit-01/2004_Thailand_2004//_4 (HA)",4,"AY553802","A/little grebe/Thailand/Phichit-01/2004","H5N1","Avian","ans","Wild","little grebe","Asia","Thailand","Thailand","2004//",2004.45205479452
"H5N1_Avian_ans_Wild_Asia_China_A/bar-headed goose/Tibet/8/2006|2006.45205479452","H5N1_Avian_HM172087_A/bar-headed goose/Tibet/8/2006_China_2006//_4 (HA)",4,"HM172087","A/bar-headed goose/Tibet/8/2006","H5N1","Avian","ans","Wild","bar-headed goose","Asia","China","Tibet","2006//",2006.45205479452
"H5N1_Avian_ans_Wild_Asia_Russia_A/grebe/Tyva/Tyv06-2/06|2006.47671232877","H5N1_Avian_DQ852600_A/grebe/Tyva/Tyv06-2/06_Russia_2006/06/24_4 (HA)",4,"DQ852600","A/grebe/Tyva/Tyv06-2/06","H5N1","Avian","ans","Wild","grebe","Asia","Russia","Tyva","2006/06/24",2006.47671232877
"H5N1_Avian_ans_Wild_Asia_Russia_A/grebe/Tyva/3/2009|2009.47123287671","H5N1_Avian_GQ386142_A/grebe/Tyva/3/2009_Russia_2009/06/22_4 (HA)",4,"GQ386142","A/grebe/Tyva/3/2009","H5N1","Avian","ans","Wild","grebe","Asia","Russia","Tyva","2009/06/22",2009.47123287671
"H5N1_Avian_ans_Wild_Asia_Russia_A/grebe/Tyva/2/2010|2010.47123287671","H5N1_Avian_HQ630838_A/grebe/Tyva/2/2010_Russia_2010/06/22_4 (HA)",4,"HQ630838","A/grebe/Tyva/2/2010","H5N1","Avian","ans","Wild","grebe","Asia","Russia","Tyva","2010/06/22",2010.47123287671
"H5N1_Avian_cic_Wild_Asia_Cambodia_A/marabou stork/Cambodia/TM068/2011|2011.53150684932","H5N1_Avian_JQ701712_A/marabou stork/Cambodia/TM068/2011_Cambodia_2011/07/14_4 (HA)",4,"JQ701712","A/marabou stork/Cambodia/TM068/2011","H5N1","Avian","cic","Wild","marabou stork","Asia","Cambodia","Cambodia","2011/07/14",2011.53150684932
"H5N1_Avian_cic_Wild_Asia_Thailand_A/openbill stork/Thailand/VSMU-4-NSN/2004|2004.09589041096","H5N1_Avian_HM627913_A/openbill stork/Thailand/VSMU-4-NSN/2004_Thailand_2004/02/05_4 (HA)",4,"HM627913","A/openbill stork/Thailand/VSMU-4-NSN/2004","H5N1","Avian","cic","Wild","openbill stork","Asia","Thailand","Thailand","2004/02/05",2004.09589041096
"H5N1_Avian_cic_Wild_Asia_Thailand_A/open-billed stork/Nakhonsawan/BBD3616M/05|2005.45205479452","H5N1_Avian_EF112291_A/open-billed stork/Nakhonsawan/BBD3616M/05_Thailand_2005//_4 (HA)",4,"EF112291","A/open-billed stork/Nakhonsawan/BBD3616M/05","H5N1","Avian","cic","Wild","open-billed stork","Asia","Thailand","Nakhonsawan","2005//",2005.45205479452
"H5N1_Avian_fal_Wild_Asia_Hong Kong_A/peregrine falcon/Hong Kong/2142/2008|2008.45205479452","H5N1_Avian_CY036269_A/peregrine falcon/Hong Kong/2142/2008_Hong Kong_2008//_4 (HA)",4,"CY036269","A/peregrine falcon/Hong Kong/2142/2008","H5N1","Avian","fal","Wild","peregrine falcon","Asia","Hong Kong","Hong Kong","2008//",2008.45205479452
"H5N1_Avian_fal_Wild_Asia_Japan_A/peregrine falcon/Aomori/7/2011|2011.2","H5N1_Avian_AB629713_A/peregrine falcon/Aomori/7/2011_Japan_2011/03/15_4 (HA)",4,"AB629713","A/peregrine falcon/Aomori/7/2011","H5N1","Avian","fal","Wild","peregrine falcon","Asia","Japan","Aomori","2011/03/15",2011.2
"H5N1_Avian_fal_Wild_Asia_Kuwait_A/saker falcon/Kuwait/0286/2007|2007.45205479452","H5N1_Avian_EU700511_A/saker falcon/Kuwait/0286/2007_Kuwait_2007//_4 (HA)",4,"EU700511","A/saker falcon/Kuwait/0286/2007","H5N1","Avian","fal","Wild","saker falcon","Asia","Kuwait","Kuwait","2007//",2007.45205479452
"H5N1_Avian_fal_Wild_Asia_Saudi Arabia_A/falcon/Saudi Arabia/D1795/2005|2005.45205479452","H5N1_Avian_EU748903_A/falcon/Saudi Arabia/D1795/2005_Saudi Arabia_2005//_4 (HA)",4,"EU748903","A/falcon/Saudi Arabia/D1795/2005","H5N1","Avian","fal","Wild","falcon","Asia","Saudi Arabia","Saudi Arabia","2005//",2005.45205479452
"H5N1_Avian_fal_Wild_Asia_Saudi Arabia_A/falcon/Saudi Arabia/D1936/2007|2007.45205479452","H5N1_Avian_CY035241_A/falcon/Saudi Arabia/D1936/2007_Saudi Arabia_2007//_4 (HA)",4,"CY035241","A/falcon/Saudi Arabia/D1936/2007","H5N1","Avian","fal","Wild","falcon","Asia","Saudi Arabia","Saudi Arabia","2007//",2007.45205479452
"H5N1_Avian_gru_Wild_Asia_Japan_A/hooded crane/Kagoshima/4612J004/2010|2010.45205479452","H5N1_Avian_AB760271_A/hooded crane/Kagoshima/4612J004/2010_Japan_2010//_4 (HA)",4,"AB760271","A/hooded crane/Kagoshima/4612J004/2010","H5N1","Avian","gru","Wild","hooded crane","Asia","Japan","Kagoshima","2010//",2010.45205479452
"H5N1_Avian_gru_Wild_Asia_Japan_A/hooded crane/Kagoshima/110214-3/2011|2011.45205479452","H5N1_Avian_AB760279_A/hooded crane/Kagoshima/110214-3/2011_Japan_2011//_4 (HA)",4,"AB760279","A/hooded crane/Kagoshima/110214-3/2011","H5N1","Avian","gru","Wild","hooded crane","Asia","Japan","Kagoshima","2011//",2011.45205479452
"H5N1_Avian_pas_Wild_Asia_Hong Kong_A/magpie robin/Hong Kong/1097/2008|2008.45205479452","H5N1_Avian_CY036253_A/magpie robin/Hong Kong/1097/2008_Hong Kong_2008//_4 (HA)",4,"CY036253","A/magpie robin/Hong Kong/1097/2008","H5N1","Avian","pas","Wild","magpie robin","Asia","Hong Kong","Hong Kong","2008//",2008.45205479452
"H5N1_Avian_pas_Wild_Asia_Japan_A/crow/Osaka/102/2004|2004.45205479452","H5N1_Avian_AB189061_A/crow/Osaka/102/2004_Japan_2004//_4 (HA)",4,"AB189061","A/crow/Osaka/102/2004","H5N1","Avian","pas","Wild","crow","Asia","Japan","Osaka","2004//",2004.45205479452
"H5N1_Avian_pas_Wild_Asia_Laos_A/pigeon/Laos/P0022/2007|2007.45205479452","H5N1_Avian_CY040899_A/pigeon/Laos/P0022/2007_Laos_2007//_4 (HA)",4,"CY040899","A/pigeon/Laos/P0022/2007","H5N1","Avian","pas","Wild","pigeon","Asia","Laos","Laos","2007//",2007.45205479452
"H5N1_Avian_pas_Wild_Asia_China_A/pied magpie/Liaoning/7/2006|2006.45205479452","H5N1_Avian_HM172456_A/pied magpie/Liaoning/7/2006_China_2006//_4 (HA)",4,"HM172456","A/pied magpie/Liaoning/7/2006","H5N1","Avian","pas","Wild","pied magpie","Asia","China","Liaoning","2006//",2006.45205479452
"H5N1_Avian_pas_Wild_Asia_Russia_A/pigeon/Rostov-on-Don/6/2007|2007.95068493151","H5N1_Avian_EU441937_A/pigeon/Rostov-on-Don/6/2007_Russia_2007/12/14_4 (HA)",4,"EU441937","A/pigeon/Rostov-on-Don/6/2007","H5N1","Avian","pas","Wild","pigeon","Asia","Russia","Rostov-on-Don","2007/12/14",2007.95068493151
"H5N1_Avian_pas_Wild_Asia_Thailand_A/pigeon/Thailand/VSMU-7-NPT/2004|2004.45205479452","H5N1_Avian_AB576202_A/pigeon/Thailand/VSMU-7-NPT/2004_Thailand_2004//_4 (HA)",4,"AB576202","A/pigeon/Thailand/VSMU-7-NPT/2004","H5N1","Avian","pas","Wild","pigeon","Asia","Thailand","Thailand","2004//",2004.45205479452
"H5N1_Avian_pas_Wild_Asia_Thailand_A/tree sparrow/Rachaburi/VSMU-16-RBR/2005|2005.45205479452","H5N1_Avian_AB450578_A/tree sparrow/Rachaburi/VSMU-16-RBR/2005_Thailand_2005//_4 (HA)",4,"AB450578","A/tree sparrow/Rachaburi/VSMU-16-RBR/2005","H5N1","Avian","pas","Wild","tree sparrow","Asia","Thailand","Rachaburi","2005//",2005.45205479452
"H5N1_Avian_pas_Wild_Asia_China_A/shrike/Tibet/13/2006|2006.45205479452","H5N1_Avian_HM172101_A/shrike/Tibet/13/2006_China_2006//_4 (HA)",4,"HM172101","A/shrike/Tibet/13/2006","H5N1","Avian","pas","Wild","shrike","Asia","China","Tibet","2006//",2006.45205479452
"H5N1_Avian_pel_Wild_Asia_Hong Kong_A/egret/Hong Kong/757.2/2003|2003.45205479452","H5N1_Avian_AY676034_A/egret/Hong Kong/757.2/2003_Hong Kong_2003//_4 (HA)",4,"AY676034","A/egret/Hong Kong/757.2/2003","H5N1","Avian","pel","Wild","egret","Asia","Hong Kong","Hong Kong","2003//",2003.45205479452
"H5N1_Avian_pel_Wild_Asia_Hong Kong_A/little egret/Hong Kong/8550/2007|2007.45205479452","H5N1_Avian_CY036197_A/little egret/Hong Kong/8550/2007_Hong Kong_2007//_4 (HA)",4,"CY036197","A/little egret/Hong Kong/8550/2007","H5N1","Avian","pel","Wild","little egret","Asia","Hong Kong","Hong Kong","2007//",2007.45205479452
"H5N1_Avian_pel_Wild_Asia_Hong Kong_A/grey heron/Hong Kong/1046/2008|2008.45205479452","H5N1_Avian_CY036245_A/grey heron/Hong Kong/1046/2008_Hong Kong_2008//_4 (HA)",4,"CY036245","A/grey heron/Hong Kong/1046/2008","H5N1","Avian","pel","Wild","grey heron","Asia","Hong Kong","Hong Kong","2008//",2008.45205479452
"H5N1_Avian_pel_Wild_Asia_China_A/great cormorant/Tibet/12/2006|2006.45205479452","H5N1_Avian_HM172083_A/great cormorant/Tibet/12/2006_China_2006//_4 (HA)",4,"HM172083","A/great cormorant/Tibet/12/2006","H5N1","Avian","pel","Wild","great cormorant","Asia","China","Tibet","2006//",2006.45205479452
"H5N1_Avian_psi_Wild_Asia_China_A/parrot/Guangdong/C99/2005|2005.08493150685","H5N1_Avian_JX013485_A/parrot/Guangdong/C99/2005_China_2005/02/01_4 (HA)",4,"JX013485","A/parrot/Guangdong/C99/2005","H5N1","Avian","psi","Wild","parrot","Asia","China","Guangdong","2005/02/01",2005.08493150685
"H5N1_Avian_str_Wild_Africa_Nigeria_A/ostrich/Nigeria/1047-25/2006|2006.45205479452","H5N1_Avian_CY016915_A/ostrich/Nigeria/1047-25/2006_Nigeria_2006//_4 (HA)",4,"CY016915","A/ostrich/Nigeria/1047-25/2006","H5N1","Avian","str","Wild","ostrich","Africa","Nigeria","Nigeria","2006//",2006.45205479452
"H5N1_Avian_str_Wild_Asia_China_A/ostrich/Suzhou/097/2003|2003.28767123288","H5N1_Avian_JF732739_A/ostrich/Suzhou/097/2003_China_2003/04/16_4 (HA)",4,"JF732739","A/ostrich/Suzhou/097/2003","H5N1","Avian","str","Wild","ostrich","Asia","China","Suzhou","2003/04/16",2003.28767123288
