"SequenceName","OriginalName","segNumber","accn","isName","subtype","host","birdOrder","wildDomestic","bird","continent","country","place","dateTxt","decDate"
"H5N1_Avian_ans_Domestic_Asia_China_A/duck/Anhui/56/2005|2005.45205479452","H5N1_Avian_HM172152_A/duck/Anhui/56/2005_China_2005//_7 (MP)",7,"HM172152","A/duck/Anhui/56/2005","H5N1","Avian","ans","Domestic","duck","Asia","China","Anhui","2005//",2005.45205479452
"H5N1_Avian_ans_Domestic_Asia_China_A/duck/Anhui/1/06|2006.45205479452","H5N1_Avian_HM172133_A/duck/Anhui/1/06_China_2006//_7 (MP)",7,"HM172133","A/duck/Anhui/1/06","H5N1","Avian","ans","Domestic","duck","Asia","China","Anhui","2006//",2006.45205479452
"H5N1_Avian_ans_Domestic_Asia_Cambodia_A/duck/Cambodia/D14AL/2006|2006.09315068493","H5N1_Avian_HQ200452_A/duck/Cambodia/D14AL/2006_Cambodia_2006/02/04_7 (MP)",7,"HQ200452","A/duck/Cambodia/D14AL/2006","H5N1","Avian","ans","Domestic","duck","Asia","Cambodia","Cambodia","2006/02/04",2006.09315068493
"H5N1_Avian_ans_Domestic_Asia_China_A/duck/China/E319-2/03|2003.45205479452","H5N1_Avian_AY518361_A/duck/China/E319-2/03_China_2003//_7 (MP)",7,"AY518361","A/duck/China/E319-2/03","H5N1","Avian","ans","Domestic","duck","Asia","China","China","2003//",2003.45205479452
"H5N1_Avian_ans_Domestic_Africa_Cote dIvoire_A/duck/Cote d'Ivoire/1787-18/2006|2006.45205479452","H5N1_Avian_CY016804_A/duck/Cote d'Ivoire/1787-18/2006_Cote dIvoire_2006//_7 (MP)",7,"CY016804","A/duck/Cote d'Ivoire/1787-18/2006","H5N1","Avian","ans","Domestic","duck","Africa","Cote dIvoire","Cote d'Ivoire","2006//",2006.45205479452
"H5N1_Avian_ans_Domestic_Asia_China_A/duck/Eastern China/108/2008|2008.95342465753","H5N1_Avian_GU727672_A/duck/Eastern China/108/2008_China_2008/12/15_7 (MP)",7,"GU727672","A/duck/Eastern China/108/2008","H5N1","Avian","ans","Domestic","duck","Asia","China","Eastern China","2008/12/15",2008.95342465753
"H5N1_Avian_ans_Domestic_Asia_China_A/duck/Eastern China/909/2009|2009.03835616438","H5N1_Avian_GU727680_A/duck/Eastern China/909/2009_China_2009/01/15_7 (MP)",7,"GU727680","A/duck/Eastern China/909/2009","H5N1","Avian","ans","Domestic","duck","Asia","China","Eastern China","2009/01/15",2009.03835616438
"H5N1_Avian_ans_Domestic_Africa_Egypt_A/duck/Egypt/2253-3/2006|2006.45205479452","H5N1_Avian_CY016900_A/duck/Egypt/2253-3/2006_Egypt_2006//_7 (MP)",7,"CY016900","A/duck/Egypt/2253-3/2006","H5N1","Avian","ans","Domestic","duck","Africa","Egypt","Egypt","2006//",2006.45205479452
"H5N1_Avian_ans_Domestic_Africa_Egypt_A/duck/Egypt/D2br10/2007|2007.03835616438","H5N1_Avian_AB465623_A/duck/Egypt/D2br10/2007_Egypt_2007/01/_7 (MP)",7,"AB465623","A/duck/Egypt/D2br10/2007","H5N1","Avian","ans","Domestic","duck","Africa","Egypt","Egypt","2007/01/",2007.03835616438
"H5N1_Avian_ans_Domestic_Africa_Egypt_A/duck/Egypt/0871/2008|2008.13698630137","H5N1_Avian_CY044041_A/duck/Egypt/0871/2008_Egypt_2008/02/20_7 (MP)",7,"CY044041","A/duck/Egypt/0871/2008","H5N1","Avian","ans","Domestic","duck","Africa","Egypt","Egypt","2008/02/20",2008.13698630137
"H5N1_Avian_ans_Domestic_Africa_Egypt_A/duck/El Fayoum/CAI1/2010|2010.16164383562","H5N1_Avian_CY126097_A/duck/El Fayoum/CAI1/2010_Egypt_2010/03/01_7 (MP)",7,"CY126097","A/duck/El Fayoum/CAI1/2010","H5N1","Avian","ans","Domestic","duck","Africa","Egypt","El Fayoum","2010/03/01",2010.16164383562
"H5N1_Avian_ans_Domestic_Europe_France_A/duck/France/05066b/2005|2005.45205479452","H5N1_Avian_AJ973609_A/duck/France/05066b/2005_France_2005//_7 (MP)",7,"AJ973609","A/duck/France/05066b/2005","H5N1","Avian","ans","Domestic","duck","Europe","France","France","2005//",2005.45205479452
"H5N1_Avian_ans_Domestic_Asia_China_A/goose/Fujian/bb/2003|2003.45205479452","H5N1_Avian_DQ997402_A/goose/Fujian/bb/2003_China_2003//_7 (MP)",7,"DQ997402","A/goose/Fujian/bb/2003","H5N1","Avian","ans","Domestic","goose","Asia","China","Fujian","2003//",2003.45205479452
"H5N1_Avian_ans_Domestic_Europe_Germany_A/domestic duck/Germany/R1779/2007|2007.45205479452","H5N1_Avian_AM914024_A/domestic duck/Germany/R1779/2007_Germany_2007//_7 (MP)",7,"AM914024","A/domestic duck/Germany/R1779/2007","H5N1","Avian","ans","Domestic","domestic duck","Europe","Germany","Germany","2007//",2007.45205479452
"H5N1_Avian_ans_Domestic_Asia_China_A/goose/Guangdong/1/1996|1996.45205479452","H5N1_Avian_AF144306_A/goose/Guangdong/1/1996_China_1996//_7 (MP)",7,"AF144306","A/goose/Guangdong/1/1996","H5N1","Avian","ans","Domestic","goose","Asia","China","Guangdong","1996//",1996.45205479452
"H5N1_Avian_ans_Domestic_Asia_China_A/goose/Guangdong/3/1997|1997.45205479452","H5N1_Avian_AF359560_A/goose/Guangdong/3/1997_China_1997//_7 (MP)",7,"AF359560","A/goose/Guangdong/3/1997","H5N1","Avian","ans","Domestic","goose","Asia","China","Guangdong","1997//",1997.45205479452
"H5N1_Avian_ans_Domestic_Asia_China_A/goose/Guangdong/xb/2001|2001.45205479452","H5N1_Avian_DQ997521_A/goose/Guangdong/xb/2001_China_2001//_7 (MP)",7,"DQ997521","A/goose/Guangdong/xb/2001","H5N1","Avian","ans","Domestic","goose","Asia","China","Guangdong","2001//",2001.45205479452
"H5N1_Avian_ans_Domestic_Asia_China_A/duck/Guangdong/173/04|2004.45205479452","H5N1_Avian_AY737306_A/duck/Guangdong/173/04_China_2004//_7 (MP)",7,"AY737306","A/duck/Guangdong/173/04","H5N1","Avian","ans","Domestic","duck","Asia","China","Guangdong","2004//",2004.45205479452
"H5N1_Avian_ans_Domestic_Asia_China_A/duck/Guangxi/xa/2001|2001.45205479452","H5N1_Avian_DQ997520_A/duck/Guangxi/xa/2001_China_2001//_7 (MP)",7,"DQ997520","A/duck/Guangxi/xa/2001","H5N1","Avian","ans","Domestic","duck","Asia","China","Guangxi","2001//",2001.45205479452
"H5N1_Avian_ans_Domestic_Asia_China_A/duck/Guangxi/12/2003|2003.45205479452","H5N1_Avian_EU263348_A/duck/Guangxi/12/2003_China_2003//_7 (MP)",7,"EU263348","A/duck/Guangxi/12/2003","H5N1","Avian","ans","Domestic","duck","Asia","China","Guangxi","2003//",2003.45205479452
"H5N1_Avian_ans_Domestic_Asia_China_A/duck/Guangxi/13/2004|2004.45205479452","H5N1_Avian_DQ366341_A/duck/Guangxi/13/2004_China_2004//_7 (MP)",7,"DQ366341","A/duck/Guangxi/13/2004","H5N1","Avian","ans","Domestic","duck","Asia","China","Guangxi","2004//",2004.45205479452
"H5N1_Avian_ans_Domestic_Asia_Hong Kong_A/Duck/Hong Kong/380.5/2001|2001.45205479452","H5N1_Avian_AY075035_A/Duck/Hong Kong/380.5/2001_Hong Kong_2001//_7 (MP)",7,"AY075035","A/Duck/Hong Kong/380.5/2001","H5N1","Avian","ans","Domestic","Duck","Asia","Hong Kong","Hong Kong","2001//",2001.45205479452
"H5N1_Avian_ans_Domestic_Asia_Hong Kong_A/duck/Hong Kong/821/2002|2002.45205479452","H5N1_Avian_AY676045_A/duck/Hong Kong/821/2002_Hong Kong_2002//_7 (MP)",7,"AY676045","A/duck/Hong Kong/821/2002","H5N1","Avian","ans","Domestic","duck","Asia","Hong Kong","Hong Kong","2002//",2002.45205479452
"H5N1_Avian_ans_Domestic_Asia_China_A/duck/Hubei/wp/2003|2003.45205479452","H5N1_Avian_DQ997170_A/duck/Hubei/wp/2003_China_2003//_7 (MP)",7,"DQ997170","A/duck/Hubei/wp/2003","H5N1","Avian","ans","Domestic","duck","Asia","China","Hubei","2003//",2003.45205479452
"H5N1_Avian_ans_Domestic_Asia_China_A/duck/Hubei/49/2005|2005.45205479452","H5N1_Avian_HM172119_A/duck/Hubei/49/2005_China_2005//_7 (MP)",7,"HM172119","A/duck/Hubei/49/2005","H5N1","Avian","ans","Domestic","duck","Asia","China","Hubei","2005//",2005.45205479452
"H5N1_Avian_ans_Domestic_Asia_China_A/duck/Hubei/Hangmei01/2006|2006.45205479452","H5N1_Avian_EU594352_A/duck/Hubei/Hangmei01/2006_China_2006//_7 (MP)",7,"EU594352","A/duck/Hubei/Hangmei01/2006","H5N1","Avian","ans","Domestic","duck","Asia","China","Hubei","2006//",2006.45205479452
"H5N1_Avian_ans_Domestic_Asia_China_A/duck/Hubei/2911/2007|2007.07671232877","H5N1_Avian_FJ784884_A/duck/Hubei/2911/2007_China_2007/01/29_7 (MP)",7,"FJ784884","A/duck/Hubei/2911/2007","H5N1","Avian","ans","Domestic","duck","Asia","China","Hubei","2007/01/29",2007.07671232877
"H5N1_Avian_ans_Domestic_Asia_China_A/duck/Hunan/69/2004|2004.45205479452","H5N1_Avian_HM172155_A/duck/Hunan/69/2004_China_2004//_7 (MP)",7,"HM172155","A/duck/Hunan/69/2004","H5N1","Avian","ans","Domestic","duck","Asia","China","Hunan","2004//",2004.45205479452
"H5N1_Avian_ans_Domestic_Asia_China_A/domestic green-winged teal/Hunan/67/2005|2005.45205479452","H5N1_Avian_EU430502_A/domestic green-winged teal/Hunan/67/2005_China_2005//_7 (MP)",7,"EU430502","A/domestic green-winged teal/Hunan/67/2005","H5N1","Avian","ans","Domestic","domestic green-winged teal","Asia","China","Hunan","2005//",2005.45205479452
"H5N1_Avian_ans_Domestic_Asia_China_A/domestic green-winged teal/Hunan/3450/2006|2006.20273972603","H5N1_Avian_KC690159_A/domestic green-winged teal/Hunan/3450/2006_China_2006/03/16_7 (MP)",7,"KC690159","A/domestic green-winged teal/Hunan/3450/2006","H5N1","Avian","ans","Domestic","domestic green-winged teal","Asia","China","Hunan","2006/03/16",2006.20273972603
"H5N1_Avian_ans_Domestic_Asia_China_A/duck/Hunan/3/2007|2007.78630136986","H5N1_Avian_GU182153_A/duck/Hunan/3/2007_China_2007/10/_7 (MP)",7,"GU182153","A/duck/Hunan/3/2007","H5N1","Avian","ans","Domestic","duck","Asia","China","Hunan","2007/10/",2007.78630136986
"H5N1_Avian_ans_Domestic_Asia_China_A/duck/Hunan/8/2008|2008.87123287671","H5N1_Avian_GU182169_A/duck/Hunan/8/2008_China_2008/11/_7 (MP)",7,"GU182169","A/duck/Hunan/8/2008","H5N1","Avian","ans","Domestic","duck","Asia","China","Hunan","2008/11/",2008.87123287671
"H5N1_Avian_ans_Domestic_Asia_China_A/duck/Hunan/S4030/2011|2011.85479452055","H5N1_Avian_CY146647_A/duck/Hunan/S4030/2011_China_2011/11/09_7 (MP)",7,"CY146647","A/duck/Hunan/S4030/2011","H5N1","Avian","ans","Domestic","duck","Asia","China","Hunan","2011/11/09",2011.85479452055
"H5N1_Avian_ans_Domestic_Europe_Hungary_A/goose/Hungary/14756/2006|2006.42739726027","H5N1_Avian_FJ445243_A/goose/Hungary/14756/2006_Hungary_2006/06/06_7 (MP)",7,"FJ445243","A/goose/Hungary/14756/2006","H5N1","Avian","ans","Domestic","goose","Europe","Hungary","Hungary","2006/06/06",2006.42739726027
"H5N1_Avian_ans_Domestic_Asia_India_A/duck/Tripura/103597/2008|2008.28493150685","H5N1_Avian_GU252825_A/duck/Tripura/103597/2008_India_2008/04/_7 (MP)",7,"GU252825","A/duck/Tripura/103597/2008","H5N1","Avian","ans","Domestic","duck","Asia","India","Tripura","2008/04/",2008.28493150685
"H5N1_Avian_ans_Domestic_Asia_Indonesia_A/duck/East Java/UT1107/2004|2004.64657534247","H5N1_Avian_GQ122465_A/duck/East Java/UT1107/2004_Indonesia_2004/08/25_7 (MP)",7,"GQ122465","A/duck/East Java/UT1107/2004","H5N1","Avian","ans","Domestic","duck","Asia","Indonesia","East Java","2004/08/25",2004.64657534247
"H5N1_Avian_ans_Domestic_Asia_Japan_A/duck/Yokohama/aq10/2003|2003.45205479452","H5N1_Avian_AB212283_A/duck/Yokohama/aq10/2003_Japan_2003//_7 (MP)",7,"AB212283","A/duck/Yokohama/aq10/2003","H5N1","Avian","ans","Domestic","duck","Asia","Japan","Yokohama","2003//",2003.45205479452
"H5N1_Avian_ans_Domestic_Asia_Japan_A/duck/Hokkaido/WZ101/2010|2010.78356164384","H5N1_Avian_AB612912_A/duck/Hokkaido/WZ101/2010_Japan_2010/10/14_7 (MP)",7,"AB612912","A/duck/Hokkaido/WZ101/2010","H5N1","Avian","ans","Domestic","duck","Asia","Japan","Hokkaido","2010/10/14",2010.78356164384
"H5N1_Avian_ans_Domestic_Asia_China_A/goose/Jiangsu/k0403/2010|2010.1095890411","H5N1_Avian_JQ638676_A/goose/Jiangsu/k0403/2010_China_2010/02/10_7 (MP)",7,"JQ638676","A/goose/Jiangsu/k0403/2010","H5N1","Avian","ans","Domestic","goose","Asia","China","Jiangsu","2010/02/10",2010.1095890411
"H5N1_Avian_ans_Domestic_Asia_China_A/duck/Jiangxi/80/2005|2005.45205479452","H5N1_Avian_HM172151_A/duck/Jiangxi/80/2005_China_2005//_7 (MP)",7,"HM172151","A/duck/Jiangxi/80/2005","H5N1","Avian","ans","Domestic","duck","Asia","China","Jiangxi","2005//",2005.45205479452
"H5N1_Avian_ans_Domestic_Asia_China_A/goose/Jilin/hb/2003|2003.45205479452","H5N1_Avian_DQ997275_A/goose/Jilin/hb/2003_China_2003//_7 (MP)",7,"DQ997275","A/goose/Jilin/hb/2003","H5N1","Avian","ans","Domestic","goose","Asia","China","Jilin","2003//",2003.45205479452
"H5N1_Avian_ans_Domestic_Asia_Russia_A/goose/Krasnoozerskoye/627/2005|2005.45205479452","H5N1_Avian_EF205164_A/goose/Krasnoozerskoye/627/2005_Russia_2005//_7 (MP)",7,"EF205164","A/goose/Krasnoozerskoye/627/2005","H5N1","Avian","ans","Domestic","goose","Asia","Russia","Krasnoozerskoye","2005//",2005.45205479452
"H5N1_Avian_ans_Domestic_Asia_Russia_A/duck/Kurgan/08/2005|2005.45205479452","H5N1_Avian_DQ449641_A/duck/Kurgan/08/2005_Russia_2005//_7 (MP)",7,"DQ449641","A/duck/Kurgan/08/2005","H5N1","Avian","ans","Domestic","duck","Asia","Russia","Kurgan","2005//",2005.45205479452
"H5N1_Avian_ans_Domestic_Asia_Laos_A/duck/Laos/25/2006|2006.45205479452","H5N1_Avian_CY041041_A/duck/Laos/25/2006_Laos_2006//_7 (MP)",7,"CY041041","A/duck/Laos/25/2006","H5N1","Avian","ans","Domestic","duck","Asia","Laos","Laos","2006//",2006.45205479452
"H5N1_Avian_ans_Domestic_Asia_Laos_A/duck/Laos/P0127/2007|2007.45205479452","H5N1_Avian_CY040913_A/duck/Laos/P0127/2007_Laos_2007//_7 (MP)",7,"CY040913","A/duck/Laos/P0127/2007","H5N1","Avian","ans","Domestic","duck","Asia","Laos","Laos","2007//",2007.45205479452
"H5N1_Avian_ans_Domestic_Asia_Laos_A/duck/Lao/9/2010|2010.2","H5N1_Avian_CY098328_A/duck/Lao/9/2010_Laos_2010/03/_7 (MP)",7,"CY098328","A/duck/Lao/9/2010","H5N1","Avian","ans","Domestic","duck","Asia","Laos","Lao","2010/03/",2010.2
"H5N1_Avian_ans_Domestic_Africa_Niger_A/duck/Niger/914/2006|2006.45205479452","H5N1_Avian_CY017028_A/duck/Niger/914/2006_Niger_2006//_7 (MP)",7,"CY017028","A/duck/Niger/914/2006","H5N1","Avian","ans","Domestic","duck","Africa","Niger","Niger","2006//",2006.45205479452
"H5N1_Avian_ans_Domestic_Asia_Russia_A/duck/Novosibirsk/56/2005|2005.45205479452","H5N1_Avian_DQ234078_A/duck/Novosibirsk/56/2005_Russia_2005//_7 (MP)",7,"DQ234078","A/duck/Novosibirsk/56/2005","H5N1","Avian","ans","Domestic","duck","Asia","Russia","Novosibirsk","2005//",2005.45205479452
"H5N1_Avian_ans_Domestic_Asia_Russia_A/duck/Omsk/1822/2006|2006.53424657534","H5N1_Avian_CY047478_A/duck/Omsk/1822/2006_Russia_2006/07/_7 (MP)",7,"CY047478","A/duck/Omsk/1822/2006","H5N1","Avian","ans","Domestic","duck","Asia","Russia","Omsk","2006/07/",2006.53424657534
"H5N1_Avian_ans_Domestic_Asia_Russia_A/muscovy duck/Rostov-on-Don/51/2007|2007.95342465753","H5N1_Avian_EU441927_A/muscovy duck/Rostov-on-Don/51/2007_Russia_2007/12/15_7 (MP)",7,"EU441927","A/muscovy duck/Rostov-on-Don/51/2007","H5N1","Avian","ans","Domestic","muscovy duck","Asia","Russia","Rostov-on-Don","2007/12/15",2007.95342465753
"H5N1_Avian_ans_Domestic_Asia_China_A/duck/Shandong/093/2004|2004.45205479452","H5N1_Avian_AY856865_A/duck/Shandong/093/2004_China_2004//_7 (MP)",7,"AY856865","A/duck/Shandong/093/2004","H5N1","Avian","ans","Domestic","duck","Asia","China","Shandong","2004//",2004.45205479452
"H5N1_Avian_ans_Domestic_Asia_China_A/duck/Shandong/009/2008|2008.95342465753","H5N1_Avian_GU596987_A/duck/Shandong/009/2008_China_2008/12/15_7 (MP)",7,"GU596987","A/duck/Shandong/009/2008","H5N1","Avian","ans","Domestic","duck","Asia","China","Shandong","2008/12/15",2008.95342465753
"H5N1_Avian_ans_Domestic_Asia_China_A/duck/Shanghai/xj/2002|2002.45205479452","H5N1_Avian_DQ997536_A/duck/Shanghai/xj/2002_China_2002//_7 (MP)",7,"DQ997536","A/duck/Shanghai/xj/2002","H5N1","Avian","ans","Domestic","duck","Asia","China","Shanghai","2002//",2002.45205479452
"H5N1_Avian_ans_Domestic_Asia_South Korea_A/duck/Korea/ESD1/03|2003.45205479452","H5N1_Avian_AY676048_A/duck/Korea/ESD1/03_South Korea_2003//_7 (MP)",7,"AY676048","A/duck/Korea/ESD1/03","H5N1","Avian","ans","Domestic","duck","Asia","South Korea","Korea","2003//",2003.45205479452
"H5N1_Avian_ans_Domestic_Asia_Russia_A/goose/Suzdalka/10/05|2005.45205479452","H5N1_Avian_EF205163_A/goose/Suzdalka/10/05_Russia_2005//_7 (MP)",7,"EF205163","A/goose/Suzdalka/10/05","H5N1","Avian","ans","Domestic","goose","Asia","Russia","Suzdalka","2005//",2005.45205479452
"H5N1_Avian_ans_Domestic_Asia_Thailand_A/duck/Ang Thong/71(2)/2004|2004.45205479452","H5N1_Avian_GU186649_A/duck/Ang Thong/71(2)/2004_Thailand_2004//_7 (MP)",7,"GU186649","A/duck/Ang Thong/71(2)/2004","H5N1","Avian","ans","Domestic","duck","Asia","Thailand","Ang Thong","2004//",2004.45205479452
"H5N1_Avian_ans_Domestic_Asia_Thailand_A/duck/Thailand/TS04/2006|2006.45205479452","H5N1_Avian_JQ794471_A/duck/Thailand/TS04/2006_Thailand_2006//_7 (MP)",7,"JQ794471","A/duck/Thailand/TS04/2006","H5N1","Avian","ans","Domestic","duck","Asia","Thailand","Thailand","2006//",2006.45205479452
"H5N1_Avian_ans_Domestic_Asia_Viet Nam_A/duck/Vietnam/942B/2004|2004.45205479452","H5N1_Avian_CY033178_A/duck/Vietnam/942B/2004_Viet Nam_2004//_7 (MP)",7,"CY033178","A/duck/Vietnam/942B/2004","H5N1","Avian","ans","Domestic","duck","Asia","Viet Nam","Vietnam","2004//",2004.45205479452
"H5N1_Avian_ans_Domestic_Asia_Viet Nam_A/duck/Vietnam/1/2005|2005.45205479452","H5N1_Avian_CY016828_A/duck/Vietnam/1/2005_Viet Nam_2005//_7 (MP)",7,"CY016828","A/duck/Vietnam/1/2005","H5N1","Avian","ans","Domestic","duck","Asia","Viet Nam","Vietnam","2005//",2005.45205479452
"H5N1_Avian_ans_Domestic_Asia_Viet Nam_A/Muscovy duck/Ca Mau/1185/2006|2006.98904109589","H5N1_Avian_JX420225_A/Muscovy duck/Ca Mau/1185/2006_Viet Nam_2006/12/28_7 (MP)",7,"JX420225","A/Muscovy duck/Ca Mau/1185/2006","H5N1","Avian","ans","Domestic","Muscovy duck","Asia","Viet Nam","Ca Mau","2006/12/28",2006.98904109589
"H5N1_Avian_ans_Domestic_Asia_Viet Nam_A/Muscovy duck/Ca Mau/07-04/2007|2007.45205479452","H5N1_Avian_GU186746_A/Muscovy duck/Ca Mau/07-04/2007_Viet Nam_2007//_7 (MP)",7,"GU186746","A/Muscovy duck/Ca Mau/07-04/2007","H5N1","Avian","ans","Domestic","Muscovy duck","Asia","Viet Nam","Ca Mau","2007//",2007.45205479452
"H5N1_Avian_ans_Domestic_Asia_Viet Nam_A/duck/Vietnam/G12/2008|2008.03835616438","H5N1_Avian_AB593450_A/duck/Vietnam/G12/2008_Viet Nam_2008/01/_7 (MP)",7,"AB593450","A/duck/Vietnam/G12/2008","H5N1","Avian","ans","Domestic","duck","Asia","Viet Nam","Vietnam","2008/01/",2008.03835616438
"H5N1_Avian_ans_Domestic_Asia_Viet Nam_A/muscovy duck/Vietnam/OIE-559/2011|2011.45205479452","H5N1_Avian_AB636527_A/muscovy duck/Vietnam/OIE-559/2011_Viet Nam_2011/06/_7 (MP)",7,"AB636527","A/muscovy duck/Vietnam/OIE-559/2011","H5N1","Avian","ans","Domestic","muscovy duck","Asia","Viet Nam","Vietnam","2011/06/",2011.45205479452
"H5N1_Avian_ans_Domestic_Asia_Viet Nam_A/duck/Soc Trang/8/2012|2012.66301369863","H5N1_Avian_AB819040_A/duck/Soc Trang/8/2012_Viet Nam_2012/08/31_7 (MP)",7,"AB819040","A/duck/Soc Trang/8/2012","H5N1","Avian","ans","Domestic","duck","Asia","Viet Nam","Soc Trang","2012/08/31",2012.66301369863
"H5N1_Avian_ans_Domestic_Asia_Viet Nam_A/muscovy duck/Quang Ninh/49/2013|2013.35068493151","H5N1_Avian_AB828696_A/muscovy duck/Quang Ninh/49/2013_Viet Nam_2013/05/09_7 (MP)",7,"AB828696","A/muscovy duck/Quang Ninh/49/2013","H5N1","Avian","ans","Domestic","muscovy duck","Asia","Viet Nam","Quang Ninh","2013/05/09",2013.35068493151
"H5N1_Avian_ans_Domestic_Asia_China_A/goose/Yunnan/3798/2006|2006.45205479452","H5N1_Avian_CY030908_A/goose/Yunnan/3798/2006_China_2006//_7 (MP)",7,"CY030908","A/goose/Yunnan/3798/2006","H5N1","Avian","ans","Domestic","goose","Asia","China","Yunnan","2006//",2006.45205479452
"H5N1_Avian_ans_Domestic_Asia_China_A/duck/Zhejiang/bj/2002|2002.45205479452","H5N1_Avian_DQ997409_A/duck/Zhejiang/bj/2002_China_2002//_7 (MP)",7,"DQ997409","A/duck/Zhejiang/bj/2002","H5N1","Avian","ans","Domestic","duck","Asia","China","Zhejiang","2002//",2002.45205479452
"H5N1_Avian_ans_Domestic_Asia_China_A/duck/Zhejiang/2243/2011|2011.12328767123","H5N1_Avian_JN646737_A/duck/Zhejiang/2243/2011_China_2011/02/_7 (MP)",7,"JN646737","A/duck/Zhejiang/2243/2011","H5N1","Avian","ans","Domestic","duck","Asia","China","Zhejiang","2011/02/",2011.12328767123
"H5N1_Avian_gal_Domestic_Asia_Afghanistan_A/chicken/Afghanistan/1573-92/2006|2006.45205479452","H5N1_Avian_CY020638_A/chicken/Afghanistan/1573-92/2006_Afghanistan_2006//_7 (MP)",7,"CY020638","A/chicken/Afghanistan/1573-92/2006","H5N1","Avian","gal","Domestic","chicken","Asia","Afghanistan","Afghanistan","2006//",2006.45205479452
"H5N1_Avian_gal_Domestic_Asia_China_A/chicken/Anhui/39/2004|2004.45205479452","H5N1_Avian_HM172123_A/chicken/Anhui/39/2004_China_2004//_7 (MP)",7,"HM172123","A/chicken/Anhui/39/2004","H5N1","Avian","gal","Domestic","chicken","Asia","China","Anhui","2004//",2004.45205479452
"H5N1_Avian_gal_Domestic_Asia_Bhutan_A/chicken/Bhutan/248015/2010|2010.13424657534","H5N1_Avian_CY063484_A/chicken/Bhutan/248015/2010_Bhutan_2010/02/19_7 (MP)",7,"CY063484","A/chicken/Bhutan/248015/2010","H5N1","Avian","gal","Domestic","chicken","Asia","Bhutan","Bhutan","2010/02/19",2010.13424657534
"H5N1_Avian_gal_Domestic_Asia_Cambodia_A/chicken/Cambodia/TKCMB5T/2010|2010.07397260274","H5N1_Avian_JN588836_A/chicken/Cambodia/TKCMB5T/2010_Cambodia_2010/01/28_7 (MP)",7,"JN588836","A/chicken/Cambodia/TKCMB5T/2010","H5N1","Avian","gal","Domestic","chicken","Asia","Cambodia","Cambodia","2010/01/28",2010.07397260274
"H5N1_Avian_gal_Domestic_Asia_Cambodia_A/chicken/Cambodia/083LC/2011|2011.68493150685","H5N1_Avian_JQ714238_A/chicken/Cambodia/083LC/2011_Cambodia_2011/09/08_7 (MP)",7,"JQ714238","A/chicken/Cambodia/083LC/2011","H5N1","Avian","gal","Domestic","chicken","Asia","Cambodia","Cambodia","2011/09/08",2011.68493150685
"H5N1_Avian_gal_Domestic_Africa_Cote dIvoire_A/turkey/Ivory Coast/4372-2/2006|2006.95342465753","H5N1_Avian_CY020694_A/turkey/Ivory Coast/4372-2/2006_Cote dIvoire_2006/12/_7 (MP)",7,"CY020694","A/turkey/Ivory Coast/4372-2/2006","H5N1","Avian","gal","Domestic","turkey","Africa","Cote dIvoire","Ivory Coast","2006/12/",2006.95342465753
"H5N1_Avian_gal_Domestic_Asia_Russia_A/chicken/Domodedovo/MK/2007|2007.03561643836","H5N1_Avian_CY047470_A/chicken/Domodedovo/MK/2007_Russia_2007/01/14_7 (MP)",7,"CY047470","A/chicken/Domodedovo/MK/2007","H5N1","Avian","gal","Domestic","chicken","Asia","Russia","Domodedovo","2007/01/14",2007.03561643836
"H5N1_Avian_gal_Domestic_Africa_Egypt_A/chicken/Egypt/2253-1/2006|2006.45205479452","H5N1_Avian_CY020646_A/chicken/Egypt/2253-1/2006_Egypt_2006//_7 (MP)",7,"CY020646","A/chicken/Egypt/2253-1/2006","H5N1","Avian","gal","Domestic","chicken","Africa","Egypt","Egypt","2006//",2006.45205479452
"H5N1_Avian_gal_Domestic_Africa_Egypt_A/chicken/Egypt/CL6/2007|2007.2","H5N1_Avian_AB465622_A/chicken/Egypt/CL6/2007_Egypt_2007/03/_7 (MP)",7,"AB465622","A/chicken/Egypt/CL6/2007","H5N1","Avian","gal","Domestic","chicken","Africa","Egypt","Egypt","2007/03/",2007.2
"H5N1_Avian_gal_Domestic_Africa_Egypt_A/chicken/Giza/CAI7/2008|2008.16164383562","H5N1_Avian_CY126129_A/chicken/Giza/CAI7/2008_Egypt_2008/03/01_7 (MP)",7,"CY126129","A/chicken/Giza/CAI7/2008","H5N1","Avian","gal","Domestic","chicken","Africa","Egypt","Giza","2008/03/01",2008.16164383562
"H5N1_Avian_gal_Domestic_Africa_Egypt_A/chicken/Sharkia/CAI3/2009|2009.66575342466","H5N1_Avian_CY126105_A/chicken/Sharkia/CAI3/2009_Egypt_2009/09/01_7 (MP)",7,"CY126105","A/chicken/Sharkia/CAI3/2009","H5N1","Avian","gal","Domestic","chicken","Africa","Egypt","Sharkia","2009/09/01",2009.66575342466
"H5N1_Avian_gal_Domestic_Africa_Egypt_A/chicken/Egypt/Q1185/2010|2010.45205479452","H5N1_Avian_FR687293_A/chicken/Egypt/Q1185/2010_Egypt_2010//_7 (MP)",7,"FR687293","A/chicken/Egypt/Q1185/2010","H5N1","Avian","gal","Domestic","chicken","Africa","Egypt","Egypt","2010//",2010.45205479452
"H5N1_Avian_gal_Domestic_Asia_China_A/chicken/Fujian/1/2007|2007.45205479452","H5N1_Avian_HM172122_A/chicken/Fujian/1/2007_China_2007//_7 (MP)",7,"HM172122","A/chicken/Fujian/1/2007","H5N1","Avian","gal","Domestic","chicken","Asia","China","Fujian","2007//",2007.45205479452
"H5N1_Avian_gal_Domestic_Asia_China_A/chicken/Gansu/44/2004|2004.45205479452","H5N1_Avian_HM172124_A/chicken/Gansu/44/2004_China_2004//_7 (MP)",7,"HM172124","A/chicken/Gansu/44/2004","H5N1","Avian","gal","Domestic","chicken","Asia","China","Gansu","2004//",2004.45205479452
"H5N1_Avian_gal_Domestic_Europe_Germany_A/chicken/Germany/R3294/2007|2007.45205479452","H5N1_Avian_FM177138_A/chicken/Germany/R3294/2007_Germany_2007//_7 (MP)",7,"FM177138","A/chicken/Germany/R3294/2007","H5N1","Avian","gal","Domestic","chicken","Europe","Germany","Germany","2007//",2007.45205479452
"H5N1_Avian_gal_Domestic_Asia_China_A/chicken/Guangdong/174/04|2004.45205479452","H5N1_Avian_AY609315_A/chicken/Guangdong/174/04_China_2004//_7 (MP)",7,"AY609315","A/chicken/Guangdong/174/04","H5N1","Avian","gal","Domestic","chicken","Asia","China","Guangdong","2004//",2004.45205479452
"H5N1_Avian_gal_Domestic_Asia_China_A/chicken/Guangdong/1/2005|2005.45205479452","H5N1_Avian_EU874901_A/chicken/Guangdong/1/2005_China_2005//_7 (MP)",7,"EU874901","A/chicken/Guangdong/1/2005","H5N1","Avian","gal","Domestic","chicken","Asia","China","Guangdong","2005//",2005.45205479452
"H5N1_Avian_gal_Domestic_Asia_China_A/chicken/Guangxi/12/2004|2004.45205479452","H5N1_Avian_DQ366333_A/chicken/Guangxi/12/2004_China_2004//_7 (MP)",7,"DQ366333","A/chicken/Guangxi/12/2004","H5N1","Avian","gal","Domestic","chicken","Asia","China","Guangxi","2004//",2004.45205479452
"H5N1_Avian_gal_Domestic_Asia_China_A/chicken/Guizhou/7/2008|2008.45205479452","H5N1_Avian_HM172157_A/chicken/Guizhou/7/2008_China_2008//_7 (MP)",7,"HM172157","A/chicken/Guizhou/7/2008","H5N1","Avian","gal","Domestic","chicken","Asia","China","Guizhou","2008//",2008.45205479452
"H5N1_Avian_gal_Domestic_Asia_China_A/chicken/Hebei/718/2001|2001.45205479452","H5N1_Avian_DQ351858_A/chicken/Hebei/718/2001_China_2001//_7 (MP)",7,"DQ351858","A/chicken/Hebei/718/2001","H5N1","Avian","gal","Domestic","chicken","Asia","China","Hebei","2001//",2001.45205479452
"H5N1_Avian_gal_Domestic_Asia_China_A/chicken/Hebei/108/02|2002.45205479452","H5N1_Avian_DQ351860_A/chicken/Hebei/108/02_China_2002//_7 (MP)",7,"DQ351860","A/chicken/Hebei/108/02","H5N1","Avian","gal","Domestic","chicken","Asia","China","Hebei","2002//",2002.45205479452
"H5N1_Avian_gal_Domestic_Asia_China_A/chicken/Hebei/102/2005|2005.45205479452","H5N1_Avian_EF175672_A/chicken/Hebei/102/2005_China_2005//_7 (MP)",7,"EF175672","A/chicken/Hebei/102/2005","H5N1","Avian","gal","Domestic","chicken","Asia","China","Hebei","2005//",2005.45205479452
"H5N1_Avian_gal_Domestic_Asia_China_A/chicken/Hebei/A-8/2009|2009.45205479452","H5N1_Avian_HM172137_A/chicken/Hebei/A-8/2009_China_2009//_7 (MP)",7,"HM172137","A/chicken/Hebei/A-8/2009","H5N1","Avian","gal","Domestic","chicken","Asia","China","Hebei","2009//",2009.45205479452
"H5N1_Avian_gal_Domestic_Asia_China_A/chicken/Henan/13/2004|2004.45205479452","H5N1_Avian_AY950240_A/chicken/Henan/13/2004_China_2004//_7 (MP)",7,"AY950240","A/chicken/Henan/13/2004","H5N1","Avian","gal","Domestic","chicken","Asia","China","Henan","2004//",2004.45205479452
"H5N1_Avian_gal_Domestic_Asia_China_A/chicken/Henan/A-7/2006|2006.45205479452","H5N1_Avian_HM172127_A/chicken/Henan/A-7/2006_China_2006//_7 (MP)",7,"HM172127","A/chicken/Henan/A-7/2006","H5N1","Avian","gal","Domestic","chicken","Asia","China","Henan","2006//",2006.45205479452
"H5N1_Avian_gal_Domestic_Asia_Hong Kong_A/chicken/Hong Kong/409.1/2002|2002.45205479452","H5N1_Avian_GU186673_A/chicken/Hong Kong/409.1/2002_Hong Kong_2002//_7 (MP)",7,"GU186673","A/chicken/Hong Kong/409.1/2002","H5N1","Avian","gal","Domestic","chicken","Asia","Hong Kong","Hong Kong","2002//",2002.45205479452
"H5N1_Avian_gal_Domestic_Asia_China_A/chicken/Huadong/4/2008|2008.95342465753","H5N1_Avian_JX523360_A/chicken/Huadong/4/2008_China_2008/12/_7 (MP)",7,"JX523360","A/chicken/Huadong/4/2008","H5N1","Avian","gal","Domestic","chicken","Asia","China","Huadong","2008/12/",2008.95342465753
"H5N1_Avian_gal_Domestic_Asia_China_A/chicken/Hubei/wj/1997|1997.45205479452","H5N1_Avian_DQ997119_A/chicken/Hubei/wj/1997_China_1997//_7 (MP)",7,"DQ997119","A/chicken/Hubei/wj/1997","H5N1","Avian","gal","Domestic","chicken","Asia","China","Hubei","1997//",1997.45205479452
"H5N1_Avian_gal_Domestic_Asia_China_A/chicken/Hubei/327/2004|2004.45205479452","H5N1_Avian_AY684709_A/chicken/Hubei/327/2004_China_2004//_7 (MP)",7,"AY684709","A/chicken/Hubei/327/2004","H5N1","Avian","gal","Domestic","chicken","Asia","China","Hubei","2004//",2004.45205479452
"H5N1_Avian_gal_Domestic_Asia_China_A/chicken/Hubei/2856/2007|2007.07671232877","H5N1_Avian_FJ784883_A/chicken/Hubei/2856/2007_China_2007/01/29_7 (MP)",7,"FJ784883","A/chicken/Hubei/2856/2007","H5N1","Avian","gal","Domestic","chicken","Asia","China","Hubei","2007/01/29",2007.07671232877
"H5N1_Avian_gal_Domestic_Asia_China_A/chicken/Hunan/41/2004|2004.45205479452","H5N1_Avian_HM172130_A/chicken/Hunan/41/2004_China_2004//_7 (MP)",7,"HM172130","A/chicken/Hunan/41/2004","H5N1","Avian","gal","Domestic","chicken","Asia","China","Hunan","2004//",2004.45205479452
"H5N1_Avian_gal_Domestic_Asia_China_A/chicken/Hunan/21/2005|2005.45205479452","H5N1_Avian_HM172141_A/chicken/Hunan/21/2005_China_2005//_7 (MP)",7,"HM172141","A/chicken/Hunan/21/2005","H5N1","Avian","gal","Domestic","chicken","Asia","China","Hunan","2005//",2005.45205479452
"H5N1_Avian_gal_Domestic_Asia_China_A/chicken/Hunan/3157/2006|2006.91232876712","H5N1_Avian_FJ784886_A/chicken/Hunan/3157/2006_China_2006/11/30_7 (MP)",7,"FJ784886","A/chicken/Hunan/3157/2006","H5N1","Avian","gal","Domestic","chicken","Asia","China","Hunan","2006/11/30",2006.91232876712
"H5N1_Avian_gal_Domestic_Asia_China_A/chicken/Hunan/3/2007|2007.78630136986","H5N1_Avian_GU182145_A/chicken/Hunan/3/2007_China_2007/10/_7 (MP)",7,"GU182145","A/chicken/Hunan/3/2007","H5N1","Avian","gal","Domestic","chicken","Asia","China","Hunan","2007/10/",2007.78630136986
"H5N1_Avian_gal_Domestic_Asia_China_A/chicken/Hunan/8/2008|2008.87123287671","H5N1_Avian_GU182162_A/chicken/Hunan/8/2008_China_2008/11/_7 (MP)",7,"GU182162","A/chicken/Hunan/8/2008","H5N1","Avian","gal","Domestic","chicken","Asia","China","Hunan","2008/11/",2008.87123287671
"H5N1_Avian_gal_Domestic_Asia_China_A/chicken/Hunan/1/2009|2009.45205479452","H5N1_Avian_HM172150_A/chicken/Hunan/1/2009_China_2009//_7 (MP)",7,"HM172150","A/chicken/Hunan/1/2009","H5N1","Avian","gal","Domestic","chicken","Asia","China","Hunan","2009//",2009.45205479452
"H5N1_Avian_gal_Domestic_Asia_India_A/chicken/Nandurbar/7979/2006|2006.12328767123","H5N1_Avian_GU354068_A/chicken/Nandurbar/7979/2006_India_2006/02/_7 (MP)",7,"GU354068","A/chicken/Nandurbar/7979/2006","H5N1","Avian","gal","Domestic","chicken","Asia","India","Nandurbar","2006/02/",2006.12328767123
"H5N1_Avian_gal_Domestic_Asia_India_A/chicken/India/82544/2008|2008.05753424658","H5N1_Avian_CY111084_A/chicken/India/82544/2008_India_2008/01/22_7 (MP)",7,"CY111084","A/chicken/India/82544/2008","H5N1","Avian","gal","Domestic","chicken","Asia","India","India","2008/01/22",2008.05753424658
"H5N1_Avian_gal_Domestic_Asia_India_A/chicken/West Bengal/193936/2009|2009.36712328767","H5N1_Avian_GU272009_A/chicken/West Bengal/193936/2009_India_2009/05/_7 (MP)",7,"GU272009","A/chicken/West Bengal/193936/2009","H5N1","Avian","gal","Domestic","chicken","Asia","India","West Bengal","2009/05/",2009.36712328767
"H5N1_Avian_gal_Domestic_Asia_India_A/chicken/West Bengal/239020/2010|2010.0301369863","H5N1_Avian_CY061297_A/chicken/West Bengal/239020/2010_India_2010/01/12_7 (MP)",7,"CY061297","A/chicken/West Bengal/239020/2010","H5N1","Avian","gal","Domestic","chicken","Asia","India","West Bengal","2010/01/12",2010.0301369863
"H5N1_Avian_gal_Domestic_Asia_India_A/chicken/India/CA0302/2011|2011.17534246575","H5N1_Avian_CY092131_A/chicken/India/CA0302/2011_India_2011/03/06_7 (MP)",7,"CY092131","A/chicken/India/CA0302/2011","H5N1","Avian","gal","Domestic","chicken","Asia","India","India","2011/03/06",2011.17534246575
"H5N1_Avian_gal_Domestic_Asia_Indonesia_A/chicken/East Java/UT1006/2003|2003.87123287671","H5N1_Avian_GQ122434_A/chicken/East Java/UT1006/2003_Indonesia_2003/11/15_7 (MP)",7,"GQ122434","A/chicken/East Java/UT1006/2003","H5N1","Avian","gal","Domestic","chicken","Asia","Indonesia","East Java","2003/11/15",2003.87123287671
"H5N1_Avian_gal_Domestic_Asia_Indonesia_A/quail/Yogjakarta/UT1023/2004|2004.03835616438","H5N1_Avian_GQ122441_A/quail/Yogjakarta/UT1023/2004_Indonesia_2004/01/15_7 (MP)",7,"GQ122441","A/quail/Yogjakarta/UT1023/2004","H5N1","Avian","gal","Domestic","quail","Asia","Indonesia","Yogjakarta","2004/01/15",2004.03835616438
"H5N1_Avian_gal_Domestic_Asia_Indonesia_A/chicken/Sulawesi Selatan/UT2093/2005|2005.45205479452","H5N1_Avian_GQ122482_A/chicken/Sulawesi Selatan/UT2093/2005_Indonesia_2005//_7 (MP)",7,"GQ122482","A/chicken/Sulawesi Selatan/UT2093/2005","H5N1","Avian","gal","Domestic","chicken","Asia","Indonesia","Sulawesi Selatan","2005//",2005.45205479452
"H5N1_Avian_gal_Domestic_Asia_Indonesia_A/chicken/East Java/UT6021/2006|2006.87123287671","H5N1_Avian_GQ122512_A/chicken/East Java/UT6021/2006_Indonesia_2006/11/_7 (MP)",7,"GQ122512","A/chicken/East Java/UT6021/2006","H5N1","Avian","gal","Domestic","chicken","Asia","Indonesia","East Java","2006/11/",2006.87123287671
"H5N1_Avian_gal_Domestic_Asia_Indonesia_A/chicken/East Java/UT6031/2007|2007.03835616438","H5N1_Avian_GQ122530_A/chicken/East Java/UT6031/2007_Indonesia_2007/01/_7 (MP)",7,"GQ122530","A/chicken/East Java/UT6031/2007","H5N1","Avian","gal","Domestic","chicken","Asia","Indonesia","East Java","2007/01/",2007.03835616438
"H5N1_Avian_gal_Domestic_Asia_Japan_A/chicken/Yamaguchi/7/2004|2004.45205479452","H5N1_Avian_AB166865_A/chicken/Yamaguchi/7/2004_Japan_2004//_7 (MP)",7,"AB166865","A/chicken/Yamaguchi/7/2004","H5N1","Avian","gal","Domestic","chicken","Asia","Japan","Yamaguchi","2004//",2004.45205479452
"H5N1_Avian_gal_Domestic_Asia_Japan_A/chicken/Shimane/1/2010|2010.87123287671","H5N1_Avian_AB684086_A/chicken/Shimane/1/2010_Japan_2010/11/_7 (MP)",7,"AB684086","A/chicken/Shimane/1/2010","H5N1","Avian","gal","Domestic","chicken","Asia","Japan","Shimane","2010/11/",2010.87123287671
"H5N1_Avian_gal_Domestic_Asia_Japan_A/chicken/Aichi/2/2011|2011.12328767123","H5N1_Avian_AB684181_A/chicken/Aichi/2/2011_Japan_2011/02/_7 (MP)",7,"AB684181","A/chicken/Aichi/2/2011","H5N1","Avian","gal","Domestic","chicken","Asia","Japan","Aichi","2011/02/",2011.12328767123
"H5N1_Avian_gal_Domestic_Asia_China_A/chicken/Jiangsu/cz1/2002|2002.45205479452","H5N1_Avian_DQ997179_A/chicken/Jiangsu/cz1/2002_China_2002//_7 (MP)",7,"DQ997179","A/chicken/Jiangsu/cz1/2002","H5N1","Avian","gal","Domestic","chicken","Asia","China","Jiangsu","2002//",2002.45205479452
"H5N1_Avian_gal_Domestic_Asia_China_A/chicken/Jiangsu/18/2008|2008.45205479452","H5N1_Avian_HM172134_A/chicken/Jiangsu/18/2008_China_2008//_7 (MP)",7,"HM172134","A/chicken/Jiangsu/18/2008","H5N1","Avian","gal","Domestic","chicken","Asia","China","Jiangsu","2008//",2008.45205479452
"H5N1_Avian_gal_Domestic_Asia_China_A/chicken/Jiangsu/k0402/2010|2010.1095890411","H5N1_Avian_JQ638675_A/chicken/Jiangsu/k0402/2010_China_2010/02/10_7 (MP)",7,"JQ638675","A/chicken/Jiangsu/k0402/2010","H5N1","Avian","gal","Domestic","chicken","Asia","China","Jiangsu","2010/02/10",2010.1095890411
"H5N1_Avian_gal_Domestic_Asia_China_A/chicken/Jiangxi/25/2004|2004.45205479452","H5N1_Avian_HM172459_A/chicken/Jiangxi/25/2004_China_2004//_7 (MP)",7,"HM172459","A/chicken/Jiangxi/25/2004","H5N1","Avian","gal","Domestic","chicken","Asia","China","Jiangxi","2004//",2004.45205479452
"H5N1_Avian_gal_Domestic_Asia_China_A/chicken/Jilin/hd/2002|2002.45205479452","H5N1_Avian_DQ997290_A/chicken/Jilin/hd/2002_China_2002//_7 (MP)",7,"DQ997290","A/chicken/Jilin/hd/2002","H5N1","Avian","gal","Domestic","chicken","Asia","China","Jilin","2002//",2002.45205479452
"H5N1_Avian_gal_Domestic_Asia_China_A/chicken/Jilin/ha/2003|2003.45205479452","H5N1_Avian_DQ997267_A/chicken/Jilin/ha/2003_China_2003//_7 (MP)",7,"DQ997267","A/chicken/Jilin/ha/2003","H5N1","Avian","gal","Domestic","chicken","Asia","China","Jilin","2003//",2003.45205479452
"H5N1_Avian_gal_Domestic_Asia_China_A/chicken/Jilin/9/2004|2004.45205479452","H5N1_Avian_AY653194_A/chicken/Jilin/9/2004_China_2004//_7 (MP)",7,"AY653194","A/chicken/Jilin/9/2004","H5N1","Avian","gal","Domestic","chicken","Asia","China","Jilin","2004//",2004.45205479452
"H5N1_Avian_gal_Domestic_Asia_Russia_A/chicken/Krasnodar/123/06|2006.45205479452","H5N1_Avian_EF205166_A/chicken/Krasnodar/123/06_Russia_2006//_7 (MP)",7,"EF205166","A/chicken/Krasnodar/123/06","H5N1","Avian","gal","Domestic","chicken","Asia","Russia","Krasnodar","2006//",2006.45205479452
"H5N1_Avian_gal_Domestic_Asia_Russia_A/chicken/Krasnodar/300/07|2007.67671232877","H5N1_Avian_EU163429_A/chicken/Krasnodar/300/07_Russia_2007/09/05_7 (MP)",7,"EU163429","A/chicken/Krasnodar/300/07","H5N1","Avian","gal","Domestic","chicken","Asia","Russia","Krasnodar","2007/09/05",2007.67671232877
"H5N1_Avian_gal_Domestic_Asia_Russia_A/chicken/Kurgan/05/2005|2005.45205479452","H5N1_Avian_DQ449633_A/chicken/Kurgan/05/2005_Russia_2005//_7 (MP)",7,"DQ449633","A/chicken/Kurgan/05/2005","H5N1","Avian","gal","Domestic","chicken","Asia","Russia","Kurgan","2005//",2005.45205479452
"H5N1_Avian_gal_Domestic_Asia_Kuwait_A/chicken/Kuwait/KISR7/2007|2007.45205479452","H5N1_Avian_CY029983_A/chicken/Kuwait/KISR7/2007_Kuwait_2007//_7 (MP)",7,"CY029983","A/chicken/Kuwait/KISR7/2007","H5N1","Avian","gal","Domestic","chicken","Asia","Kuwait","Kuwait","2007//",2007.45205479452
"H5N1_Avian_gal_Domestic_Asia_Laos_A/Chicken/Laos/Xaythiani 26/2006|2006.45205479452","H5N1_Avian_HM006754_A/Chicken/Laos/Xaythiani 26/2006_Laos_2006//_7 (MP)",7,"HM006754","A/Chicken/Laos/Xaythiani 26/2006","H5N1","Avian","gal","Domestic","Chicken","Asia","Laos","Laos","2006//",2006.45205479452
"H5N1_Avian_gal_Domestic_Asia_Laos_A/chicken/Laos/P0020/2007|2007.45205479452","H5N1_Avian_CY034691_A/chicken/Laos/P0020/2007_Laos_2007//_7 (MP)",7,"CY034691","A/chicken/Laos/P0020/2007","H5N1","Avian","gal","Domestic","chicken","Asia","Laos","Laos","2007//",2007.45205479452
"H5N1_Avian_gal_Domestic_Asia_Laos_A/chicken/Lao/LH1/2010|2010.36712328767","H5N1_Avian_CY098300_A/chicken/Lao/LH1/2010_Laos_2010/05/_7 (MP)",7,"CY098300","A/chicken/Lao/LH1/2010","H5N1","Avian","gal","Domestic","chicken","Asia","Laos","Lao","2010/05/",2010.36712328767
"H5N1_Avian_gal_Domestic_Asia_China_A/chicken/Liaoning/23/2005|2005.45205479452","H5N1_Avian_HM172458_A/chicken/Liaoning/23/2005_China_2005//_7 (MP)",7,"HM172458","A/chicken/Liaoning/23/2005","H5N1","Avian","gal","Domestic","chicken","Asia","China","Liaoning","2005//",2005.45205479452
"H5N1_Avian_gal_Domestic_Asia_China_A/chicken/Liaoning/A-11/2006|2006.45205479452","H5N1_Avian_HM172148_A/chicken/Liaoning/A-11/2006_China_2006//_7 (MP)",7,"HM172148","A/chicken/Liaoning/A-11/2006","H5N1","Avian","gal","Domestic","chicken","Asia","China","Liaoning","2006//",2006.45205479452
"H5N1_Avian_gal_Domestic_Asia_China_A/chicken/Liaoning/A-1/2007|2007.45205479452","H5N1_Avian_HM172163_A/chicken/Liaoning/A-1/2007_China_2007//_7 (MP)",7,"HM172163","A/chicken/Liaoning/A-1/2007","H5N1","Avian","gal","Domestic","chicken","Asia","China","Liaoning","2007//",2007.45205479452
"H5N1_Avian_gal_Domestic_Asia_Russia_A/chicken/Moscow/2/2007|2007.11780821918","H5N1_Avian_EF474449_A/chicken/Moscow/2/2007_Russia_2007/02/13_7 (MP)",7,"EF474449","A/chicken/Moscow/2/2007","H5N1","Avian","gal","Domestic","chicken","Asia","Russia","Moscow","2007/02/13",2007.11780821918
"H5N1_Avian_gal_Domestic_Asia_Myanmar_A/chicken/Pyigyitagon/204/2006|2006.45205479452","H5N1_Avian_AB478035_A/chicken/Pyigyitagon/204/2006_Myanmar_2006//_7 (MP)",7,"AB478035","A/chicken/Pyigyitagon/204/2006","H5N1","Avian","gal","Domestic","chicken","Asia","Myanmar","Pyigyitagon","2006//",2006.45205479452
"H5N1_Avian_gal_Domestic_Asia_Myanmar_A/chicken/Hmawbi/517/2007|2007.45205479452","H5N1_Avian_AB478036_A/chicken/Hmawbi/517/2007_Myanmar_2007//_7 (MP)",7,"AB478036","A/chicken/Hmawbi/517/2007","H5N1","Avian","gal","Domestic","chicken","Asia","Myanmar","Hmawbi","2007//",2007.45205479452
"H5N1_Avian_gal_Domestic_Africa_Nigeria_A/chicken/Nigeria/1047-30/2006|2006.45205479452","H5N1_Avian_CY016940_A/chicken/Nigeria/1047-30/2006_Nigeria_2006//_7 (MP)",7,"CY016940","A/chicken/Nigeria/1047-30/2006","H5N1","Avian","gal","Domestic","chicken","Africa","Nigeria","Nigeria","2006//",2006.45205479452
"H5N1_Avian_gal_Domestic_Asia_China_A/chicken/Ningxia/24/2006|2006.45205479452","H5N1_Avian_HM172136_A/chicken/Ningxia/24/2006_China_2006//_7 (MP)",7,"HM172136","A/chicken/Ningxia/24/2006","H5N1","Avian","gal","Domestic","chicken","Asia","China","Ningxia","2006//",2006.45205479452
"H5N1_Avian_gal_Domestic_Asia_Russia_A/chicken/Omsk/14/05|2005.45205479452","H5N1_Avian_EF205162_A/chicken/Omsk/14/05_Russia_2005//_7 (MP)",7,"EF205162","A/chicken/Omsk/14/05","H5N1","Avian","gal","Domestic","chicken","Asia","Russia","Omsk","2005//",2005.45205479452
"H5N1_Avian_gal_Domestic_Asia_Pakistan_A/chicken/Sihala/NARC3303.4/2006|2006.45205479452","H5N1_Avian_CY037773_A/chicken/Sihala/NARC3303.4/2006_Pakistan_2006//_7 (MP)",7,"CY037773","A/chicken/Sihala/NARC3303.4/2006","H5N1","Avian","gal","Domestic","chicken","Asia","Pakistan","Sihala","2006//",2006.45205479452
"H5N1_Avian_gal_Domestic_Europe_Poland_A/chicken/Poland/R3248/2007|2007.45205479452","H5N1_Avian_FM163443_A/chicken/Poland/R3248/2007_Poland_2007//_7 (MP)",7,"FM163443","A/chicken/Poland/R3248/2007","H5N1","Avian","gal","Domestic","chicken","Europe","Poland","Poland","2007//",2007.45205479452
"H5N1_Avian_gal_Domestic_Asia_Russia_A/chicken/Primorje/1/2008|2008.27123287671","H5N1_Avian_EU676173_A/chicken/Primorje/1/2008_Russia_2008/04/10_7 (MP)",7,"EU676173","A/chicken/Primorje/1/2008","H5N1","Avian","gal","Domestic","chicken","Asia","Russia","Primorje","2008/04/10",2008.27123287671
"H5N1_Avian_gal_Domestic_Asia_Russia_A/chicken/Reshoty/02/2006|2006.45205479452","H5N1_Avian_CY047486_A/chicken/Reshoty/02/2006_Russia_2006/06/_7 (MP)",7,"CY047486","A/chicken/Reshoty/02/2006","H5N1","Avian","gal","Domestic","chicken","Asia","Russia","Reshoty","2006/06/",2006.45205479452
"H5N1_Avian_gal_Domestic_Asia_Russia_A/chicken/Rostov/22-1/2007|2007.45205479452","H5N1_Avian_EU402399_A/chicken/Rostov/22-1/2007_Russia_2007//_7 (MP)",7,"EU402399","A/chicken/Rostov/22-1/2007","H5N1","Avian","gal","Domestic","chicken","Asia","Russia","Rostov","2007//",2007.45205479452
"H5N1_Avian_gal_Domestic_Asia_Russia_A/chicken/Rostov-on-Don/35/2007|2007.95068493151","H5N1_Avian_EU401752_A/chicken/Rostov-on-Don/35/2007_Russia_2007/12/14_7 (MP)",7,"EU401752","A/chicken/Rostov-on-Don/35/2007","H5N1","Avian","gal","Domestic","chicken","Asia","Russia","Rostov-on-Don","2007/12/14",2007.95068493151
"H5N1_Avian_gal_Domestic_Asia_Russia_A/chicken/Russia_Krasnodar/2/2007|2007.45205479452","H5N1_Avian_EF605598_A/chicken/Russia_Krasnodar/2/2007_Russia_2007//_7 (MP)",7,"EF605598","A/chicken/Russia_Krasnodar/2/2007","H5N1","Avian","gal","Domestic","chicken","Asia","Russia","Russia_Krasnodar","2007//",2007.45205479452
"H5N1_Avian_gal_Domestic_Asia_Saudi Arabia_A/turkey/Saudi Arabia/6732-6/2007|2007.45205479452","H5N1_Avian_EU590690_A/turkey/Saudi Arabia/6732-6/2007_Saudi Arabia_2007//_7 (MP)",7,"EU590690","A/turkey/Saudi Arabia/6732-6/2007","H5N1","Avian","gal","Domestic","turkey","Asia","Saudi Arabia","Saudi Arabia","2007//",2007.45205479452
"H5N1_Avian_gal_Domestic_Asia_China_A/chicken/Shandong/A-10/2006|2006.45205479452","H5N1_Avian_HM172139_A/chicken/Shandong/A-10/2006_China_2006//_7 (MP)",7,"HM172139","A/chicken/Shandong/A-10/2006","H5N1","Avian","gal","Domestic","chicken","Asia","China","Shandong","2006//",2006.45205479452
"H5N1_Avian_gal_Domestic_Asia_China_A/chicken/Shandong/A-1/2009|2009.45205479452","H5N1_Avian_HM172153_A/chicken/Shandong/A-1/2009_China_2009//_7 (MP)",7,"HM172153","A/chicken/Shandong/A-1/2009","H5N1","Avian","gal","Domestic","chicken","Asia","China","Shandong","2009//",2009.45205479452
"H5N1_Avian_gal_Domestic_Asia_China_A/chicken/Shanxi/10/2006|2006.45205479452","H5N1_Avian_HM172135_A/chicken/Shanxi/10/2006_China_2006//_7 (MP)",7,"HM172135","A/chicken/Shanxi/10/2006","H5N1","Avian","gal","Domestic","chicken","Asia","China","Shanxi","2006//",2006.45205479452
"H5N1_Avian_gal_Domestic_Asia_China_A/chicken/Sheny/0606/2008|2008.42739726027","H5N1_Avian_JQ277228_A/chicken/Sheny/0606/2008_China_2008/06/06_7 (MP)",7,"JQ277228","A/chicken/Sheny/0606/2008","H5N1","Avian","gal","Domestic","chicken","Asia","China","Sheny","2008/06/06",2008.42739726027
"H5N1_Avian_gal_Domestic_Asia_China_A/chicken/Sichuan/81/2005|2005.45205479452","H5N1_Avian_HM172118_A/chicken/Sichuan/81/2005_China_2005//_7 (MP)",7,"HM172118","A/chicken/Sichuan/81/2005","H5N1","Avian","gal","Domestic","chicken","Asia","China","Sichuan","2005//",2005.45205479452
"H5N1_Avian_gal_Domestic_Africa_Sudan_A/chicken/Sudan/2115-9/2006|2006.45205479452","H5N1_Avian_CY020670_A/chicken/Sudan/2115-9/2006_Sudan_2006//_7 (MP)",7,"CY020670","A/chicken/Sudan/2115-9/2006","H5N1","Avian","gal","Domestic","chicken","Africa","Sudan","Sudan","2006//",2006.45205479452
"H5N1_Avian_gal_Domestic_Asia_Russia_A/chicken/Suzdalka/06/05|2005.45205479452","H5N1_Avian_EF205161_A/chicken/Suzdalka/06/05_Russia_2005//_7 (MP)",7,"EF205161","A/chicken/Suzdalka/06/05","H5N1","Avian","gal","Domestic","chicken","Asia","Russia","Suzdalka","2005//",2005.45205479452
"H5N1_Avian_gal_Domestic_Asia_Thailand_A/chicken/Suphanburi/NIAH7540/2004|2004.45205479452","H5N1_Avian_AB450630_A/chicken/Suphanburi/NIAH7540/2004_Thailand_2004//_7 (MP)",7,"AB450630","A/chicken/Suphanburi/NIAH7540/2004","H5N1","Avian","gal","Domestic","chicken","Asia","Thailand","Suphanburi","2004//",2004.45205479452
"H5N1_Avian_gal_Domestic_Asia_Thailand_A/quail/Nakhon Pathom/NIAH7562/2005|2005.45205479452","H5N1_Avian_AB450633_A/quail/Nakhon Pathom/NIAH7562/2005_Thailand_2005//_7 (MP)",7,"AB450633","A/quail/Nakhon Pathom/NIAH7562/2005","H5N1","Avian","gal","Domestic","quail","Asia","Thailand","Nakhon Pathom","2005//",2005.45205479452
"H5N1_Avian_gal_Domestic_Asia_Thailand_A/chicken/Thailand/TS03/2006|2006.45205479452","H5N1_Avian_JQ794464_A/chicken/Thailand/TS03/2006_Thailand_2006//_7 (MP)",7,"JQ794464","A/chicken/Thailand/TS03/2006","H5N1","Avian","gal","Domestic","chicken","Asia","Thailand","Thailand","2006//",2006.45205479452
"H5N1_Avian_gal_Domestic_Asia_Thailand_A/chicken/Uthaithani/NIAH115067/2008|2008.45205479452","H5N1_Avian_FJ868036_A/chicken/Uthaithani/NIAH115067/2008_Thailand_2008//_7 (MP)",7,"FJ868036","A/chicken/Uthaithani/NIAH115067/2008","H5N1","Avian","gal","Domestic","chicken","Asia","Thailand","Uthaithani","2008//",2008.45205479452
"H5N1_Avian_gal_Domestic_Asia_China_A/chicken/Tibet/6/2008|2008.45205479452","H5N1_Avian_HM172162_A/chicken/Tibet/6/2008_China_2008//_7 (MP)",7,"HM172162","A/chicken/Tibet/6/2008","H5N1","Avian","gal","Domestic","chicken","Asia","China","Tibet","2008//",2008.45205479452
"H5N1_Avian_gal_Domestic_Asia_Russia_A/chicken/Tula/4/05|2005.45205479452","H5N1_Avian_EF205167_A/chicken/Tula/4/05_Russia_2005//_7 (MP)",7,"EF205167","A/chicken/Tula/4/05","H5N1","Avian","gal","Domestic","chicken","Asia","Russia","Tula","2005//",2005.45205479452
"H5N1_Avian_gal_Domestic_Asia_Viet Nam_A/chicken/Viet Nam/TG-023/2004|2004.45205479452","H5N1_Avian_DQ094259_A/chicken/Viet Nam/TG-023/2004_Viet Nam_2004//_7 (MP)",7,"DQ094259","A/chicken/Viet Nam/TG-023/2004","H5N1","Avian","gal","Domestic","chicken","Asia","Viet Nam","Viet Nam","2004//",2004.45205479452
"H5N1_Avian_gal_Domestic_Asia_Viet Nam_A/chicken/Viet Nam/8/2005|2005.45205479452","H5N1_Avian_CY016852_A/chicken/Viet Nam/8/2005_Viet Nam_2005//_7 (MP)",7,"CY016852","A/chicken/Viet Nam/8/2005","H5N1","Avian","gal","Domestic","chicken","Asia","Viet Nam","Viet Nam","2005//",2005.45205479452
"H5N1_Avian_gal_Domestic_Asia_Viet Nam_A/chicken/Ca Mau/1180/2006|2006.98630136986","H5N1_Avian_JX420209_A/chicken/Ca Mau/1180/2006_Viet Nam_2006/12/27_7 (MP)",7,"JX420209","A/chicken/Ca Mau/1180/2006","H5N1","Avian","gal","Domestic","chicken","Asia","Viet Nam","Ca Mau","2006/12/27",2006.98630136986
"H5N1_Avian_gal_Domestic_Asia_Viet Nam_A/chicken/Hanoi/45/2007|2007.45205479452","H5N1_Avian_JX420145_A/chicken/Hanoi/45/2007_Viet Nam_2007//_7 (MP)",7,"JX420145","A/chicken/Hanoi/45/2007","H5N1","Avian","gal","Domestic","chicken","Asia","Viet Nam","Hanoi","2007//",2007.45205479452
"H5N1_Avian_gal_Domestic_Asia_Viet Nam_A/chicken/Soc Trang/5/2012|2012.45753424658","H5N1_Avian_AB818508_A/chicken/Soc Trang/5/2012_Viet Nam_2012/06/17_7 (MP)",7,"AB818508","A/chicken/Soc Trang/5/2012","H5N1","Avian","gal","Domestic","chicken","Asia","Viet Nam","Soc Trang","2012/06/17",2012.45753424658
"H5N1_Avian_gal_Domestic_Asia_China_A/chicken/Xinjiang/53/2005|2005.45205479452","H5N1_Avian_HM172138_A/chicken/Xinjiang/53/2005_China_2005//_7 (MP)",7,"HM172138","A/chicken/Xinjiang/53/2005","H5N1","Avian","gal","Domestic","chicken","Asia","China","Xinjiang","2005//",2005.45205479452
"H5N1_Avian_gal_Domestic_Asia_China_A/chicken/Xinjiang/28/2006|2006.45205479452","H5N1_Avian_HM172144_A/chicken/Xinjiang/28/2006_China_2006//_7 (MP)",7,"HM172144","A/chicken/Xinjiang/28/2006","H5N1","Avian","gal","Domestic","chicken","Asia","China","Xinjiang","2006//",2006.45205479452
"H5N1_Avian_acc_Wild_Europe_Belgium_A/crested eagle/Belgium/01/2004|2004.45205479452","H5N1_Avian_DQ256136_A/crested eagle/Belgium/01/2004_Belgium_2004//_7 (MP)",7,"DQ256136","A/crested eagle/Belgium/01/2004","H5N1","Avian","acc","Wild","crested eagle","Europe","Belgium","Belgium","2004//",2004.45205479452
"H5N1_Avian_acc_Wild_Asia_Japan_A/mountain hawk-eagle/Kumamoto/1/07|2007.45205479452","H5N1_Avian_AB525194_A/mountain hawk-eagle/Kumamoto/1/07_Japan_2007//_7 (MP)",7,"AB525194","A/mountain hawk-eagle/Kumamoto/1/07","H5N1","Avian","acc","Wild","mountain hawk-eagle","Asia","Japan","Kumamoto","2007//",2007.45205479452
"H5N1_Avian_acc_Wild_Asia_South Korea_A/Eurasian eagle owl/Korea/23/2010|2010.90136986301","H5N1_Avian_JQ710460_A/Eurasian eagle owl/Korea/23/2010_South Korea_2010/11/26_7 (MP)",7,"JQ710460","A/Eurasian eagle owl/Korea/23/2010","H5N1","Avian","acc","Wild","Eurasian eagle owl","Asia","South Korea","Korea","2010/11/26",2010.90136986301
"H5N1_Avian_ans_Wild_Asia_Russia_A/Cygnus olor/Astrakhan/Ast05-2-10/2005|2005.90136986301","H5N1_Avian_DQ434888_A/Cygnus olor/Astrakhan/Ast05-2-10/2005_Russia_2005/11/26_7 (MP)",7,"DQ434888","A/Cygnus olor/Astrakhan/Ast05-2-10/2005","H5N1","Avian","ans","Wild","Cygnus olor","Asia","Russia","Astrakhan","2005/11/26",2005.90136986301
"H5N1_Avian_ans_Wild_Asia_Russia_A/Cygnus olor/Caspian Sea/2006|2006.45205479452","H5N1_Avian_CY063863_A/Cygnus olor/Caspian Sea/2006_Russia_2006//_7 (MP)",7,"CY063863","A/Cygnus olor/Caspian Sea/2006","H5N1","Avian","ans","Wild","Cygnus olor","Asia","Russia","Caspian Sea","2006//",2006.45205479452
"H5N1_Avian_ans_Wild_Europe_Croatia_A/cygnus olor/Croatia/1/2005|2005.45205479452","H5N1_Avian_CY016820_A/cygnus olor/Croatia/1/2005_Croatia_2005//_7 (MP)",7,"CY016820","A/cygnus olor/Croatia/1/2005","H5N1","Avian","ans","Wild","cygnus olor","Europe","Croatia","Croatia","2005//",2005.45205479452
"H5N1_Avian_ans_Wild_Asia_China_A/wild duck/Fujian/1/2011|2011.18630136986","H5N1_Avian_JX534592_A/wild duck/Fujian/1/2011_China_2011/03/10_7 (MP)",7,"JX534592","A/wild duck/Fujian/1/2011","H5N1","Avian","ans","Wild","wild duck","Asia","China","Fujian","2011/03/10",2011.18630136986
"H5N1_Avian_ans_Wild_Europe_Germany_A/teal/Germany/WV632/2005|2005.89863013699","H5N1_Avian_CY061888_A/teal/Germany/WV632/2005_Germany_2005/11/25_7 (MP)",7,"CY061888","A/teal/Germany/WV632/2005","H5N1","Avian","ans","Wild","teal","Europe","Germany","Germany","2005/11/25",2005.89863013699
"H5N1_Avian_ans_Wild_Europe_Germany_A/swan/Germany/R65/2006|2006.12328767123","H5N1_Avian_DQ464356_A/swan/Germany/R65/2006_Germany_2006/02/_7 (MP)",7,"DQ464356","A/swan/Germany/R65/2006","H5N1","Avian","ans","Wild","swan","Europe","Germany","Germany","2006/02/",2006.12328767123
"H5N1_Avian_ans_Wild_Europe_Germany_A/mute swan/Germany/R1359/2007|2007.45205479452","H5N1_Avian_AM913998_A/mute swan/Germany/R1359/2007_Germany_2007//_7 (MP)",7,"AM913998","A/mute swan/Germany/R1359/2007","H5N1","Avian","ans","Wild","mute swan","Europe","Germany","Germany","2007//",2007.45205479452
"H5N1_Avian_ans_Wild_Asia_China_A/wild duck/Guangdong/314/2004|2004.45205479452","H5N1_Avian_AY950242_A/wild duck/Guangdong/314/2004_China_2004//_7 (MP)",7,"AY950242","A/wild duck/Guangdong/314/2004","H5N1","Avian","ans","Wild","wild duck","Asia","China","Guangdong","2004//",2004.45205479452
"H5N1_Avian_ans_Wild_Asia_China_A/swan/Guangxi/307/2004|2004.45205479452","H5N1_Avian_AY950243_A/swan/Guangxi/307/2004_China_2004//_7 (MP)",7,"AY950243","A/swan/Guangxi/307/2004","H5N1","Avian","ans","Wild","swan","Asia","China","Guangxi","2004//",2004.45205479452
"H5N1_Avian_ans_Wild_Asia_Hong Kong_A/waterfowl/Hong Kong/378.5/2001|2001.45205479452","H5N1_Avian_GU186693_A/waterfowl/Hong Kong/378.5/2001_Hong Kong_2001//_7 (MP)",7,"GU186693","A/waterfowl/Hong Kong/378.5/2001","H5N1","Avian","ans","Wild","waterfowl","Asia","Hong Kong","Hong Kong","2001//",2001.45205479452
"H5N1_Avian_ans_Wild_Asia_China_A/mallard/Huadong/Y/2003|2003.45205479452","H5N1_Avian_EU195419_A/mallard/Huadong/Y/2003_China_2003//_7 (MP)",7,"EU195419","A/mallard/Huadong/Y/2003","H5N1","Avian","ans","Wild","mallard","Asia","China","Huadong","2003//",2003.45205479452
"H5N1_Avian_ans_Wild_Asia_China_A/mallard/Huadong/hn/2005|2005.45205479452","H5N1_Avian_EU195411_A/mallard/Huadong/hn/2005_China_2005//_7 (MP)",7,"EU195411","A/mallard/Huadong/hn/2005","H5N1","Avian","ans","Wild","mallard","Asia","China","Huadong","2005//",2005.45205479452
"H5N1_Avian_ans_Wild_Asia_China_A/wild duck/Hunan/021/2005|2005.45205479452","H5N1_Avian_EU329180_A/wild duck/Hunan/021/2005_China_2005//_7 (MP)",7,"EU329180","A/wild duck/Hunan/021/2005","H5N1","Avian","ans","Wild","wild duck","Asia","China","Hunan","2005//",2005.45205479452
"H5N1_Avian_ans_Wild_Europe_Hungary_A/mute swan/Hungary/3472/2006|2006.09863013699","H5N1_Avian_FJ445227_A/mute swan/Hungary/3472/2006_Hungary_2006/02/06_7 (MP)",7,"FJ445227","A/mute swan/Hungary/3472/2006","H5N1","Avian","ans","Wild","mute swan","Europe","Hungary","Hungary","2006/02/06",2006.09863013699
"H5N1_Avian_ans_Wild_Asia_Iran_A/Cygnus cygnus/Iran/754/2006|2006.45205479452","H5N1_Avian_CY016780_A/Cygnus cygnus/Iran/754/2006_Iran_2006//_7 (MP)",7,"CY016780","A/Cygnus cygnus/Iran/754/2006","H5N1","Avian","ans","Wild","Cygnus cygnus","Asia","Iran","Iran","2006//",2006.45205479452
"H5N1_Avian_ans_Wild_Europe_Italy_A/mallard/Italy/3401/2005|2005.45205479452","H5N1_Avian_CY021398_A/mallard/Italy/3401/2005_Italy_2005//_7 (MP)",7,"CY021398","A/mallard/Italy/3401/2005","H5N1","Avian","ans","Wild","mallard","Europe","Italy","Italy","2005//",2005.45205479452
"H5N1_Avian_ans_Wild_Europe_Italy_A/cygnus olor/Italy/808/2006|2006.45205479452","H5N1_Avian_CY020350_A/cygnus olor/Italy/808/2006_Italy_2006//_7 (MP)",7,"CY020350","A/cygnus olor/Italy/808/2006","H5N1","Avian","ans","Wild","cygnus olor","Europe","Italy","Italy","2006//",2006.45205479452
"H5N1_Avian_ans_Wild_Asia_Japan_A/whooper swan/Hokkaido/1/2008|2008.45205479452","H5N1_Avian_AB436553_A/whooper swan/Hokkaido/1/2008_Japan_2008//_7 (MP)",7,"AB436553","A/whooper swan/Hokkaido/1/2008","H5N1","Avian","ans","Wild","whooper swan","Asia","Japan","Hokkaido","2008//",2008.45205479452
"H5N1_Avian_ans_Wild_Asia_Japan_A/mallard/Hokkaido/24/2009|2009.45205479452","H5N1_Avian_AB530995_A/mallard/Hokkaido/24/2009_Japan_2009//_7 (MP)",7,"AB530995","A/mallard/Hokkaido/24/2009","H5N1","Avian","ans","Wild","mallard","Asia","Japan","Hokkaido","2009//",2009.45205479452
"H5N1_Avian_ans_Wild_Asia_Japan_A/mute swan/Toyama/1/2010|2010.95342465753","H5N1_Avian_AB684093_A/mute swan/Toyama/1/2010_Japan_2010/12/_7 (MP)",7,"AB684093","A/mute swan/Toyama/1/2010","H5N1","Avian","ans","Wild","mute swan","Asia","Japan","Toyama","2010/12/",2010.95342465753
"H5N1_Avian_ans_Wild_Asia_Japan_A/mandarin duck/Miyazaki/22M-765/2011|2011.2","H5N1_Avian_AB684231_A/mandarin duck/Miyazaki/22M-765/2011_Japan_2011/03/_7 (MP)",7,"AB684231","A/mandarin duck/Miyazaki/22M-765/2011","H5N1","Avian","ans","Wild","mandarin duck","Asia","Japan","Miyazaki","2011/03/",2011.2
"H5N1_Avian_ans_Wild_Asia_China_A/wild duck/Jilin/HF/2011|2011.31232876712","H5N1_Avian_JX534576_A/wild duck/Jilin/HF/2011_China_2011/04/25_7 (MP)",7,"JX534576","A/wild duck/Jilin/HF/2011","H5N1","Avian","ans","Wild","wild duck","Asia","China","Jilin","2011/04/25",2011.31232876712
"H5N1_Avian_ans_Wild_Asia_Russia_A/Cygnus cygnus/Krasnodar/329/07|2007.67945205479","H5N1_Avian_EU257633_A/Cygnus cygnus/Krasnodar/329/07_Russia_2007/09/06_7 (MP)",7,"EU257633","A/Cygnus cygnus/Krasnodar/329/07","H5N1","Avian","ans","Wild","Cygnus cygnus","Asia","Russia","Krasnodar","2007/09/06",2007.67945205479
"H5N1_Avian_ans_Wild_Asia_China_A/wild duck/Liaoning/8/2006|2006.45205479452","H5N1_Avian_HM172146_A/wild duck/Liaoning/8/2006_China_2006//_7 (MP)",7,"HM172146","A/wild duck/Liaoning/8/2006","H5N1","Avian","ans","Wild","wild duck","Asia","China","Liaoning","2006//",2006.45205479452
"H5N1_Avian_ans_Wild_Asia_Mongolia_A/bar-headed goose/Mongolia/1/05|2005.53424657534","H5N1_Avian_AB239305_A/bar-headed goose/Mongolia/1/05_Mongolia_2005/07/_7 (MP)",7,"AB239305","A/bar-headed goose/Mongolia/1/05","H5N1","Avian","ans","Wild","bar-headed goose","Asia","Mongolia","Mongolia","2005/07/",2005.53424657534
"H5N1_Avian_ans_Wild_Asia_Mongolia_A/common goldeneye/Mongolia/12/2006|2006.36712328767","H5N1_Avian_AB284327_A/common goldeneye/Mongolia/12/2006_Mongolia_2006/05/_7 (MP)",7,"AB284327","A/common goldeneye/Mongolia/12/2006","H5N1","Avian","ans","Wild","common goldeneye","Asia","Mongolia","Mongolia","2006/05/",2006.36712328767
"H5N1_Avian_ans_Wild_Asia_Mongolia_A/bar-headed goose/Mongolia/X53/2009|2009.53424657534","H5N1_Avian_AB523770_A/bar-headed goose/Mongolia/X53/2009_Mongolia_2009/07/_7 (MP)",7,"AB523770","A/bar-headed goose/Mongolia/X53/2009","H5N1","Avian","ans","Wild","bar-headed goose","Asia","Mongolia","Mongolia","2009/07/",2009.53424657534
"H5N1_Avian_ans_Wild_Asia_Mongolia_A/whooper swan/Mongolia/1/2010|2010.36712328767","H5N1_Avian_AB569351_A/whooper swan/Mongolia/1/2010_Mongolia_2010/05/_7 (MP)",7,"AB569351","A/whooper swan/Mongolia/1/2010","H5N1","Avian","ans","Wild","whooper swan","Asia","Mongolia","Mongolia","2010/05/",2010.36712328767
"H5N1_Avian_ans_Wild_Asia_Russia_A/grebe/Novosibirsk/29/2005|2005.45205479452","H5N1_Avian_DQ234077_A/grebe/Novosibirsk/29/2005_Russia_2005//_7 (MP)",7,"DQ234077","A/grebe/Novosibirsk/29/2005","H5N1","Avian","ans","Wild","grebe","Asia","Russia","Novosibirsk","2005//",2005.45205479452
"H5N1_Avian_ans_Wild_Asia_China_A/bar-headed goose/Qinghai/3/2005|2005.45205479452","H5N1_Avian_HM172457_A/bar-headed goose/Qinghai/3/2005_China_2005//_7 (MP)",7,"HM172457","A/bar-headed goose/Qinghai/3/2005","H5N1","Avian","ans","Wild","bar-headed goose","Asia","China","Qinghai","2005//",2005.45205479452
"H5N1_Avian_ans_Wild_Asia_China_A/bar-headed goose/Qinghai/1-HVRI/2006|2006.45205479452","H5N1_Avian_HM172132_A/bar-headed goose/Qinghai/1-HVRI/2006_China_2006//_7 (MP)",7,"HM172132","A/bar-headed goose/Qinghai/1-HVRI/2006","H5N1","Avian","ans","Wild","bar-headed goose","Asia","China","Qinghai","2006//",2006.45205479452
"H5N1_Avian_ans_Wild_Asia_China_A/great crested-grebe/Qinghai/1/2009|2009.36712328767","H5N1_Avian_CY063321_A/great crested-grebe/Qinghai/1/2009_China_2009/05/15_7 (MP)",7,"CY063321","A/great crested-grebe/Qinghai/1/2009","H5N1","Avian","ans","Wild","great crested-grebe","Asia","China","Qinghai","2009/05/15",2009.36712328767
"H5N1_Avian_ans_Wild_Asia_China_A/wild duck/Shandong/628/2011|2011.28219178082","H5N1_Avian_JX534568_A/wild duck/Shandong/628/2011_China_2011/04/14_7 (MP)",7,"JX534568","A/wild duck/Shandong/628/2011","H5N1","Avian","ans","Wild","wild duck","Asia","China","Shandong","2011/04/14",2011.28219178082
"H5N1_Avian_ans_Wild_Asia_China_A/swan/Shanghai/10/2009|2009.03835616438","H5N1_Avian_JF975564_A/swan/Shanghai/10/2009_China_2009/01/_7 (MP)",7,"JF975564","A/swan/Shanghai/10/2009","H5N1","Avian","ans","Wild","swan","Asia","China","Shanghai","2009/01/",2009.03835616438
"H5N1_Avian_ans_Wild_Europe_Slovenia_A/swan/Slovenia/760/2006|2006.45205479452","H5N1_Avian_CY017044_A/swan/Slovenia/760/2006_Slovenia_2006//_7 (MP)",7,"CY017044","A/swan/Slovenia/760/2006","H5N1","Avian","ans","Wild","swan","Europe","Slovenia","Slovenia","2006//",2006.45205479452
"H5N1_Avian_ans_Wild_Asia_South Korea_A/wild duck/Korea/SNU50-5/2009|2009.73698630137","H5N1_Avian_JX497771_A/wild duck/Korea/SNU50-5/2009_South Korea_2009/09/27_7 (MP)",7,"JX497771","A/wild duck/Korea/SNU50-5/2009","H5N1","Avian","ans","Wild","wild duck","Asia","South Korea","Korea","2009/09/27",2009.73698630137
"H5N1_Avian_ans_Wild_Asia_South Korea_A/mandarin duck/Korea/PSC24-24/2010|2010.98904109589","H5N1_Avian_JQ710452_A/mandarin duck/Korea/PSC24-24/2010_South Korea_2010/12/28_7 (MP)",7,"JQ710452","A/mandarin duck/Korea/PSC24-24/2010","H5N1","Avian","ans","Wild","mandarin duck","Asia","South Korea","Korea","2010/12/28",2010.98904109589
"H5N1_Avian_ans_Wild_Asia_Thailand_A/little grebe/Thailand/Phichit-01/2004|2004.45205479452","H5N1_Avian_DQ407247_A/little grebe/Thailand/Phichit-01/2004_Thailand_2004//_7 (MP)",7,"DQ407247","A/little grebe/Thailand/Phichit-01/2004","H5N1","Avian","ans","Wild","little grebe","Asia","Thailand","Thailand","2004//",2004.45205479452
"H5N1_Avian_ans_Wild_Asia_China_A/bar-headed goose/Tibet/8/2006|2006.45205479452","H5N1_Avian_HM172128_A/bar-headed goose/Tibet/8/2006_China_2006//_7 (MP)",7,"HM172128","A/bar-headed goose/Tibet/8/2006","H5N1","Avian","ans","Wild","bar-headed goose","Asia","China","Tibet","2006//",2006.45205479452
"H5N1_Avian_ans_Wild_Asia_Russia_A/grebe/Tyva/Tyv06-2/06|2006.47671232877","H5N1_Avian_DQ852604_A/grebe/Tyva/Tyv06-2/06_Russia_2006/06/24_7 (MP)",7,"DQ852604","A/grebe/Tyva/Tyv06-2/06","H5N1","Avian","ans","Wild","grebe","Asia","Russia","Tyva","2006/06/24",2006.47671232877
"H5N1_Avian_ans_Wild_Asia_Russia_A/grebe/Tyva/3/2009|2009.47123287671","H5N1_Avian_GQ386148_A/grebe/Tyva/3/2009_Russia_2009/06/22_7 (MP)",7,"GQ386148","A/grebe/Tyva/3/2009","H5N1","Avian","ans","Wild","grebe","Asia","Russia","Tyva","2009/06/22",2009.47123287671
"H5N1_Avian_ans_Wild_Asia_Russia_A/grebe/Tyva/2/2010|2010.47123287671","H5N1_Avian_HQ630843_A/grebe/Tyva/2/2010_Russia_2010/06/22_7 (MP)",7,"HQ630843","A/grebe/Tyva/2/2010","H5N1","Avian","ans","Wild","grebe","Asia","Russia","Tyva","2010/06/22",2010.47123287671
"H5N1_Avian_cic_Wild_Asia_Cambodia_A/marabou stork/Cambodia/TM068/2011|2011.53150684932","H5N1_Avian_JQ701715_A/marabou stork/Cambodia/TM068/2011_Cambodia_2011/07/14_7 (MP)",7,"JQ701715","A/marabou stork/Cambodia/TM068/2011","H5N1","Avian","cic","Wild","marabou stork","Asia","Cambodia","Cambodia","2011/07/14",2011.53150684932
"H5N1_Avian_cic_Wild_Asia_Thailand_A/openbill stork/Thailand/VSMU-4-NSN/2004|2004.09589041096","H5N1_Avian_HM627916_A/openbill stork/Thailand/VSMU-4-NSN/2004_Thailand_2004/02/05_7 (MP)",7,"HM627916","A/openbill stork/Thailand/VSMU-4-NSN/2004","H5N1","Avian","cic","Wild","openbill stork","Asia","Thailand","Thailand","2004/02/05",2004.09589041096
"H5N1_Avian_cic_Wild_Asia_Thailand_A/open-billed stork/Nakhonsawan/BBD3616M/05|2005.45205479452","H5N1_Avian_EF112367_A/open-billed stork/Nakhonsawan/BBD3616M/05_Thailand_2005//_7 (MP)",7,"EF112367","A/open-billed stork/Nakhonsawan/BBD3616M/05","H5N1","Avian","cic","Wild","open-billed stork","Asia","Thailand","Nakhonsawan","2005//",2005.45205479452
"H5N1_Avian_fal_Wild_Asia_Hong Kong_A/peregrine falcon/Hong Kong/2142/2008|2008.45205479452","H5N1_Avian_CY036272_A/peregrine falcon/Hong Kong/2142/2008_Hong Kong_2008//_7 (MP)",7,"CY036272","A/peregrine falcon/Hong Kong/2142/2008","H5N1","Avian","fal","Wild","peregrine falcon","Asia","Hong Kong","Hong Kong","2008//",2008.45205479452
"H5N1_Avian_fal_Wild_Asia_Japan_A/peregrine falcon/Aomori/7/2011|2011.2","H5N1_Avian_AB629716_A/peregrine falcon/Aomori/7/2011_Japan_2011/03/15_7 (MP)",7,"AB629716","A/peregrine falcon/Aomori/7/2011","H5N1","Avian","fal","Wild","peregrine falcon","Asia","Japan","Aomori","2011/03/15",2011.2
"H5N1_Avian_fal_Wild_Asia_Kuwait_A/saker falcon/Kuwait/0286/2007|2007.45205479452","H5N1_Avian_EU700512_A/saker falcon/Kuwait/0286/2007_Kuwait_2007//_7 (MP)",7,"EU700512","A/saker falcon/Kuwait/0286/2007","H5N1","Avian","fal","Wild","saker falcon","Asia","Kuwait","Kuwait","2007//",2007.45205479452
"H5N1_Avian_fal_Wild_Asia_Saudi Arabia_A/falcon/Saudi Arabia/D1795/2005|2005.45205479452","H5N1_Avian_EU748906_A/falcon/Saudi Arabia/D1795/2005_Saudi Arabia_2005//_7 (MP)",7,"EU748906","A/falcon/Saudi Arabia/D1795/2005","H5N1","Avian","fal","Wild","falcon","Asia","Saudi Arabia","Saudi Arabia","2005//",2005.45205479452
"H5N1_Avian_fal_Wild_Asia_Saudi Arabia_A/falcon/Saudi Arabia/D1936/2007|2007.45205479452","H5N1_Avian_CY035244_A/falcon/Saudi Arabia/D1936/2007_Saudi Arabia_2007//_7 (MP)",7,"CY035244","A/falcon/Saudi Arabia/D1936/2007","H5N1","Avian","fal","Wild","falcon","Asia","Saudi Arabia","Saudi Arabia","2007//",2007.45205479452
"H5N1_Avian_gru_Wild_Asia_Japan_A/hooded crane/Kagoshima/4612J004/2010|2010.45205479452","H5N1_Avian_AB760274_A/hooded crane/Kagoshima/4612J004/2010_Japan_2010//_7 (MP)",7,"AB760274","A/hooded crane/Kagoshima/4612J004/2010","H5N1","Avian","gru","Wild","hooded crane","Asia","Japan","Kagoshima","2010//",2010.45205479452
"H5N1_Avian_gru_Wild_Asia_Japan_A/hooded crane/Kagoshima/110214-3/2011|2011.45205479452","H5N1_Avian_AB760282_A/hooded crane/Kagoshima/110214-3/2011_Japan_2011//_7 (MP)",7,"AB760282","A/hooded crane/Kagoshima/110214-3/2011","H5N1","Avian","gru","Wild","hooded crane","Asia","Japan","Kagoshima","2011//",2011.45205479452
"H5N1_Avian_pas_Wild_Asia_Hong Kong_A/magpie robin/Hong Kong/1097/2008|2008.45205479452","H5N1_Avian_CY036256_A/magpie robin/Hong Kong/1097/2008_Hong Kong_2008//_7 (MP)",7,"CY036256","A/magpie robin/Hong Kong/1097/2008","H5N1","Avian","pas","Wild","magpie robin","Asia","Hong Kong","Hong Kong","2008//",2008.45205479452
"H5N1_Avian_pas_Wild_Asia_Japan_A/crow/Osaka/102/2004|2004.45205479452","H5N1_Avian_AB189064_A/crow/Osaka/102/2004_Japan_2004//_7 (MP)",7,"AB189064","A/crow/Osaka/102/2004","H5N1","Avian","pas","Wild","crow","Asia","Japan","Osaka","2004//",2004.45205479452
"H5N1_Avian_pas_Wild_Asia_Laos_A/pigeon/Laos/P0022/2007|2007.45205479452","H5N1_Avian_CY040902_A/pigeon/Laos/P0022/2007_Laos_2007//_7 (MP)",7,"CY040902","A/pigeon/Laos/P0022/2007","H5N1","Avian","pas","Wild","pigeon","Asia","Laos","Laos","2007//",2007.45205479452
"H5N1_Avian_pas_Wild_Asia_China_A/pied magpie/Liaoning/7/2006|2006.45205479452","H5N1_Avian_HM172460_A/pied magpie/Liaoning/7/2006_China_2006//_7 (MP)",7,"HM172460","A/pied magpie/Liaoning/7/2006","H5N1","Avian","pas","Wild","pied magpie","Asia","China","Liaoning","2006//",2006.45205479452
"H5N1_Avian_pas_Wild_Asia_Russia_A/pigeon/Rostov-on-Don/6/2007|2007.95068493151","H5N1_Avian_EU441935_A/pigeon/Rostov-on-Don/6/2007_Russia_2007/12/14_7 (MP)",7,"EU441935","A/pigeon/Rostov-on-Don/6/2007","H5N1","Avian","pas","Wild","pigeon","Asia","Russia","Rostov-on-Don","2007/12/14",2007.95068493151
"H5N1_Avian_pas_Wild_Asia_Thailand_A/pigeon/Thailand/VSMU-7-NPT/2004|2004.45205479452","H5N1_Avian_AB576205_A/pigeon/Thailand/VSMU-7-NPT/2004_Thailand_2004//_7 (MP)",7,"AB576205","A/pigeon/Thailand/VSMU-7-NPT/2004","H5N1","Avian","pas","Wild","pigeon","Asia","Thailand","Thailand","2004//",2004.45205479452
"H5N1_Avian_pas_Wild_Asia_Thailand_A/tree sparrow/Rachaburi/VSMU-16-RBR/2005|2005.45205479452","H5N1_Avian_AB450641_A/tree sparrow/Rachaburi/VSMU-16-RBR/2005_Thailand_2005//_7 (MP)",7,"AB450641","A/tree sparrow/Rachaburi/VSMU-16-RBR/2005","H5N1","Avian","pas","Wild","tree sparrow","Asia","Thailand","Rachaburi","2005//",2005.45205479452
"H5N1_Avian_pas_Wild_Asia_China_A/shrike/Tibet/13/2006|2006.45205479452","H5N1_Avian_HM172131_A/shrike/Tibet/13/2006_China_2006//_7 (MP)",7,"HM172131","A/shrike/Tibet/13/2006","H5N1","Avian","pas","Wild","shrike","Asia","China","Tibet","2006//",2006.45205479452
"H5N1_Avian_pel_Wild_Asia_Hong Kong_A/egret/Hong Kong/757.2/2003|2003.45205479452","H5N1_Avian_AY676046_A/egret/Hong Kong/757.2/2003_Hong Kong_2003//_7 (MP)",7,"AY676046","A/egret/Hong Kong/757.2/2003","H5N1","Avian","pel","Wild","egret","Asia","Hong Kong","Hong Kong","2003//",2003.45205479452
"H5N1_Avian_pel_Wild_Asia_Hong Kong_A/little egret/Hong Kong/8550/2007|2007.45205479452","H5N1_Avian_CY036200_A/little egret/Hong Kong/8550/2007_Hong Kong_2007//_7 (MP)",7,"CY036200","A/little egret/Hong Kong/8550/2007","H5N1","Avian","pel","Wild","little egret","Asia","Hong Kong","Hong Kong","2007//",2007.45205479452
"H5N1_Avian_pel_Wild_Asia_Hong Kong_A/grey heron/Hong Kong/1046/2008|2008.45205479452","H5N1_Avian_CY036248_A/grey heron/Hong Kong/1046/2008_Hong Kong_2008//_7 (MP)",7,"CY036248","A/grey heron/Hong Kong/1046/2008","H5N1","Avian","pel","Wild","grey heron","Asia","Hong Kong","Hong Kong","2008//",2008.45205479452
"H5N1_Avian_pel_Wild_Asia_China_A/great cormorant/Tibet/12/2006|2006.45205479452","H5N1_Avian_HM172121_A/great cormorant/Tibet/12/2006_China_2006//_7 (MP)",7,"HM172121","A/great cormorant/Tibet/12/2006","H5N1","Avian","pel","Wild","great cormorant","Asia","China","Tibet","2006//",2006.45205479452
"H5N1_Avian_psi_Wild_Asia_China_A/parrot/Guangdong/C99/2005|2005.08493150685","H5N1_Avian_JX013491_A/parrot/Guangdong/C99/2005_China_2005/02/01_7 (MP)",7,"JX013491","A/parrot/Guangdong/C99/2005","H5N1","Avian","psi","Wild","parrot","Asia","China","Guangdong","2005/02/01",2005.08493150685
"H5N1_Avian_str_Wild_Africa_Nigeria_A/ostrich/Nigeria/1047-25/2006|2006.45205479452","H5N1_Avian_CY016916_A/ostrich/Nigeria/1047-25/2006_Nigeria_2006//_7 (MP)",7,"CY016916","A/ostrich/Nigeria/1047-25/2006","H5N1","Avian","str","Wild","ostrich","Africa","Nigeria","Nigeria","2006//",2006.45205479452
"H5N1_Avian_str_Wild_Asia_China_A/ostrich/Suzhou/097/2003|2003.28767123288","H5N1_Avian_JF732740_A/ostrich/Suzhou/097/2003_China_2003/04/16_7 (MP)",7,"JF732740","A/ostrich/Suzhou/097/2003","H5N1","Avian","str","Wild","ostrich","Asia","China","Suzhou","2003/04/16",2003.28767123288
