"SequenceName","OriginalName","segNumber","accn","isName","subtype","host","birdOrder","wildDomestic","bird","continent","country","place","dateTxt","decDate"
"H5N1_Avian_ans_Domestic_Asia_China_A/duck/Anhui/56/2005|2005.45205479452","H5N1_Avian_HM172175_A/duck/Anhui/56/2005_China_2005//_6 (NA)",6,"HM172175","A/duck/Anhui/56/2005","H5N1","Avian","ans","Domestic","duck","Asia","China","Anhui","2005//",2005.45205479452
"H5N1_Avian_ans_Domestic_Asia_China_A/duck/Anhui/1/06|2006.45205479452","H5N1_Avian_HM172182_A/duck/Anhui/1/06_China_2006//_6 (NA)",6,"HM172182","A/duck/Anhui/1/06","H5N1","Avian","ans","Domestic","duck","Asia","China","Anhui","2006//",2006.45205479452
"H5N1_Avian_ans_Domestic_Asia_Cambodia_A/duck/Cambodia/D14AL/2006|2006.09315068493","H5N1_Avian_HQ200451_A/duck/Cambodia/D14AL/2006_Cambodia_2006/02/04_6 (NA)",6,"HQ200451","A/duck/Cambodia/D14AL/2006","H5N1","Avian","ans","Domestic","duck","Asia","Cambodia","Cambodia","2006/02/04",2006.09315068493
"H5N1_Avian_ans_Domestic_Asia_China_A/duck/China/E319-2/03|2003.45205479452","H5N1_Avian_AY518363_A/duck/China/E319-2/03_China_2003//_6 (NA)",6,"AY518363","A/duck/China/E319-2/03","H5N1","Avian","ans","Domestic","duck","Asia","China","China","2003//",2003.45205479452
"H5N1_Avian_ans_Domestic_Africa_Cote dIvoire_A/duck/Cote d'Ivoire/1787-18/2006|2006.45205479452","H5N1_Avian_CY016805_A/duck/Cote d'Ivoire/1787-18/2006_Cote dIvoire_2006//_6 (NA)",6,"CY016805","A/duck/Cote d'Ivoire/1787-18/2006","H5N1","Avian","ans","Domestic","duck","Africa","Cote dIvoire","Cote d'Ivoire","2006//",2006.45205479452
"H5N1_Avian_ans_Domestic_Asia_China_A/duck/Eastern China/108/2008|2008.95342465753","H5N1_Avian_GU727671_A/duck/Eastern China/108/2008_China_2008/12/15_6 (NA)",6,"GU727671","A/duck/Eastern China/108/2008","H5N1","Avian","ans","Domestic","duck","Asia","China","Eastern China","2008/12/15",2008.95342465753
"H5N1_Avian_ans_Domestic_Asia_China_A/duck/Eastern China/909/2009|2009.03835616438","H5N1_Avian_GU727679_A/duck/Eastern China/909/2009_China_2009/01/15_6 (NA)",6,"GU727679","A/duck/Eastern China/909/2009","H5N1","Avian","ans","Domestic","duck","Asia","China","Eastern China","2009/01/15",2009.03835616438
"H5N1_Avian_ans_Domestic_Africa_Egypt_A/duck/Egypt/2253-3/2006|2006.45205479452","H5N1_Avian_CY016901_A/duck/Egypt/2253-3/2006_Egypt_2006//_6 (NA)",6,"CY016901","A/duck/Egypt/2253-3/2006","H5N1","Avian","ans","Domestic","duck","Africa","Egypt","Egypt","2006//",2006.45205479452
"H5N1_Avian_ans_Domestic_Africa_Egypt_A/duck/Egypt/D2br10/2007|2007.03835616438","H5N1_Avian_AB465595_A/duck/Egypt/D2br10/2007_Egypt_2007/01/_6 (NA)",6,"AB465595","A/duck/Egypt/D2br10/2007","H5N1","Avian","ans","Domestic","duck","Africa","Egypt","Egypt","2007/01/",2007.03835616438
"H5N1_Avian_ans_Domestic_Africa_Egypt_A/duck/Egypt/0871/2008|2008.13698630137","H5N1_Avian_CY044042_A/duck/Egypt/0871/2008_Egypt_2008/02/20_6 (NA)",6,"CY044042","A/duck/Egypt/0871/2008","H5N1","Avian","ans","Domestic","duck","Africa","Egypt","Egypt","2008/02/20",2008.13698630137
"H5N1_Avian_ans_Domestic_Africa_Egypt_A/duck/El Fayoum/CAI1/2010|2010.16164383562","H5N1_Avian_CY126098_A/duck/El Fayoum/CAI1/2010_Egypt_2010/03/01_6 (NA)",6,"CY126098","A/duck/El Fayoum/CAI1/2010","H5N1","Avian","ans","Domestic","duck","Africa","Egypt","El Fayoum","2010/03/01",2010.16164383562
"H5N1_Avian_ans_Domestic_Europe_France_A/duck/France/05066b/2005|2005.45205479452","H5N1_Avian_AJ972921_A/duck/France/05066b/2005_France_2005//_6 (NA)",6,"AJ972921","A/duck/France/05066b/2005","H5N1","Avian","ans","Domestic","duck","Europe","France","France","2005//",2005.45205479452
"H5N1_Avian_ans_Domestic_Asia_China_A/goose/Fujian/bb/2003|2003.45205479452","H5N1_Avian_DQ997406_A/goose/Fujian/bb/2003_China_2003//_6 (NA)",6,"DQ997406","A/goose/Fujian/bb/2003","H5N1","Avian","ans","Domestic","goose","Asia","China","Fujian","2003//",2003.45205479452
"H5N1_Avian_ans_Domestic_Europe_Germany_A/domestic duck/Germany/R1779/2007|2007.45205479452","H5N1_Avian_AM914022_A/domestic duck/Germany/R1779/2007_Germany_2007//_6 (NA)",6,"AM914022","A/domestic duck/Germany/R1779/2007","H5N1","Avian","ans","Domestic","domestic duck","Europe","Germany","Germany","2007//",2007.45205479452
"H5N1_Avian_ans_Domestic_Asia_China_A/goose/Guangdong/1/1996|1996.45205479452","H5N1_Avian_AF144304_A/goose/Guangdong/1/1996_China_1996//_6 (NA)",6,"AF144304","A/goose/Guangdong/1/1996","H5N1","Avian","ans","Domestic","goose","Asia","China","Guangdong","1996//",1996.45205479452
"H5N1_Avian_ans_Domestic_Asia_China_A/goose/Guangdong/3/1997|1997.45205479452","H5N1_Avian_AF364335_A/goose/Guangdong/3/1997_China_1997//_6 (NA)",6,"AF364335","A/goose/Guangdong/3/1997","H5N1","Avian","ans","Domestic","goose","Asia","China","Guangdong","1997//",1997.45205479452
"H5N1_Avian_ans_Domestic_Asia_China_A/goose/Guangdong/xb/2001|2001.45205479452","H5N1_Avian_DQ997523_A/goose/Guangdong/xb/2001_China_2001//_6 (NA)",6,"DQ997523","A/goose/Guangdong/xb/2001","H5N1","Avian","ans","Domestic","goose","Asia","China","Guangdong","2001//",2001.45205479452
"H5N1_Avian_ans_Domestic_Asia_China_A/duck/Guangdong/173/04|2004.45205479452","H5N1_Avian_AY737308_A/duck/Guangdong/173/04_China_2004//_6 (NA)",6,"AY737308","A/duck/Guangdong/173/04","H5N1","Avian","ans","Domestic","duck","Asia","China","Guangdong","2004//",2004.45205479452
"H5N1_Avian_ans_Domestic_Asia_China_A/duck/Guangxi/xa/2001|2001.45205479452","H5N1_Avian_DQ997514_A/duck/Guangxi/xa/2001_China_2001//_6 (NA)",6,"DQ997514","A/duck/Guangxi/xa/2001","H5N1","Avian","ans","Domestic","duck","Asia","China","Guangxi","2001//",2001.45205479452
"H5N1_Avian_ans_Domestic_Asia_China_A/duck/Guangxi/12/2003|2003.45205479452","H5N1_Avian_EU263347_A/duck/Guangxi/12/2003_China_2003//_6 (NA)",6,"EU263347","A/duck/Guangxi/12/2003","H5N1","Avian","ans","Domestic","duck","Asia","China","Guangxi","2003//",2003.45205479452
"H5N1_Avian_ans_Domestic_Asia_China_A/duck/Guangxi/13/2004|2004.45205479452","H5N1_Avian_DQ366340_A/duck/Guangxi/13/2004_China_2004//_6 (NA)",6,"DQ366340","A/duck/Guangxi/13/2004","H5N1","Avian","ans","Domestic","duck","Asia","China","Guangxi","2004//",2004.45205479452
"H5N1_Avian_ans_Domestic_Asia_Hong Kong_A/Duck/Hong Kong/380.5/2001|2001.45205479452","H5N1_Avian_AY075034_A/Duck/Hong Kong/380.5/2001_Hong Kong_2001//_6 (NA)",6,"AY075034","A/Duck/Hong Kong/380.5/2001","H5N1","Avian","ans","Domestic","Duck","Asia","Hong Kong","Hong Kong","2001//",2001.45205479452
"H5N1_Avian_ans_Domestic_Asia_Hong Kong_A/duck/Hong Kong/821/2002|2002.45205479452","H5N1_Avian_AY676041_A/duck/Hong Kong/821/2002_Hong Kong_2002//_6 (NA)",6,"AY676041","A/duck/Hong Kong/821/2002","H5N1","Avian","ans","Domestic","duck","Asia","Hong Kong","Hong Kong","2002//",2002.45205479452
"H5N1_Avian_ans_Domestic_Asia_China_A/duck/Hubei/wp/2003|2003.45205479452","H5N1_Avian_DQ997164_A/duck/Hubei/wp/2003_China_2003//_6 (NA)",6,"DQ997164","A/duck/Hubei/wp/2003","H5N1","Avian","ans","Domestic","duck","Asia","China","Hubei","2003//",2003.45205479452
"H5N1_Avian_ans_Domestic_Asia_China_A/duck/Hubei/49/2005|2005.45205479452","H5N1_Avian_HM172166_A/duck/Hubei/49/2005_China_2005//_6 (NA)",6,"HM172166","A/duck/Hubei/49/2005","H5N1","Avian","ans","Domestic","duck","Asia","China","Hubei","2005//",2005.45205479452
"H5N1_Avian_ans_Domestic_Asia_China_A/duck/Hubei/Hangmei01/2006|2006.45205479452","H5N1_Avian_EU594351_A/duck/Hubei/Hangmei01/2006_China_2006//_6 (NA)",6,"EU594351","A/duck/Hubei/Hangmei01/2006","H5N1","Avian","ans","Domestic","duck","Asia","China","Hubei","2006//",2006.45205479452
"H5N1_Avian_ans_Domestic_Asia_China_A/duck/Hubei/2911/2007|2007.07671232877","H5N1_Avian_FJ784772_A/duck/Hubei/2911/2007_China_2007/01/29_6 (NA)",6,"FJ784772","A/duck/Hubei/2911/2007","H5N1","Avian","ans","Domestic","duck","Asia","China","Hubei","2007/01/29",2007.07671232877
"H5N1_Avian_ans_Domestic_Asia_China_A/duck/Hunan/69/2004|2004.45205479452","H5N1_Avian_HM172209_A/duck/Hunan/69/2004_China_2004//_6 (NA)",6,"HM172209","A/duck/Hunan/69/2004","H5N1","Avian","ans","Domestic","duck","Asia","China","Hunan","2004//",2004.45205479452
"H5N1_Avian_ans_Domestic_Asia_China_A/domestic green-winged teal/Hunan/67/2005|2005.45205479452","H5N1_Avian_EU430497_A/domestic green-winged teal/Hunan/67/2005_China_2005//_6 (NA)",6,"EU430497","A/domestic green-winged teal/Hunan/67/2005","H5N1","Avian","ans","Domestic","domestic green-winged teal","Asia","China","Hunan","2005//",2005.45205479452
"H5N1_Avian_ans_Domestic_Asia_China_A/domestic green-winged teal/Hunan/3450/2006|2006.20273972603","H5N1_Avian_KC690158_A/domestic green-winged teal/Hunan/3450/2006_China_2006/03/16_6 (NA)",6,"KC690158","A/domestic green-winged teal/Hunan/3450/2006","H5N1","Avian","ans","Domestic","domestic green-winged teal","Asia","China","Hunan","2006/03/16",2006.20273972603
"H5N1_Avian_ans_Domestic_Asia_China_A/duck/Hunan/3/2007|2007.78630136986","H5N1_Avian_GU182152_A/duck/Hunan/3/2007_China_2007/10/_6 (NA)",6,"GU182152","A/duck/Hunan/3/2007","H5N1","Avian","ans","Domestic","duck","Asia","China","Hunan","2007/10/",2007.78630136986
"H5N1_Avian_ans_Domestic_Asia_China_A/duck/Hunan/8/2008|2008.87123287671","H5N1_Avian_GU182168_A/duck/Hunan/8/2008_China_2008/11/_6 (NA)",6,"GU182168","A/duck/Hunan/8/2008","H5N1","Avian","ans","Domestic","duck","Asia","China","Hunan","2008/11/",2008.87123287671
"H5N1_Avian_ans_Domestic_Asia_China_A/duck/Hunan/S4030/2011|2011.85479452055","H5N1_Avian_CY146646_A/duck/Hunan/S4030/2011_China_2011/11/09_6 (NA)",6,"CY146646","A/duck/Hunan/S4030/2011","H5N1","Avian","ans","Domestic","duck","Asia","China","Hunan","2011/11/09",2011.85479452055
"H5N1_Avian_ans_Domestic_Europe_Hungary_A/goose/Hungary/14756/2006|2006.42739726027","H5N1_Avian_FJ445244_A/goose/Hungary/14756/2006_Hungary_2006/06/06_6 (NA)",6,"FJ445244","A/goose/Hungary/14756/2006","H5N1","Avian","ans","Domestic","goose","Europe","Hungary","Hungary","2006/06/06",2006.42739726027
"H5N1_Avian_ans_Domestic_Asia_India_A/duck/Tripura/103597/2008|2008.28493150685","H5N1_Avian_GU252824_A/duck/Tripura/103597/2008_India_2008/04/_6 (NA)",6,"GU252824","A/duck/Tripura/103597/2008","H5N1","Avian","ans","Domestic","duck","Asia","India","Tripura","2008/04/",2008.28493150685
"H5N1_Avian_ans_Domestic_Asia_Indonesia_A/duck/East Java/UT1107/2004|2004.64657534247","H5N1_Avian_GQ122463_A/duck/East Java/UT1107/2004_Indonesia_2004/08/25_6 (NA)",6,"GQ122463","A/duck/East Java/UT1107/2004","H5N1","Avian","ans","Domestic","duck","Asia","Indonesia","East Java","2004/08/25",2004.64657534247
"H5N1_Avian_ans_Domestic_Asia_Japan_A/duck/Yokohama/aq10/2003|2003.45205479452","H5N1_Avian_AB212282_A/duck/Yokohama/aq10/2003_Japan_2003//_6 (NA)",6,"AB212282","A/duck/Yokohama/aq10/2003","H5N1","Avian","ans","Domestic","duck","Asia","Japan","Yokohama","2003//",2003.45205479452
"H5N1_Avian_ans_Domestic_Asia_Japan_A/duck/Hokkaido/WZ101/2010|2010.78356164384","H5N1_Avian_AB612911_A/duck/Hokkaido/WZ101/2010_Japan_2010/10/14_6 (NA)",6,"AB612911","A/duck/Hokkaido/WZ101/2010","H5N1","Avian","ans","Domestic","duck","Asia","Japan","Hokkaido","2010/10/14",2010.78356164384
"H5N1_Avian_ans_Domestic_Asia_China_A/goose/Jiangsu/k0403/2010|2010.1095890411","H5N1_Avian_JQ638678_A/goose/Jiangsu/k0403/2010_China_2010/02/10_6 (NA)",6,"JQ638678","A/goose/Jiangsu/k0403/2010","H5N1","Avian","ans","Domestic","goose","Asia","China","Jiangsu","2010/02/10",2010.1095890411
"H5N1_Avian_ans_Domestic_Asia_China_A/duck/Jiangxi/80/2005|2005.45205479452","H5N1_Avian_HM172200_A/duck/Jiangxi/80/2005_China_2005//_6 (NA)",6,"HM172200","A/duck/Jiangxi/80/2005","H5N1","Avian","ans","Domestic","duck","Asia","China","Jiangxi","2005//",2005.45205479452
"H5N1_Avian_ans_Domestic_Asia_China_A/goose/Jilin/hb/2003|2003.45205479452","H5N1_Avian_DQ997277_A/goose/Jilin/hb/2003_China_2003//_6 (NA)",6,"DQ997277","A/goose/Jilin/hb/2003","H5N1","Avian","ans","Domestic","goose","Asia","China","Jilin","2003//",2003.45205479452
"H5N1_Avian_ans_Domestic_Asia_Russia_A/goose/Krasnoozerskoye/627/2005|2005.45205479452","H5N1_Avian_EF205171_A/goose/Krasnoozerskoye/627/2005_Russia_2005//_6 (NA)",6,"EF205171","A/goose/Krasnoozerskoye/627/2005","H5N1","Avian","ans","Domestic","goose","Asia","Russia","Krasnoozerskoye","2005//",2005.45205479452
"H5N1_Avian_ans_Domestic_Asia_Russia_A/duck/Kurgan/08/2005|2005.45205479452","H5N1_Avian_DQ449642_A/duck/Kurgan/08/2005_Russia_2005//_6 (NA)",6,"DQ449642","A/duck/Kurgan/08/2005","H5N1","Avian","ans","Domestic","duck","Asia","Russia","Kurgan","2005//",2005.45205479452
"H5N1_Avian_ans_Domestic_Asia_Laos_A/duck/Laos/25/2006|2006.45205479452","H5N1_Avian_CY041040_A/duck/Laos/25/2006_Laos_2006//_6 (NA)",6,"CY041040","A/duck/Laos/25/2006","H5N1","Avian","ans","Domestic","duck","Asia","Laos","Laos","2006//",2006.45205479452
"H5N1_Avian_ans_Domestic_Asia_Laos_A/duck/Laos/P0127/2007|2007.45205479452","H5N1_Avian_CY040912_A/duck/Laos/P0127/2007_Laos_2007//_6 (NA)",6,"CY040912","A/duck/Laos/P0127/2007","H5N1","Avian","ans","Domestic","duck","Asia","Laos","Laos","2007//",2007.45205479452
"H5N1_Avian_ans_Domestic_Asia_Laos_A/duck/Lao/9/2010|2010.2","H5N1_Avian_CY098327_A/duck/Lao/9/2010_Laos_2010/03/_6 (NA)",6,"CY098327","A/duck/Lao/9/2010","H5N1","Avian","ans","Domestic","duck","Asia","Laos","Lao","2010/03/",2010.2
"H5N1_Avian_ans_Domestic_Africa_Niger_A/duck/Niger/914/2006|2006.45205479452","H5N1_Avian_CY017029_A/duck/Niger/914/2006_Niger_2006//_6 (NA)",6,"CY017029","A/duck/Niger/914/2006","H5N1","Avian","ans","Domestic","duck","Africa","Niger","Niger","2006//",2006.45205479452
"H5N1_Avian_ans_Domestic_Asia_Russia_A/duck/Novosibirsk/56/2005|2005.45205479452","H5N1_Avian_DQ230524_A/duck/Novosibirsk/56/2005_Russia_2005//_6 (NA)",6,"DQ230524","A/duck/Novosibirsk/56/2005","H5N1","Avian","ans","Domestic","duck","Asia","Russia","Novosibirsk","2005//",2005.45205479452
"H5N1_Avian_ans_Domestic_Asia_Russia_A/duck/Omsk/1822/2006|2006.53424657534","H5N1_Avian_CY047477_A/duck/Omsk/1822/2006_Russia_2006/07/_6 (NA)",6,"CY047477","A/duck/Omsk/1822/2006","H5N1","Avian","ans","Domestic","duck","Asia","Russia","Omsk","2006/07/",2006.53424657534
"H5N1_Avian_ans_Domestic_Asia_Russia_A/muscovy duck/Rostov-on-Don/51/2007|2007.95342465753","H5N1_Avian_EU441928_A/muscovy duck/Rostov-on-Don/51/2007_Russia_2007/12/15_6 (NA)",6,"EU441928","A/muscovy duck/Rostov-on-Don/51/2007","H5N1","Avian","ans","Domestic","muscovy duck","Asia","Russia","Rostov-on-Don","2007/12/15",2007.95342465753
"H5N1_Avian_ans_Domestic_Asia_China_A/duck/Shandong/093/2004|2004.45205479452","H5N1_Avian_AY854191_A/duck/Shandong/093/2004_China_2004//_6 (NA)",6,"AY854191","A/duck/Shandong/093/2004","H5N1","Avian","ans","Domestic","duck","Asia","China","Shandong","2004//",2004.45205479452
"H5N1_Avian_ans_Domestic_Asia_China_A/duck/Shandong/009/2008|2008.95342465753","H5N1_Avian_GU596986_A/duck/Shandong/009/2008_China_2008/12/15_6 (NA)",6,"GU596986","A/duck/Shandong/009/2008","H5N1","Avian","ans","Domestic","duck","Asia","China","Shandong","2008/12/15",2008.95342465753
"H5N1_Avian_ans_Domestic_Asia_China_A/duck/Shanghai/xj/2002|2002.45205479452","H5N1_Avian_DQ997532_A/duck/Shanghai/xj/2002_China_2002//_6 (NA)",6,"DQ997532","A/duck/Shanghai/xj/2002","H5N1","Avian","ans","Domestic","duck","Asia","China","Shanghai","2002//",2002.45205479452
"H5N1_Avian_ans_Domestic_Asia_South Korea_A/duck/Korea/ESD1/03|2003.45205479452","H5N1_Avian_AY676044_A/duck/Korea/ESD1/03_South Korea_2003//_6 (NA)",6,"AY676044","A/duck/Korea/ESD1/03","H5N1","Avian","ans","Domestic","duck","Asia","South Korea","Korea","2003//",2003.45205479452
"H5N1_Avian_ans_Domestic_Asia_Russia_A/goose/Suzdalka/10/05|2005.45205479452","H5N1_Avian_EF205170_A/goose/Suzdalka/10/05_Russia_2005//_6 (NA)",6,"EF205170","A/goose/Suzdalka/10/05","H5N1","Avian","ans","Domestic","goose","Asia","Russia","Suzdalka","2005//",2005.45205479452
"H5N1_Avian_ans_Domestic_Asia_Thailand_A/duck/Ang Thong/71(2)/2004|2004.45205479452","H5N1_Avian_GU186650_A/duck/Ang Thong/71(2)/2004_Thailand_2004//_6 (NA)",6,"GU186650","A/duck/Ang Thong/71(2)/2004","H5N1","Avian","ans","Domestic","duck","Asia","Thailand","Ang Thong","2004//",2004.45205479452
"H5N1_Avian_ans_Domestic_Asia_Thailand_A/duck/Thailand/TS04/2006|2006.45205479452","H5N1_Avian_JQ794472_A/duck/Thailand/TS04/2006_Thailand_2006//_6 (NA)",6,"JQ794472","A/duck/Thailand/TS04/2006","H5N1","Avian","ans","Domestic","duck","Asia","Thailand","Thailand","2006//",2006.45205479452
"H5N1_Avian_ans_Domestic_Asia_Viet Nam_A/duck/Vietnam/942B/2004|2004.45205479452","H5N1_Avian_CY033179_A/duck/Vietnam/942B/2004_Viet Nam_2004//_6 (NA)",6,"CY033179","A/duck/Vietnam/942B/2004","H5N1","Avian","ans","Domestic","duck","Asia","Viet Nam","Vietnam","2004//",2004.45205479452
"H5N1_Avian_ans_Domestic_Asia_Viet Nam_A/duck/Vietnam/1/2005|2005.45205479452","H5N1_Avian_CY016829_A/duck/Vietnam/1/2005_Viet Nam_2005//_6 (NA)",6,"CY016829","A/duck/Vietnam/1/2005","H5N1","Avian","ans","Domestic","duck","Asia","Viet Nam","Vietnam","2005//",2005.45205479452
"H5N1_Avian_ans_Domestic_Asia_Viet Nam_A/Muscovy duck/Ca Mau/1185/2006|2006.98904109589","H5N1_Avian_JX420224_A/Muscovy duck/Ca Mau/1185/2006_Viet Nam_2006/12/28_6 (NA)",6,"JX420224","A/Muscovy duck/Ca Mau/1185/2006","H5N1","Avian","ans","Domestic","Muscovy duck","Asia","Viet Nam","Ca Mau","2006/12/28",2006.98904109589
"H5N1_Avian_ans_Domestic_Asia_Viet Nam_A/Muscovy duck/Ca Mau/07-04/2007|2007.45205479452","H5N1_Avian_GU186747_A/Muscovy duck/Ca Mau/07-04/2007_Viet Nam_2007//_6 (NA)",6,"GU186747","A/Muscovy duck/Ca Mau/07-04/2007","H5N1","Avian","ans","Domestic","Muscovy duck","Asia","Viet Nam","Ca Mau","2007//",2007.45205479452
"H5N1_Avian_ans_Domestic_Asia_Viet Nam_A/duck/Vietnam/G12/2008|2008.03835616438","H5N1_Avian_AB593449_A/duck/Vietnam/G12/2008_Viet Nam_2008/01/_6 (NA)",6,"AB593449","A/duck/Vietnam/G12/2008","H5N1","Avian","ans","Domestic","duck","Asia","Viet Nam","Vietnam","2008/01/",2008.03835616438
"H5N1_Avian_ans_Domestic_Asia_Viet Nam_A/muscovy duck/Vietnam/OIE-559/2011|2011.45205479452","H5N1_Avian_AB636526_A/muscovy duck/Vietnam/OIE-559/2011_Viet Nam_2011/06/_6 (NA)",6,"AB636526","A/muscovy duck/Vietnam/OIE-559/2011","H5N1","Avian","ans","Domestic","muscovy duck","Asia","Viet Nam","Vietnam","2011/06/",2011.45205479452
"H5N1_Avian_ans_Domestic_Asia_Viet Nam_A/duck/Soc Trang/8/2012|2012.66301369863","H5N1_Avian_AB819039_A/duck/Soc Trang/8/2012_Viet Nam_2012/08/31_6 (NA)",6,"AB819039","A/duck/Soc Trang/8/2012","H5N1","Avian","ans","Domestic","duck","Asia","Viet Nam","Soc Trang","2012/08/31",2012.66301369863
"H5N1_Avian_ans_Domestic_Asia_Viet Nam_A/muscovy duck/Quang Ninh/49/2013|2013.35068493151","H5N1_Avian_AB828695_A/muscovy duck/Quang Ninh/49/2013_Viet Nam_2013/05/09_6 (NA)",6,"AB828695","A/muscovy duck/Quang Ninh/49/2013","H5N1","Avian","ans","Domestic","muscovy duck","Asia","Viet Nam","Quang Ninh","2013/05/09",2013.35068493151
"H5N1_Avian_ans_Domestic_Asia_China_A/goose/Yunnan/3798/2006|2006.45205479452","H5N1_Avian_CY030907_A/goose/Yunnan/3798/2006_China_2006//_6 (NA)",6,"CY030907","A/goose/Yunnan/3798/2006","H5N1","Avian","ans","Domestic","goose","Asia","China","Yunnan","2006//",2006.45205479452
"H5N1_Avian_ans_Domestic_Asia_China_A/duck/Zhejiang/bj/2002|2002.45205479452","H5N1_Avian_DQ997411_A/duck/Zhejiang/bj/2002_China_2002//_6 (NA)",6,"DQ997411","A/duck/Zhejiang/bj/2002","H5N1","Avian","ans","Domestic","duck","Asia","China","Zhejiang","2002//",2002.45205479452
"H5N1_Avian_ans_Domestic_Asia_China_A/duck/Zhejiang/2243/2011|2011.12328767123","H5N1_Avian_JN646730_A/duck/Zhejiang/2243/2011_China_2011/02/_6 (NA)",6,"JN646730","A/duck/Zhejiang/2243/2011","H5N1","Avian","ans","Domestic","duck","Asia","China","Zhejiang","2011/02/",2011.12328767123
"H5N1_Avian_gal_Domestic_Asia_Afghanistan_A/chicken/Afghanistan/1573-92/2006|2006.45205479452","H5N1_Avian_CY020639_A/chicken/Afghanistan/1573-92/2006_Afghanistan_2006//_6 (NA)",6,"CY020639","A/chicken/Afghanistan/1573-92/2006","H5N1","Avian","gal","Domestic","chicken","Asia","Afghanistan","Afghanistan","2006//",2006.45205479452
"H5N1_Avian_gal_Domestic_Asia_China_A/chicken/Anhui/39/2004|2004.45205479452","H5N1_Avian_HM172180_A/chicken/Anhui/39/2004_China_2004//_6 (NA)",6,"HM172180","A/chicken/Anhui/39/2004","H5N1","Avian","gal","Domestic","chicken","Asia","China","Anhui","2004//",2004.45205479452
"H5N1_Avian_gal_Domestic_Asia_Bhutan_A/chicken/Bhutan/248015/2010|2010.13424657534","H5N1_Avian_CY063483_A/chicken/Bhutan/248015/2010_Bhutan_2010/02/19_6 (NA)",6,"CY063483","A/chicken/Bhutan/248015/2010","H5N1","Avian","gal","Domestic","chicken","Asia","Bhutan","Bhutan","2010/02/19",2010.13424657534
"H5N1_Avian_gal_Domestic_Asia_Cambodia_A/chicken/Cambodia/TKCMB5T/2010|2010.07397260274","H5N1_Avian_JN588845_A/chicken/Cambodia/TKCMB5T/2010_Cambodia_2010/01/28_6 (NA)",6,"JN588845","A/chicken/Cambodia/TKCMB5T/2010","H5N1","Avian","gal","Domestic","chicken","Asia","Cambodia","Cambodia","2010/01/28",2010.07397260274
"H5N1_Avian_gal_Domestic_Asia_Cambodia_A/chicken/Cambodia/083LC/2011|2011.68493150685","H5N1_Avian_JQ714237_A/chicken/Cambodia/083LC/2011_Cambodia_2011/09/08_6 (NA)",6,"JQ714237","A/chicken/Cambodia/083LC/2011","H5N1","Avian","gal","Domestic","chicken","Asia","Cambodia","Cambodia","2011/09/08",2011.68493150685
"H5N1_Avian_gal_Domestic_Africa_Cote dIvoire_A/turkey/Ivory Coast/4372-2/2006|2006.95342465753","H5N1_Avian_CY020695_A/turkey/Ivory Coast/4372-2/2006_Cote dIvoire_2006/12/_6 (NA)",6,"CY020695","A/turkey/Ivory Coast/4372-2/2006","H5N1","Avian","gal","Domestic","turkey","Africa","Cote dIvoire","Ivory Coast","2006/12/",2006.95342465753
"H5N1_Avian_gal_Domestic_Asia_Russia_A/chicken/Domodedovo/MK/2007|2007.03561643836","H5N1_Avian_FJ667187_A/chicken/Domodedovo/MK/2007_Russia_2007/01/14_6 (NA)",6,"FJ667187","A/chicken/Domodedovo/MK/2007","H5N1","Avian","gal","Domestic","chicken","Asia","Russia","Domodedovo","2007/01/14",2007.03561643836
"H5N1_Avian_gal_Domestic_Africa_Egypt_A/chicken/Egypt/2253-1/2006|2006.45205479452","H5N1_Avian_CY020647_A/chicken/Egypt/2253-1/2006_Egypt_2006//_6 (NA)",6,"CY020647","A/chicken/Egypt/2253-1/2006","H5N1","Avian","gal","Domestic","chicken","Africa","Egypt","Egypt","2006//",2006.45205479452
"H5N1_Avian_gal_Domestic_Africa_Egypt_A/chicken/Egypt/CL6/2007|2007.2","H5N1_Avian_AB465594_A/chicken/Egypt/CL6/2007_Egypt_2007/03/_6 (NA)",6,"AB465594","A/chicken/Egypt/CL6/2007","H5N1","Avian","gal","Domestic","chicken","Africa","Egypt","Egypt","2007/03/",2007.2
"H5N1_Avian_gal_Domestic_Africa_Egypt_A/chicken/Giza/CAI7/2008|2008.16164383562","H5N1_Avian_CY126130_A/chicken/Giza/CAI7/2008_Egypt_2008/03/01_6 (NA)",6,"CY126130","A/chicken/Giza/CAI7/2008","H5N1","Avian","gal","Domestic","chicken","Africa","Egypt","Giza","2008/03/01",2008.16164383562
"H5N1_Avian_gal_Domestic_Africa_Egypt_A/chicken/Sharkia/CAI3/2009|2009.66575342466","H5N1_Avian_CY126106_A/chicken/Sharkia/CAI3/2009_Egypt_2009/09/01_6 (NA)",6,"CY126106","A/chicken/Sharkia/CAI3/2009","H5N1","Avian","gal","Domestic","chicken","Africa","Egypt","Sharkia","2009/09/01",2009.66575342466
"H5N1_Avian_gal_Domestic_Africa_Egypt_A/chicken/Egypt/Q1185/2010|2010.45205479452","H5N1_Avian_FR687260_A/chicken/Egypt/Q1185/2010_Egypt_2010//_6 (NA)",6,"FR687260","A/chicken/Egypt/Q1185/2010","H5N1","Avian","gal","Domestic","chicken","Africa","Egypt","Egypt","2010//",2010.45205479452
"H5N1_Avian_gal_Domestic_Asia_China_A/chicken/Fujian/1/2007|2007.45205479452","H5N1_Avian_HM172169_A/chicken/Fujian/1/2007_China_2007//_6 (NA)",6,"HM172169","A/chicken/Fujian/1/2007","H5N1","Avian","gal","Domestic","chicken","Asia","China","Fujian","2007//",2007.45205479452
"H5N1_Avian_gal_Domestic_Asia_China_A/chicken/Gansu/44/2004|2004.45205479452","H5N1_Avian_HM172187_A/chicken/Gansu/44/2004_China_2004//_6 (NA)",6,"HM172187","A/chicken/Gansu/44/2004","H5N1","Avian","gal","Domestic","chicken","Asia","China","Gansu","2004//",2004.45205479452
"H5N1_Avian_gal_Domestic_Europe_Germany_A/chicken/Germany/R3294/2007|2007.45205479452","H5N1_Avian_FM177137_A/chicken/Germany/R3294/2007_Germany_2007//_6 (NA)",6,"FM177137","A/chicken/Germany/R3294/2007","H5N1","Avian","gal","Domestic","chicken","Europe","Germany","Germany","2007//",2007.45205479452
"H5N1_Avian_gal_Domestic_Asia_China_A/chicken/Guangdong/174/04|2004.45205479452","H5N1_Avian_AY609314_A/chicken/Guangdong/174/04_China_2004//_6 (NA)",6,"AY609314","A/chicken/Guangdong/174/04","H5N1","Avian","gal","Domestic","chicken","Asia","China","Guangdong","2004//",2004.45205479452
"H5N1_Avian_gal_Domestic_Asia_China_A/chicken/Guangdong/1/2005|2005.45205479452","H5N1_Avian_EU874900_A/chicken/Guangdong/1/2005_China_2005//_6 (NA)",6,"EU874900","A/chicken/Guangdong/1/2005","H5N1","Avian","gal","Domestic","chicken","Asia","China","Guangdong","2005//",2005.45205479452
"H5N1_Avian_gal_Domestic_Asia_China_A/chicken/Guangxi/12/2004|2004.45205479452","H5N1_Avian_DQ366332_A/chicken/Guangxi/12/2004_China_2004//_6 (NA)",6,"DQ366332","A/chicken/Guangxi/12/2004","H5N1","Avian","gal","Domestic","chicken","Asia","China","Guangxi","2004//",2004.45205479452
"H5N1_Avian_gal_Domestic_Asia_China_A/chicken/Guizhou/7/2008|2008.45205479452","H5N1_Avian_HM172188_A/chicken/Guizhou/7/2008_China_2008//_6 (NA)",6,"HM172188","A/chicken/Guizhou/7/2008","H5N1","Avian","gal","Domestic","chicken","Asia","China","Guizhou","2008//",2008.45205479452
"H5N1_Avian_gal_Domestic_Asia_China_A/chicken/Hebei/718/2001|2001.45205479452","H5N1_Avian_DQ349117_A/chicken/Hebei/718/2001_China_2001//_6 (NA)",6,"DQ349117","A/chicken/Hebei/718/2001","H5N1","Avian","gal","Domestic","chicken","Asia","China","Hebei","2001//",2001.45205479452
"H5N1_Avian_gal_Domestic_Asia_China_A/chicken/Hebei/108/02|2002.45205479452","H5N1_Avian_DQ349116_A/chicken/Hebei/108/02_China_2002//_6 (NA)",6,"DQ349116","A/chicken/Hebei/108/02","H5N1","Avian","gal","Domestic","chicken","Asia","China","Hebei","2002//",2002.45205479452
"H5N1_Avian_gal_Domestic_Asia_China_A/chicken/Hebei/102/2005|2005.45205479452","H5N1_Avian_EU243134_A/chicken/Hebei/102/2005_China_2005//_6 (NA)",6,"EU243134","A/chicken/Hebei/102/2005","H5N1","Avian","gal","Domestic","chicken","Asia","China","Hebei","2005//",2005.45205479452
"H5N1_Avian_gal_Domestic_Asia_China_A/chicken/Hebei/A-8/2009|2009.45205479452","H5N1_Avian_HM172197_A/chicken/Hebei/A-8/2009_China_2009//_6 (NA)",6,"HM172197","A/chicken/Hebei/A-8/2009","H5N1","Avian","gal","Domestic","chicken","Asia","China","Hebei","2009//",2009.45205479452
"H5N1_Avian_gal_Domestic_Asia_China_A/chicken/Henan/13/2004|2004.45205479452","H5N1_Avian_AY950247_A/chicken/Henan/13/2004_China_2004//_6 (NA)",6,"AY950247","A/chicken/Henan/13/2004","H5N1","Avian","gal","Domestic","chicken","Asia","China","Henan","2004//",2004.45205479452
"H5N1_Avian_gal_Domestic_Asia_China_A/chicken/Henan/A-7/2006|2006.45205479452","H5N1_Avian_HM172201_A/chicken/Henan/A-7/2006_China_2006//_6 (NA)",6,"HM172201","A/chicken/Henan/A-7/2006","H5N1","Avian","gal","Domestic","chicken","Asia","China","Henan","2006//",2006.45205479452
"H5N1_Avian_gal_Domestic_Asia_Hong Kong_A/chicken/Hong Kong/409.1/2002|2002.45205479452","H5N1_Avian_GU186674_A/chicken/Hong Kong/409.1/2002_Hong Kong_2002//_6 (NA)",6,"GU186674","A/chicken/Hong Kong/409.1/2002","H5N1","Avian","gal","Domestic","chicken","Asia","Hong Kong","Hong Kong","2002//",2002.45205479452
"H5N1_Avian_gal_Domestic_Asia_China_A/chicken/Huadong/4/2008|2008.95342465753","H5N1_Avian_HQ677024_A/chicken/Huadong/4/2008_China_2008/12/_6 (NA)",6,"HQ677024","A/chicken/Huadong/4/2008","H5N1","Avian","gal","Domestic","chicken","Asia","China","Huadong","2008/12/",2008.95342465753
"H5N1_Avian_gal_Domestic_Asia_China_A/chicken/Hubei/wj/1997|1997.45205479452","H5N1_Avian_DQ997115_A/chicken/Hubei/wj/1997_China_1997//_6 (NA)",6,"DQ997115","A/chicken/Hubei/wj/1997","H5N1","Avian","gal","Domestic","chicken","Asia","China","Hubei","1997//",1997.45205479452
"H5N1_Avian_gal_Domestic_Asia_China_A/chicken/Hubei/327/2004|2004.45205479452","H5N1_Avian_AY684708_A/chicken/Hubei/327/2004_China_2004//_6 (NA)",6,"AY684708","A/chicken/Hubei/327/2004","H5N1","Avian","gal","Domestic","chicken","Asia","China","Hubei","2004//",2004.45205479452
"H5N1_Avian_gal_Domestic_Asia_China_A/chicken/Hubei/2856/2007|2007.07671232877","H5N1_Avian_FJ784771_A/chicken/Hubei/2856/2007_China_2007/01/29_6 (NA)",6,"FJ784771","A/chicken/Hubei/2856/2007","H5N1","Avian","gal","Domestic","chicken","Asia","China","Hubei","2007/01/29",2007.07671232877
"H5N1_Avian_gal_Domestic_Asia_China_A/chicken/Hunan/41/2004|2004.45205479452","H5N1_Avian_HM172173_A/chicken/Hunan/41/2004_China_2004//_6 (NA)",6,"HM172173","A/chicken/Hunan/41/2004","H5N1","Avian","gal","Domestic","chicken","Asia","China","Hunan","2004//",2004.45205479452
"H5N1_Avian_gal_Domestic_Asia_China_A/chicken/Hunan/21/2005|2005.45205479452","H5N1_Avian_HM172170_A/chicken/Hunan/21/2005_China_2005//_6 (NA)",6,"HM172170","A/chicken/Hunan/21/2005","H5N1","Avian","gal","Domestic","chicken","Asia","China","Hunan","2005//",2005.45205479452
"H5N1_Avian_gal_Domestic_Asia_China_A/chicken/Hunan/3157/2006|2006.91232876712","H5N1_Avian_FJ784774_A/chicken/Hunan/3157/2006_China_2006/11/30_6 (NA)",6,"FJ784774","A/chicken/Hunan/3157/2006","H5N1","Avian","gal","Domestic","chicken","Asia","China","Hunan","2006/11/30",2006.91232876712
"H5N1_Avian_gal_Domestic_Asia_China_A/chicken/Hunan/3/2007|2007.78630136986","H5N1_Avian_GU182144_A/chicken/Hunan/3/2007_China_2007/10/_6 (NA)",6,"GU182144","A/chicken/Hunan/3/2007","H5N1","Avian","gal","Domestic","chicken","Asia","China","Hunan","2007/10/",2007.78630136986
"H5N1_Avian_gal_Domestic_Asia_China_A/chicken/Hunan/8/2008|2008.87123287671","H5N1_Avian_GU182160_A/chicken/Hunan/8/2008_China_2008/11/_6 (NA)",6,"GU182160","A/chicken/Hunan/8/2008","H5N1","Avian","gal","Domestic","chicken","Asia","China","Hunan","2008/11/",2008.87123287671
"H5N1_Avian_gal_Domestic_Asia_China_A/chicken/Hunan/1/2009|2009.45205479452","H5N1_Avian_HM172195_A/chicken/Hunan/1/2009_China_2009//_6 (NA)",6,"HM172195","A/chicken/Hunan/1/2009","H5N1","Avian","gal","Domestic","chicken","Asia","China","Hunan","2009//",2009.45205479452
"H5N1_Avian_gal_Domestic_Asia_India_A/chicken/Nandurbar/7979/2006|2006.12328767123","H5N1_Avian_GU354067_A/chicken/Nandurbar/7979/2006_India_2006/02/_6 (NA)",6,"GU354067","A/chicken/Nandurbar/7979/2006","H5N1","Avian","gal","Domestic","chicken","Asia","India","Nandurbar","2006/02/",2006.12328767123
"H5N1_Avian_gal_Domestic_Asia_India_A/chicken/India/82544/2008|2008.05753424658","H5N1_Avian_CY111083_A/chicken/India/82544/2008_India_2008/01/22_6 (NA)",6,"CY111083","A/chicken/India/82544/2008","H5N1","Avian","gal","Domestic","chicken","Asia","India","India","2008/01/22",2008.05753424658
"H5N1_Avian_gal_Domestic_Asia_India_A/chicken/West Bengal/193936/2009|2009.36712328767","H5N1_Avian_GU272008_A/chicken/West Bengal/193936/2009_India_2009/05/_6 (NA)",6,"GU272008","A/chicken/West Bengal/193936/2009","H5N1","Avian","gal","Domestic","chicken","Asia","India","West Bengal","2009/05/",2009.36712328767
"H5N1_Avian_gal_Domestic_Asia_India_A/chicken/West Bengal/239020/2010|2010.0301369863","H5N1_Avian_CY061296_A/chicken/West Bengal/239020/2010_India_2010/01/12_6 (NA)",6,"CY061296","A/chicken/West Bengal/239020/2010","H5N1","Avian","gal","Domestic","chicken","Asia","India","West Bengal","2010/01/12",2010.0301369863
"H5N1_Avian_gal_Domestic_Asia_India_A/chicken/India/CA0302/2011|2011.17534246575","H5N1_Avian_CY089475_A/chicken/India/CA0302/2011_India_2011/03/06_6 (NA)",6,"CY089475","A/chicken/India/CA0302/2011","H5N1","Avian","gal","Domestic","chicken","Asia","India","India","2011/03/06",2011.17534246575
"H5N1_Avian_gal_Domestic_Asia_Indonesia_A/chicken/East Java/UT1006/2003|2003.87123287671","H5N1_Avian_GQ122433_A/chicken/East Java/UT1006/2003_Indonesia_2003/11/15_6 (NA)",6,"GQ122433","A/chicken/East Java/UT1006/2003","H5N1","Avian","gal","Domestic","chicken","Asia","Indonesia","East Java","2003/11/15",2003.87123287671
"H5N1_Avian_gal_Domestic_Asia_Indonesia_A/quail/Yogjakarta/UT1023/2004|2004.03835616438","H5N1_Avian_GQ122439_A/quail/Yogjakarta/UT1023/2004_Indonesia_2004/01/15_6 (NA)",6,"GQ122439","A/quail/Yogjakarta/UT1023/2004","H5N1","Avian","gal","Domestic","quail","Asia","Indonesia","Yogjakarta","2004/01/15",2004.03835616438
"H5N1_Avian_gal_Domestic_Asia_Indonesia_A/chicken/Sulawesi Selatan/UT2093/2005|2005.45205479452","H5N1_Avian_GQ122481_A/chicken/Sulawesi Selatan/UT2093/2005_Indonesia_2005//_6 (NA)",6,"GQ122481","A/chicken/Sulawesi Selatan/UT2093/2005","H5N1","Avian","gal","Domestic","chicken","Asia","Indonesia","Sulawesi Selatan","2005//",2005.45205479452
"H5N1_Avian_gal_Domestic_Asia_Indonesia_A/chicken/East Java/UT6021/2006|2006.87123287671","H5N1_Avian_GQ122511_A/chicken/East Java/UT6021/2006_Indonesia_2006/11/_6 (NA)",6,"GQ122511","A/chicken/East Java/UT6021/2006","H5N1","Avian","gal","Domestic","chicken","Asia","Indonesia","East Java","2006/11/",2006.87123287671
"H5N1_Avian_gal_Domestic_Asia_Indonesia_A/chicken/East Java/UT6031/2007|2007.03835616438","H5N1_Avian_GQ122529_A/chicken/East Java/UT6031/2007_Indonesia_2007/01/_6 (NA)",6,"GQ122529","A/chicken/East Java/UT6031/2007","H5N1","Avian","gal","Domestic","chicken","Asia","Indonesia","East Java","2007/01/",2007.03835616438
"H5N1_Avian_gal_Domestic_Asia_Japan_A/chicken/Yamaguchi/7/2004|2004.45205479452","H5N1_Avian_AB166864_A/chicken/Yamaguchi/7/2004_Japan_2004//_6 (NA)",6,"AB166864","A/chicken/Yamaguchi/7/2004","H5N1","Avian","gal","Domestic","chicken","Asia","Japan","Yamaguchi","2004//",2004.45205479452
"H5N1_Avian_gal_Domestic_Asia_Japan_A/chicken/Shimane/1/2010|2010.87123287671","H5N1_Avian_AB684085_A/chicken/Shimane/1/2010_Japan_2010/11/_6 (NA)",6,"AB684085","A/chicken/Shimane/1/2010","H5N1","Avian","gal","Domestic","chicken","Asia","Japan","Shimane","2010/11/",2010.87123287671
"H5N1_Avian_gal_Domestic_Asia_Japan_A/chicken/Aichi/2/2011|2011.12328767123","H5N1_Avian_AB684180_A/chicken/Aichi/2/2011_Japan_2011/02/_6 (NA)",6,"AB684180","A/chicken/Aichi/2/2011","H5N1","Avian","gal","Domestic","chicken","Asia","Japan","Aichi","2011/02/",2011.12328767123
"H5N1_Avian_gal_Domestic_Asia_China_A/chicken/Jiangsu/cz1/2002|2002.45205479452","H5N1_Avian_DQ997183_A/chicken/Jiangsu/cz1/2002_China_2002//_6 (NA)",6,"DQ997183","A/chicken/Jiangsu/cz1/2002","H5N1","Avian","gal","Domestic","chicken","Asia","China","Jiangsu","2002//",2002.45205479452
"H5N1_Avian_gal_Domestic_Asia_China_A/chicken/Jiangsu/18/2008|2008.45205479452","H5N1_Avian_HM172171_A/chicken/Jiangsu/18/2008_China_2008//_6 (NA)",6,"HM172171","A/chicken/Jiangsu/18/2008","H5N1","Avian","gal","Domestic","chicken","Asia","China","Jiangsu","2008//",2008.45205479452
"H5N1_Avian_gal_Domestic_Asia_China_A/chicken/Jiangsu/k0402/2010|2010.1095890411","H5N1_Avian_JQ638677_A/chicken/Jiangsu/k0402/2010_China_2010/02/10_6 (NA)",6,"JQ638677","A/chicken/Jiangsu/k0402/2010","H5N1","Avian","gal","Domestic","chicken","Asia","China","Jiangsu","2010/02/10",2010.1095890411
"H5N1_Avian_gal_Domestic_Asia_China_A/chicken/Jiangxi/25/2004|2004.45205479452","H5N1_Avian_HM172463_A/chicken/Jiangxi/25/2004_China_2004//_6 (NA)",6,"HM172463","A/chicken/Jiangxi/25/2004","H5N1","Avian","gal","Domestic","chicken","Asia","China","Jiangxi","2004//",2004.45205479452
"H5N1_Avian_gal_Domestic_Asia_China_A/chicken/Jilin/hd/2002|2002.45205479452","H5N1_Avian_DQ997284_A/chicken/Jilin/hd/2002_China_2002//_6 (NA)",6,"DQ997284","A/chicken/Jilin/hd/2002","H5N1","Avian","gal","Domestic","chicken","Asia","China","Jilin","2002//",2002.45205479452
"H5N1_Avian_gal_Domestic_Asia_China_A/chicken/Jilin/ha/2003|2003.45205479452","H5N1_Avian_DQ997271_A/chicken/Jilin/ha/2003_China_2003//_6 (NA)",6,"DQ997271","A/chicken/Jilin/ha/2003","H5N1","Avian","gal","Domestic","chicken","Asia","China","Jilin","2003//",2003.45205479452
"H5N1_Avian_gal_Domestic_Asia_China_A/chicken/Jilin/9/2004|2004.45205479452","H5N1_Avian_AY653195_A/chicken/Jilin/9/2004_China_2004//_6 (NA)",6,"AY653195","A/chicken/Jilin/9/2004","H5N1","Avian","gal","Domestic","chicken","Asia","China","Jilin","2004//",2004.45205479452
"H5N1_Avian_gal_Domestic_Asia_Russia_A/chicken/Krasnodar/123/06|2006.45205479452","H5N1_Avian_EF205173_A/chicken/Krasnodar/123/06_Russia_2006//_6 (NA)",6,"EF205173","A/chicken/Krasnodar/123/06","H5N1","Avian","gal","Domestic","chicken","Asia","Russia","Krasnodar","2006//",2006.45205479452
"H5N1_Avian_gal_Domestic_Asia_Russia_A/chicken/Krasnodar/300/07|2007.67671232877","H5N1_Avian_EU163433_A/chicken/Krasnodar/300/07_Russia_2007/09/05_6 (NA)",6,"EU163433","A/chicken/Krasnodar/300/07","H5N1","Avian","gal","Domestic","chicken","Asia","Russia","Krasnodar","2007/09/05",2007.67671232877
"H5N1_Avian_gal_Domestic_Asia_Russia_A/chicken/Kurgan/05/2005|2005.45205479452","H5N1_Avian_DQ449634_A/chicken/Kurgan/05/2005_Russia_2005//_6 (NA)",6,"DQ449634","A/chicken/Kurgan/05/2005","H5N1","Avian","gal","Domestic","chicken","Asia","Russia","Kurgan","2005//",2005.45205479452
"H5N1_Avian_gal_Domestic_Asia_Kuwait_A/chicken/Kuwait/KISR7/2007|2007.45205479452","H5N1_Avian_CY029982_A/chicken/Kuwait/KISR7/2007_Kuwait_2007//_6 (NA)",6,"CY029982","A/chicken/Kuwait/KISR7/2007","H5N1","Avian","gal","Domestic","chicken","Asia","Kuwait","Kuwait","2007//",2007.45205479452
"H5N1_Avian_gal_Domestic_Asia_Laos_A/Chicken/Laos/Xaythiani 26/2006|2006.45205479452","H5N1_Avian_HM006753_A/Chicken/Laos/Xaythiani 26/2006_Laos_2006//_6 (NA)",6,"HM006753","A/Chicken/Laos/Xaythiani 26/2006","H5N1","Avian","gal","Domestic","Chicken","Asia","Laos","Laos","2006//",2006.45205479452
"H5N1_Avian_gal_Domestic_Asia_Laos_A/chicken/Laos/P0020/2007|2007.45205479452","H5N1_Avian_CY034690_A/chicken/Laos/P0020/2007_Laos_2007//_6 (NA)",6,"CY034690","A/chicken/Laos/P0020/2007","H5N1","Avian","gal","Domestic","chicken","Asia","Laos","Laos","2007//",2007.45205479452
"H5N1_Avian_gal_Domestic_Asia_Laos_A/chicken/Lao/LH1/2010|2010.36712328767","H5N1_Avian_CY098299_A/chicken/Lao/LH1/2010_Laos_2010/05/_6 (NA)",6,"CY098299","A/chicken/Lao/LH1/2010","H5N1","Avian","gal","Domestic","chicken","Asia","Laos","Lao","2010/05/",2010.36712328767
"H5N1_Avian_gal_Domestic_Asia_China_A/chicken/Liaoning/23/2005|2005.45205479452","H5N1_Avian_HM172461_A/chicken/Liaoning/23/2005_China_2005//_6 (NA)",6,"HM172461","A/chicken/Liaoning/23/2005","H5N1","Avian","gal","Domestic","chicken","Asia","China","Liaoning","2005//",2005.45205479452
"H5N1_Avian_gal_Domestic_Asia_China_A/chicken/Liaoning/A-11/2006|2006.45205479452","H5N1_Avian_HM172196_A/chicken/Liaoning/A-11/2006_China_2006//_6 (NA)",6,"HM172196","A/chicken/Liaoning/A-11/2006","H5N1","Avian","gal","Domestic","chicken","Asia","China","Liaoning","2006//",2006.45205479452
"H5N1_Avian_gal_Domestic_Asia_China_A/chicken/Liaoning/A-1/2007|2007.45205479452","H5N1_Avian_HM172206_A/chicken/Liaoning/A-1/2007_China_2007//_6 (NA)",6,"HM172206","A/chicken/Liaoning/A-1/2007","H5N1","Avian","gal","Domestic","chicken","Asia","China","Liaoning","2007//",2007.45205479452
"H5N1_Avian_gal_Domestic_Asia_Russia_A/chicken/Moscow/2/2007|2007.11780821918","H5N1_Avian_EF474448_A/chicken/Moscow/2/2007_Russia_2007/02/13_6 (NA)",6,"EF474448","A/chicken/Moscow/2/2007","H5N1","Avian","gal","Domestic","chicken","Asia","Russia","Moscow","2007/02/13",2007.11780821918
"H5N1_Avian_gal_Domestic_Asia_Myanmar_A/chicken/Pyigyitagon/204/2006|2006.45205479452","H5N1_Avian_AB478031_A/chicken/Pyigyitagon/204/2006_Myanmar_2006//_6 (NA)",6,"AB478031","A/chicken/Pyigyitagon/204/2006","H5N1","Avian","gal","Domestic","chicken","Asia","Myanmar","Pyigyitagon","2006//",2006.45205479452
"H5N1_Avian_gal_Domestic_Asia_Myanmar_A/chicken/Hmawbi/517/2007|2007.45205479452","H5N1_Avian_AB478032_A/chicken/Hmawbi/517/2007_Myanmar_2007//_6 (NA)",6,"AB478032","A/chicken/Hmawbi/517/2007","H5N1","Avian","gal","Domestic","chicken","Asia","Myanmar","Hmawbi","2007//",2007.45205479452
"H5N1_Avian_gal_Domestic_Africa_Nigeria_A/chicken/Nigeria/1047-30/2006|2006.45205479452","H5N1_Avian_CY016941_A/chicken/Nigeria/1047-30/2006_Nigeria_2006//_6 (NA)",6,"CY016941","A/chicken/Nigeria/1047-30/2006","H5N1","Avian","gal","Domestic","chicken","Africa","Nigeria","Nigeria","2006//",2006.45205479452
"H5N1_Avian_gal_Domestic_Asia_China_A/chicken/Ningxia/24/2006|2006.45205479452","H5N1_Avian_HM172205_A/chicken/Ningxia/24/2006_China_2006//_6 (NA)",6,"HM172205","A/chicken/Ningxia/24/2006","H5N1","Avian","gal","Domestic","chicken","Asia","China","Ningxia","2006//",2006.45205479452
"H5N1_Avian_gal_Domestic_Asia_Russia_A/chicken/Omsk/14/05|2005.45205479452","H5N1_Avian_EF205169_A/chicken/Omsk/14/05_Russia_2005//_6 (NA)",6,"EF205169","A/chicken/Omsk/14/05","H5N1","Avian","gal","Domestic","chicken","Asia","Russia","Omsk","2005//",2005.45205479452
"H5N1_Avian_gal_Domestic_Asia_Pakistan_A/chicken/Sihala/NARC3303.4/2006|2006.45205479452","H5N1_Avian_CY037772_A/chicken/Sihala/NARC3303.4/2006_Pakistan_2006//_6 (NA)",6,"CY037772","A/chicken/Sihala/NARC3303.4/2006","H5N1","Avian","gal","Domestic","chicken","Asia","Pakistan","Sihala","2006//",2006.45205479452
"H5N1_Avian_gal_Domestic_Europe_Poland_A/chicken/Poland/R3248/2007|2007.45205479452","H5N1_Avian_FM163442_A/chicken/Poland/R3248/2007_Poland_2007//_6 (NA)",6,"FM163442","A/chicken/Poland/R3248/2007","H5N1","Avian","gal","Domestic","chicken","Europe","Poland","Poland","2007//",2007.45205479452
"H5N1_Avian_gal_Domestic_Asia_Russia_A/chicken/Primorje/1/2008|2008.27123287671","H5N1_Avian_EU672460_A/chicken/Primorje/1/2008_Russia_2008/04/10_6 (NA)",6,"EU672460","A/chicken/Primorje/1/2008","H5N1","Avian","gal","Domestic","chicken","Asia","Russia","Primorje","2008/04/10",2008.27123287671
"H5N1_Avian_gal_Domestic_Asia_Russia_A/chicken/Reshoty/02/2006|2006.45205479452","H5N1_Avian_CY047485_A/chicken/Reshoty/02/2006_Russia_2006/06/_6 (NA)",6,"CY047485","A/chicken/Reshoty/02/2006","H5N1","Avian","gal","Domestic","chicken","Asia","Russia","Reshoty","2006/06/",2006.45205479452
"H5N1_Avian_gal_Domestic_Asia_Russia_A/chicken/Rostov/22-1/2007|2007.45205479452","H5N1_Avian_EU402400_A/chicken/Rostov/22-1/2007_Russia_2007//_6 (NA)",6,"EU402400","A/chicken/Rostov/22-1/2007","H5N1","Avian","gal","Domestic","chicken","Asia","Russia","Rostov","2007//",2007.45205479452
"H5N1_Avian_gal_Domestic_Asia_Russia_A/chicken/Rostov-on-Don/35/2007|2007.95068493151","H5N1_Avian_EU401753_A/chicken/Rostov-on-Don/35/2007_Russia_2007/12/14_6 (NA)",6,"EU401753","A/chicken/Rostov-on-Don/35/2007","H5N1","Avian","gal","Domestic","chicken","Asia","Russia","Rostov-on-Don","2007/12/14",2007.95068493151
"H5N1_Avian_gal_Domestic_Asia_Russia_A/chicken/Russia_Krasnodar/2/2007|2007.45205479452","H5N1_Avian_EF605599_A/chicken/Russia_Krasnodar/2/2007_Russia_2007//_6 (NA)",6,"EF605599","A/chicken/Russia_Krasnodar/2/2007","H5N1","Avian","gal","Domestic","chicken","Asia","Russia","Russia_Krasnodar","2007//",2007.45205479452
"H5N1_Avian_gal_Domestic_Asia_Saudi Arabia_A/turkey/Saudi Arabia/6732-6/2007|2007.45205479452","H5N1_Avian_EU596411_A/turkey/Saudi Arabia/6732-6/2007_Saudi Arabia_2007//_6 (NA)",6,"EU596411","A/turkey/Saudi Arabia/6732-6/2007","H5N1","Avian","gal","Domestic","turkey","Asia","Saudi Arabia","Saudi Arabia","2007//",2007.45205479452
"H5N1_Avian_gal_Domestic_Asia_China_A/chicken/Shandong/A-10/2006|2006.45205479452","H5N1_Avian_HM172212_A/chicken/Shandong/A-10/2006_China_2006//_6 (NA)",6,"HM172212","A/chicken/Shandong/A-10/2006","H5N1","Avian","gal","Domestic","chicken","Asia","China","Shandong","2006//",2006.45205479452
"H5N1_Avian_gal_Domestic_Asia_China_A/chicken/Shandong/A-1/2009|2009.45205479452","H5N1_Avian_HM172191_A/chicken/Shandong/A-1/2009_China_2009//_6 (NA)",6,"HM172191","A/chicken/Shandong/A-1/2009","H5N1","Avian","gal","Domestic","chicken","Asia","China","Shandong","2009//",2009.45205479452
"H5N1_Avian_gal_Domestic_Asia_China_A/chicken/Shanxi/10/2006|2006.45205479452","H5N1_Avian_HM172172_A/chicken/Shanxi/10/2006_China_2006//_6 (NA)",6,"HM172172","A/chicken/Shanxi/10/2006","H5N1","Avian","gal","Domestic","chicken","Asia","China","Shanxi","2006//",2006.45205479452
"H5N1_Avian_gal_Domestic_Asia_China_A/chicken/Sheny/0606/2008|2008.42739726027","H5N1_Avian_JQ277227_A/chicken/Sheny/0606/2008_China_2008/06/06_6 (NA)",6,"JQ277227","A/chicken/Sheny/0606/2008","H5N1","Avian","gal","Domestic","chicken","Asia","China","Sheny","2008/06/06",2008.42739726027
"H5N1_Avian_gal_Domestic_Asia_China_A/chicken/Sichuan/81/2005|2005.45205479452","H5N1_Avian_HM172167_A/chicken/Sichuan/81/2005_China_2005//_6 (NA)",6,"HM172167","A/chicken/Sichuan/81/2005","H5N1","Avian","gal","Domestic","chicken","Asia","China","Sichuan","2005//",2005.45205479452
"H5N1_Avian_gal_Domestic_Africa_Sudan_A/chicken/Sudan/2115-9/2006|2006.45205479452","H5N1_Avian_CY020671_A/chicken/Sudan/2115-9/2006_Sudan_2006//_6 (NA)",6,"CY020671","A/chicken/Sudan/2115-9/2006","H5N1","Avian","gal","Domestic","chicken","Africa","Sudan","Sudan","2006//",2006.45205479452
"H5N1_Avian_gal_Domestic_Asia_Russia_A/chicken/Suzdalka/06/05|2005.45205479452","H5N1_Avian_EF205168_A/chicken/Suzdalka/06/05_Russia_2005//_6 (NA)",6,"EF205168","A/chicken/Suzdalka/06/05","H5N1","Avian","gal","Domestic","chicken","Asia","Russia","Suzdalka","2005//",2005.45205479452
"H5N1_Avian_gal_Domestic_Asia_Thailand_A/chicken/Suphanburi/NIAH7540/2004|2004.45205479452","H5N1_Avian_AB450607_A/chicken/Suphanburi/NIAH7540/2004_Thailand_2004//_6 (NA)",6,"AB450607","A/chicken/Suphanburi/NIAH7540/2004","H5N1","Avian","gal","Domestic","chicken","Asia","Thailand","Suphanburi","2004//",2004.45205479452
"H5N1_Avian_gal_Domestic_Asia_Thailand_A/quail/Nakhon Pathom/NIAH7562/2005|2005.45205479452","H5N1_Avian_AB450612_A/quail/Nakhon Pathom/NIAH7562/2005_Thailand_2005//_6 (NA)",6,"AB450612","A/quail/Nakhon Pathom/NIAH7562/2005","H5N1","Avian","gal","Domestic","quail","Asia","Thailand","Nakhon Pathom","2005//",2005.45205479452
"H5N1_Avian_gal_Domestic_Asia_Thailand_A/chicken/Thailand/TS03/2006|2006.45205479452","H5N1_Avian_JQ794465_A/chicken/Thailand/TS03/2006_Thailand_2006//_6 (NA)",6,"JQ794465","A/chicken/Thailand/TS03/2006","H5N1","Avian","gal","Domestic","chicken","Asia","Thailand","Thailand","2006//",2006.45205479452
"H5N1_Avian_gal_Domestic_Asia_Thailand_A/chicken/Uthaithani/NIAH115067/2008|2008.45205479452","H5N1_Avian_FJ868035_A/chicken/Uthaithani/NIAH115067/2008_Thailand_2008//_6 (NA)",6,"FJ868035","A/chicken/Uthaithani/NIAH115067/2008","H5N1","Avian","gal","Domestic","chicken","Asia","Thailand","Uthaithani","2008//",2008.45205479452
"H5N1_Avian_gal_Domestic_Asia_China_A/chicken/Tibet/6/2008|2008.45205479452","H5N1_Avian_HM172202_A/chicken/Tibet/6/2008_China_2008//_6 (NA)",6,"HM172202","A/chicken/Tibet/6/2008","H5N1","Avian","gal","Domestic","chicken","Asia","China","Tibet","2008//",2008.45205479452
"H5N1_Avian_gal_Domestic_Asia_Russia_A/chicken/Tula/4/05|2005.45205479452","H5N1_Avian_EF205174_A/chicken/Tula/4/05_Russia_2005//_6 (NA)",6,"EF205174","A/chicken/Tula/4/05","H5N1","Avian","gal","Domestic","chicken","Asia","Russia","Tula","2005//",2005.45205479452
"H5N1_Avian_gal_Domestic_Asia_Viet Nam_A/chicken/Viet Nam/TG-023/2004|2004.45205479452","H5N1_Avian_DQ094281_A/chicken/Viet Nam/TG-023/2004_Viet Nam_2004//_6 (NA)",6,"DQ094281","A/chicken/Viet Nam/TG-023/2004","H5N1","Avian","gal","Domestic","chicken","Asia","Viet Nam","Viet Nam","2004//",2004.45205479452
"H5N1_Avian_gal_Domestic_Asia_Viet Nam_A/chicken/Viet Nam/8/2005|2005.45205479452","H5N1_Avian_CY016853_A/chicken/Viet Nam/8/2005_Viet Nam_2005//_6 (NA)",6,"CY016853","A/chicken/Viet Nam/8/2005","H5N1","Avian","gal","Domestic","chicken","Asia","Viet Nam","Viet Nam","2005//",2005.45205479452
"H5N1_Avian_gal_Domestic_Asia_Viet Nam_A/chicken/Ca Mau/1180/2006|2006.98630136986","H5N1_Avian_JX420208_A/chicken/Ca Mau/1180/2006_Viet Nam_2006/12/27_6 (NA)",6,"JX420208","A/chicken/Ca Mau/1180/2006","H5N1","Avian","gal","Domestic","chicken","Asia","Viet Nam","Ca Mau","2006/12/27",2006.98630136986
"H5N1_Avian_gal_Domestic_Asia_Viet Nam_A/chicken/Hanoi/45/2007|2007.45205479452","H5N1_Avian_JX420144_A/chicken/Hanoi/45/2007_Viet Nam_2007//_6 (NA)",6,"JX420144","A/chicken/Hanoi/45/2007","H5N1","Avian","gal","Domestic","chicken","Asia","Viet Nam","Hanoi","2007//",2007.45205479452
"H5N1_Avian_gal_Domestic_Asia_Viet Nam_A/chicken/Soc Trang/5/2012|2012.45753424658","H5N1_Avian_AB818507_A/chicken/Soc Trang/5/2012_Viet Nam_2012/06/17_6 (NA)",6,"AB818507","A/chicken/Soc Trang/5/2012","H5N1","Avian","gal","Domestic","chicken","Asia","Viet Nam","Soc Trang","2012/06/17",2012.45753424658
"H5N1_Avian_gal_Domestic_Asia_China_A/chicken/Xinjiang/53/2005|2005.45205479452","H5N1_Avian_HM172184_A/chicken/Xinjiang/53/2005_China_2005//_6 (NA)",6,"HM172184","A/chicken/Xinjiang/53/2005","H5N1","Avian","gal","Domestic","chicken","Asia","China","Xinjiang","2005//",2005.45205479452
"H5N1_Avian_gal_Domestic_Asia_China_A/chicken/Xinjiang/28/2006|2006.45205479452","H5N1_Avian_HM172193_A/chicken/Xinjiang/28/2006_China_2006//_6 (NA)",6,"HM172193","A/chicken/Xinjiang/28/2006","H5N1","Avian","gal","Domestic","chicken","Asia","China","Xinjiang","2006//",2006.45205479452
"H5N1_Avian_acc_Wild_Europe_Belgium_A/crested eagle/Belgium/01/2004|2004.45205479452","H5N1_Avian_DQ182482_A/crested eagle/Belgium/01/2004_Belgium_2004//_6 (NA)",6,"DQ182482","A/crested eagle/Belgium/01/2004","H5N1","Avian","acc","Wild","crested eagle","Europe","Belgium","Belgium","2004//",2004.45205479452
"H5N1_Avian_acc_Wild_Asia_Japan_A/mountain hawk-eagle/Kumamoto/1/07|2007.45205479452","H5N1_Avian_AB525193_A/mountain hawk-eagle/Kumamoto/1/07_Japan_2007//_6 (NA)",6,"AB525193","A/mountain hawk-eagle/Kumamoto/1/07","H5N1","Avian","acc","Wild","mountain hawk-eagle","Asia","Japan","Kumamoto","2007//",2007.45205479452
"H5N1_Avian_acc_Wild_Asia_South Korea_A/Eurasian eagle owl/Korea/23/2010|2010.90136986301","H5N1_Avian_JQ710459_A/Eurasian eagle owl/Korea/23/2010_South Korea_2010/11/26_6 (NA)",6,"JQ710459","A/Eurasian eagle owl/Korea/23/2010","H5N1","Avian","acc","Wild","Eurasian eagle owl","Asia","South Korea","Korea","2010/11/26",2010.90136986301
"H5N1_Avian_ans_Wild_Asia_Russia_A/Cygnus olor/Astrakhan/Ast05-2-10/2005|2005.90136986301","H5N1_Avian_DQ440579_A/Cygnus olor/Astrakhan/Ast05-2-10/2005_Russia_2005/11/26_6 (NA)",6,"DQ440579","A/Cygnus olor/Astrakhan/Ast05-2-10/2005","H5N1","Avian","ans","Wild","Cygnus olor","Asia","Russia","Astrakhan","2005/11/26",2005.90136986301
"H5N1_Avian_ans_Wild_Asia_Russia_A/Cygnus olor/Caspian Sea/2006|2006.45205479452","H5N1_Avian_CY063862_A/Cygnus olor/Caspian Sea/2006_Russia_2006//_6 (NA)",6,"CY063862","A/Cygnus olor/Caspian Sea/2006","H5N1","Avian","ans","Wild","Cygnus olor","Asia","Russia","Caspian Sea","2006//",2006.45205479452
"H5N1_Avian_ans_Wild_Europe_Croatia_A/cygnus olor/Croatia/1/2005|2005.45205479452","H5N1_Avian_CY016821_A/cygnus olor/Croatia/1/2005_Croatia_2005//_6 (NA)",6,"CY016821","A/cygnus olor/Croatia/1/2005","H5N1","Avian","ans","Wild","cygnus olor","Europe","Croatia","Croatia","2005//",2005.45205479452
"H5N1_Avian_ans_Wild_Asia_China_A/wild duck/Fujian/1/2011|2011.18630136986","H5N1_Avian_JX534591_A/wild duck/Fujian/1/2011_China_2011/03/10_6 (NA)",6,"JX534591","A/wild duck/Fujian/1/2011","H5N1","Avian","ans","Wild","wild duck","Asia","China","Fujian","2011/03/10",2011.18630136986
"H5N1_Avian_ans_Wild_Europe_Germany_A/teal/Germany/WV632/2005|2005.89863013699","H5N1_Avian_CY061887_A/teal/Germany/WV632/2005_Germany_2005/11/25_6 (NA)",6,"CY061887","A/teal/Germany/WV632/2005","H5N1","Avian","ans","Wild","teal","Europe","Germany","Germany","2005/11/25",2005.89863013699
"H5N1_Avian_ans_Wild_Europe_Germany_A/swan/Germany/R65/2006|2006.12328767123","H5N1_Avian_DQ464355_A/swan/Germany/R65/2006_Germany_2006/02/_6 (NA)",6,"DQ464355","A/swan/Germany/R65/2006","H5N1","Avian","ans","Wild","swan","Europe","Germany","Germany","2006/02/",2006.12328767123
"H5N1_Avian_ans_Wild_Europe_Germany_A/mute swan/Germany/R1359/2007|2007.45205479452","H5N1_Avian_AM913996_A/mute swan/Germany/R1359/2007_Germany_2007//_6 (NA)",6,"AM913996","A/mute swan/Germany/R1359/2007","H5N1","Avian","ans","Wild","mute swan","Europe","Germany","Germany","2007//",2007.45205479452
"H5N1_Avian_ans_Wild_Asia_China_A/wild duck/Guangdong/314/2004|2004.45205479452","H5N1_Avian_AY950249_A/wild duck/Guangdong/314/2004_China_2004//_6 (NA)",6,"AY950249","A/wild duck/Guangdong/314/2004","H5N1","Avian","ans","Wild","wild duck","Asia","China","Guangdong","2004//",2004.45205479452
"H5N1_Avian_ans_Wild_Asia_China_A/swan/Guangxi/307/2004|2004.45205479452","H5N1_Avian_AY950250_A/swan/Guangxi/307/2004_China_2004//_6 (NA)",6,"AY950250","A/swan/Guangxi/307/2004","H5N1","Avian","ans","Wild","swan","Asia","China","Guangxi","2004//",2004.45205479452
"H5N1_Avian_ans_Wild_Asia_Hong Kong_A/waterfowl/Hong Kong/378.5/2001|2001.45205479452","H5N1_Avian_GU186694_A/waterfowl/Hong Kong/378.5/2001_Hong Kong_2001//_6 (NA)",6,"GU186694","A/waterfowl/Hong Kong/378.5/2001","H5N1","Avian","ans","Wild","waterfowl","Asia","Hong Kong","Hong Kong","2001//",2001.45205479452
"H5N1_Avian_ans_Wild_Asia_China_A/mallard/Huadong/Y/2003|2003.45205479452","H5N1_Avian_EU195418_A/mallard/Huadong/Y/2003_China_2003//_6 (NA)",6,"EU195418","A/mallard/Huadong/Y/2003","H5N1","Avian","ans","Wild","mallard","Asia","China","Huadong","2003//",2003.45205479452
"H5N1_Avian_ans_Wild_Asia_China_A/mallard/Huadong/hn/2005|2005.45205479452","H5N1_Avian_EU195410_A/mallard/Huadong/hn/2005_China_2005//_6 (NA)",6,"EU195410","A/mallard/Huadong/hn/2005","H5N1","Avian","ans","Wild","mallard","Asia","China","Huadong","2005//",2005.45205479452
"H5N1_Avian_ans_Wild_Asia_China_A/wild duck/Hunan/021/2005|2005.45205479452","H5N1_Avian_EU329179_A/wild duck/Hunan/021/2005_China_2005//_6 (NA)",6,"EU329179","A/wild duck/Hunan/021/2005","H5N1","Avian","ans","Wild","wild duck","Asia","China","Hunan","2005//",2005.45205479452
"H5N1_Avian_ans_Wild_Europe_Hungary_A/mute swan/Hungary/3472/2006|2006.09863013699","H5N1_Avian_FJ445228_A/mute swan/Hungary/3472/2006_Hungary_2006/02/06_6 (NA)",6,"FJ445228","A/mute swan/Hungary/3472/2006","H5N1","Avian","ans","Wild","mute swan","Europe","Hungary","Hungary","2006/02/06",2006.09863013699
"H5N1_Avian_ans_Wild_Asia_Iran_A/Cygnus cygnus/Iran/754/2006|2006.45205479452","H5N1_Avian_CY016781_A/Cygnus cygnus/Iran/754/2006_Iran_2006//_6 (NA)",6,"CY016781","A/Cygnus cygnus/Iran/754/2006","H5N1","Avian","ans","Wild","Cygnus cygnus","Asia","Iran","Iran","2006//",2006.45205479452
"H5N1_Avian_ans_Wild_Europe_Italy_A/mallard/Italy/3401/2005|2005.45205479452","H5N1_Avian_CY021399_A/mallard/Italy/3401/2005_Italy_2005//_6 (NA)",6,"CY021399","A/mallard/Italy/3401/2005","H5N1","Avian","ans","Wild","mallard","Europe","Italy","Italy","2005//",2005.45205479452
"H5N1_Avian_ans_Wild_Europe_Italy_A/cygnus olor/Italy/808/2006|2006.45205479452","H5N1_Avian_CY020351_A/cygnus olor/Italy/808/2006_Italy_2006//_6 (NA)",6,"CY020351","A/cygnus olor/Italy/808/2006","H5N1","Avian","ans","Wild","cygnus olor","Europe","Italy","Italy","2006//",2006.45205479452
"H5N1_Avian_ans_Wild_Asia_Japan_A/whooper swan/Hokkaido/1/2008|2008.45205479452","H5N1_Avian_AB436552_A/whooper swan/Hokkaido/1/2008_Japan_2008//_6 (NA)",6,"AB436552","A/whooper swan/Hokkaido/1/2008","H5N1","Avian","ans","Wild","whooper swan","Asia","Japan","Hokkaido","2008//",2008.45205479452
"H5N1_Avian_ans_Wild_Asia_Japan_A/mallard/Hokkaido/24/2009|2009.45205479452","H5N1_Avian_AB530994_A/mallard/Hokkaido/24/2009_Japan_2009//_6 (NA)",6,"AB530994","A/mallard/Hokkaido/24/2009","H5N1","Avian","ans","Wild","mallard","Asia","Japan","Hokkaido","2009//",2009.45205479452
"H5N1_Avian_ans_Wild_Asia_Japan_A/mute swan/Toyama/1/2010|2010.95342465753","H5N1_Avian_AB684092_A/mute swan/Toyama/1/2010_Japan_2010/12/_6 (NA)",6,"AB684092","A/mute swan/Toyama/1/2010","H5N1","Avian","ans","Wild","mute swan","Asia","Japan","Toyama","2010/12/",2010.95342465753
"H5N1_Avian_ans_Wild_Asia_Japan_A/mandarin duck/Miyazaki/22M-765/2011|2011.2","H5N1_Avian_AB684230_A/mandarin duck/Miyazaki/22M-765/2011_Japan_2011/03/_6 (NA)",6,"AB684230","A/mandarin duck/Miyazaki/22M-765/2011","H5N1","Avian","ans","Wild","mandarin duck","Asia","Japan","Miyazaki","2011/03/",2011.2
"H5N1_Avian_ans_Wild_Asia_China_A/wild duck/Jilin/HF/2011|2011.31232876712","H5N1_Avian_JX534575_A/wild duck/Jilin/HF/2011_China_2011/04/25_6 (NA)",6,"JX534575","A/wild duck/Jilin/HF/2011","H5N1","Avian","ans","Wild","wild duck","Asia","China","Jilin","2011/04/25",2011.31232876712
"H5N1_Avian_ans_Wild_Asia_Russia_A/Cygnus cygnus/Krasnodar/329/07|2007.67945205479","H5N1_Avian_EU257632_A/Cygnus cygnus/Krasnodar/329/07_Russia_2007/09/06_6 (NA)",6,"EU257632","A/Cygnus cygnus/Krasnodar/329/07","H5N1","Avian","ans","Wild","Cygnus cygnus","Asia","Russia","Krasnodar","2007/09/06",2007.67945205479
"H5N1_Avian_ans_Wild_Asia_China_A/wild duck/Liaoning/8/2006|2006.45205479452","H5N1_Avian_HM172190_A/wild duck/Liaoning/8/2006_China_2006//_6 (NA)",6,"HM172190","A/wild duck/Liaoning/8/2006","H5N1","Avian","ans","Wild","wild duck","Asia","China","Liaoning","2006//",2006.45205479452
"H5N1_Avian_ans_Wild_Asia_Mongolia_A/bar-headed goose/Mongolia/1/05|2005.53424657534","H5N1_Avian_AB239304_A/bar-headed goose/Mongolia/1/05_Mongolia_2005/07/_6 (NA)",6,"AB239304","A/bar-headed goose/Mongolia/1/05","H5N1","Avian","ans","Wild","bar-headed goose","Asia","Mongolia","Mongolia","2005/07/",2005.53424657534
"H5N1_Avian_ans_Wild_Asia_Mongolia_A/common goldeneye/Mongolia/12/2006|2006.36712328767","H5N1_Avian_AB284326_A/common goldeneye/Mongolia/12/2006_Mongolia_2006/05/_6 (NA)",6,"AB284326","A/common goldeneye/Mongolia/12/2006","H5N1","Avian","ans","Wild","common goldeneye","Asia","Mongolia","Mongolia","2006/05/",2006.36712328767
"H5N1_Avian_ans_Wild_Asia_Mongolia_A/bar-headed goose/Mongolia/X53/2009|2009.53424657534","H5N1_Avian_AB523769_A/bar-headed goose/Mongolia/X53/2009_Mongolia_2009/07/_6 (NA)",6,"AB523769","A/bar-headed goose/Mongolia/X53/2009","H5N1","Avian","ans","Wild","bar-headed goose","Asia","Mongolia","Mongolia","2009/07/",2009.53424657534
"H5N1_Avian_ans_Wild_Asia_Mongolia_A/whooper swan/Mongolia/1/2010|2010.36712328767","H5N1_Avian_AB569350_A/whooper swan/Mongolia/1/2010_Mongolia_2010/05/_6 (NA)",6,"AB569350","A/whooper swan/Mongolia/1/2010","H5N1","Avian","ans","Wild","whooper swan","Asia","Mongolia","Mongolia","2010/05/",2010.36712328767
"H5N1_Avian_ans_Wild_Asia_Russia_A/grebe/Novosibirsk/29/2005|2005.45205479452","H5N1_Avian_DQ230523_A/grebe/Novosibirsk/29/2005_Russia_2005//_6 (NA)",6,"DQ230523","A/grebe/Novosibirsk/29/2005","H5N1","Avian","ans","Wild","grebe","Asia","Russia","Novosibirsk","2005//",2005.45205479452
"H5N1_Avian_ans_Wild_Asia_China_A/bar-headed goose/Qinghai/3/2005|2005.45205479452","H5N1_Avian_HM172462_A/bar-headed goose/Qinghai/3/2005_China_2005//_6 (NA)",6,"HM172462","A/bar-headed goose/Qinghai/3/2005","H5N1","Avian","ans","Wild","bar-headed goose","Asia","China","Qinghai","2005//",2005.45205479452
"H5N1_Avian_ans_Wild_Asia_China_A/bar-headed goose/Qinghai/1-HVRI/2006|2006.45205479452","H5N1_Avian_HM172183_A/bar-headed goose/Qinghai/1-HVRI/2006_China_2006//_6 (NA)",6,"HM172183","A/bar-headed goose/Qinghai/1-HVRI/2006","H5N1","Avian","ans","Wild","bar-headed goose","Asia","China","Qinghai","2006//",2006.45205479452
"H5N1_Avian_ans_Wild_Asia_China_A/great crested-grebe/Qinghai/1/2009|2009.36712328767","H5N1_Avian_CY063320_A/great crested-grebe/Qinghai/1/2009_China_2009/05/15_6 (NA)",6,"CY063320","A/great crested-grebe/Qinghai/1/2009","H5N1","Avian","ans","Wild","great crested-grebe","Asia","China","Qinghai","2009/05/15",2009.36712328767
"H5N1_Avian_ans_Wild_Asia_China_A/wild duck/Shandong/628/2011|2011.28219178082","H5N1_Avian_JX534567_A/wild duck/Shandong/628/2011_China_2011/04/14_6 (NA)",6,"JX534567","A/wild duck/Shandong/628/2011","H5N1","Avian","ans","Wild","wild duck","Asia","China","Shandong","2011/04/14",2011.28219178082
"H5N1_Avian_ans_Wild_Asia_China_A/swan/Shanghai/10/2009|2009.03835616438","H5N1_Avian_JF975563_A/swan/Shanghai/10/2009_China_2009/01/_6 (NA)",6,"JF975563","A/swan/Shanghai/10/2009","H5N1","Avian","ans","Wild","swan","Asia","China","Shanghai","2009/01/",2009.03835616438
"H5N1_Avian_ans_Wild_Europe_Slovenia_A/swan/Slovenia/760/2006|2006.45205479452","H5N1_Avian_CY017045_A/swan/Slovenia/760/2006_Slovenia_2006//_6 (NA)",6,"CY017045","A/swan/Slovenia/760/2006","H5N1","Avian","ans","Wild","swan","Europe","Slovenia","Slovenia","2006//",2006.45205479452
"H5N1_Avian_ans_Wild_Asia_South Korea_A/wild duck/Korea/SNU50-5/2009|2009.73698630137","H5N1_Avian_JX497770_A/wild duck/Korea/SNU50-5/2009_South Korea_2009/09/27_6 (NA)",6,"JX497770","A/wild duck/Korea/SNU50-5/2009","H5N1","Avian","ans","Wild","wild duck","Asia","South Korea","Korea","2009/09/27",2009.73698630137
"H5N1_Avian_ans_Wild_Asia_South Korea_A/mandarin duck/Korea/PSC24-24/2010|2010.98904109589","H5N1_Avian_JQ710451_A/mandarin duck/Korea/PSC24-24/2010_South Korea_2010/12/28_6 (NA)",6,"JQ710451","A/mandarin duck/Korea/PSC24-24/2010","H5N1","Avian","ans","Wild","mandarin duck","Asia","South Korea","Korea","2010/12/28",2010.98904109589
"H5N1_Avian_ans_Wild_Asia_Thailand_A/little grebe/Thailand/Phichit-01/2004|2004.45205479452","H5N1_Avian_AY553832_A/little grebe/Thailand/Phichit-01/2004_Thailand_2004//_6 (NA)",6,"AY553832","A/little grebe/Thailand/Phichit-01/2004","H5N1","Avian","ans","Wild","little grebe","Asia","Thailand","Thailand","2004//",2004.45205479452
"H5N1_Avian_ans_Wild_Asia_China_A/bar-headed goose/Tibet/8/2006|2006.45205479452","H5N1_Avian_HM172185_A/bar-headed goose/Tibet/8/2006_China_2006//_6 (NA)",6,"HM172185","A/bar-headed goose/Tibet/8/2006","H5N1","Avian","ans","Wild","bar-headed goose","Asia","China","Tibet","2006//",2006.45205479452
"H5N1_Avian_ans_Wild_Asia_Russia_A/grebe/Tyva/Tyv06-2/06|2006.47671232877","H5N1_Avian_DQ852601_A/grebe/Tyva/Tyv06-2/06_Russia_2006/06/24_6 (NA)",6,"DQ852601","A/grebe/Tyva/Tyv06-2/06","H5N1","Avian","ans","Wild","grebe","Asia","Russia","Tyva","2006/06/24",2006.47671232877
"H5N1_Avian_ans_Wild_Asia_Russia_A/grebe/Tyva/3/2009|2009.47123287671","H5N1_Avian_GQ386143_A/grebe/Tyva/3/2009_Russia_2009/06/22_6 (NA)",6,"GQ386143","A/grebe/Tyva/3/2009","H5N1","Avian","ans","Wild","grebe","Asia","Russia","Tyva","2009/06/22",2009.47123287671
"H5N1_Avian_ans_Wild_Asia_Russia_A/grebe/Tyva/2/2010|2010.47123287671","H5N1_Avian_HQ630837_A/grebe/Tyva/2/2010_Russia_2010/06/22_6 (NA)",6,"HQ630837","A/grebe/Tyva/2/2010","H5N1","Avian","ans","Wild","grebe","Asia","Russia","Tyva","2010/06/22",2010.47123287671
"H5N1_Avian_cic_Wild_Asia_Cambodia_A/marabou stork/Cambodia/TM068/2011|2011.53150684932","H5N1_Avian_JQ701714_A/marabou stork/Cambodia/TM068/2011_Cambodia_2011/07/14_6 (NA)",6,"JQ701714","A/marabou stork/Cambodia/TM068/2011","H5N1","Avian","cic","Wild","marabou stork","Asia","Cambodia","Cambodia","2011/07/14",2011.53150684932
"H5N1_Avian_cic_Wild_Asia_Thailand_A/openbill stork/Thailand/VSMU-4-NSN/2004|2004.09589041096","H5N1_Avian_HM627915_A/openbill stork/Thailand/VSMU-4-NSN/2004_Thailand_2004/02/05_6 (NA)",6,"HM627915","A/openbill stork/Thailand/VSMU-4-NSN/2004","H5N1","Avian","cic","Wild","openbill stork","Asia","Thailand","Thailand","2004/02/05",2004.09589041096
"H5N1_Avian_cic_Wild_Asia_Thailand_A/open-billed stork/Nakhonsawan/BBD3616M/05|2005.45205479452","H5N1_Avian_EF112343_A/open-billed stork/Nakhonsawan/BBD3616M/05_Thailand_2005//_6 (NA)",6,"EF112343","A/open-billed stork/Nakhonsawan/BBD3616M/05","H5N1","Avian","cic","Wild","open-billed stork","Asia","Thailand","Nakhonsawan","2005//",2005.45205479452
"H5N1_Avian_fal_Wild_Asia_Hong Kong_A/peregrine falcon/Hong Kong/2142/2008|2008.45205479452","H5N1_Avian_CY036271_A/peregrine falcon/Hong Kong/2142/2008_Hong Kong_2008//_6 (NA)",6,"CY036271","A/peregrine falcon/Hong Kong/2142/2008","H5N1","Avian","fal","Wild","peregrine falcon","Asia","Hong Kong","Hong Kong","2008//",2008.45205479452
"H5N1_Avian_fal_Wild_Asia_Japan_A/peregrine falcon/Aomori/7/2011|2011.2","H5N1_Avian_AB629715_A/peregrine falcon/Aomori/7/2011_Japan_2011/03/15_6 (NA)",6,"AB629715","A/peregrine falcon/Aomori/7/2011","H5N1","Avian","fal","Wild","peregrine falcon","Asia","Japan","Aomori","2011/03/15",2011.2
"H5N1_Avian_fal_Wild_Asia_Kuwait_A/saker falcon/Kuwait/0286/2007|2007.45205479452","H5N1_Avian_EU700510_A/saker falcon/Kuwait/0286/2007_Kuwait_2007//_6 (NA)",6,"EU700510","A/saker falcon/Kuwait/0286/2007","H5N1","Avian","fal","Wild","saker falcon","Asia","Kuwait","Kuwait","2007//",2007.45205479452
"H5N1_Avian_fal_Wild_Asia_Saudi Arabia_A/falcon/Saudi Arabia/D1795/2005|2005.45205479452","H5N1_Avian_EU748905_A/falcon/Saudi Arabia/D1795/2005_Saudi Arabia_2005//_6 (NA)",6,"EU748905","A/falcon/Saudi Arabia/D1795/2005","H5N1","Avian","fal","Wild","falcon","Asia","Saudi Arabia","Saudi Arabia","2005//",2005.45205479452
"H5N1_Avian_fal_Wild_Asia_Saudi Arabia_A/falcon/Saudi Arabia/D1936/2007|2007.45205479452","H5N1_Avian_CY035243_A/falcon/Saudi Arabia/D1936/2007_Saudi Arabia_2007//_6 (NA)",6,"CY035243","A/falcon/Saudi Arabia/D1936/2007","H5N1","Avian","fal","Wild","falcon","Asia","Saudi Arabia","Saudi Arabia","2007//",2007.45205479452
"H5N1_Avian_gru_Wild_Asia_Japan_A/hooded crane/Kagoshima/4612J004/2010|2010.45205479452","H5N1_Avian_AB760273_A/hooded crane/Kagoshima/4612J004/2010_Japan_2010//_6 (NA)",6,"AB760273","A/hooded crane/Kagoshima/4612J004/2010","H5N1","Avian","gru","Wild","hooded crane","Asia","Japan","Kagoshima","2010//",2010.45205479452
"H5N1_Avian_gru_Wild_Asia_Japan_A/hooded crane/Kagoshima/110214-3/2011|2011.45205479452","H5N1_Avian_AB760281_A/hooded crane/Kagoshima/110214-3/2011_Japan_2011//_6 (NA)",6,"AB760281","A/hooded crane/Kagoshima/110214-3/2011","H5N1","Avian","gru","Wild","hooded crane","Asia","Japan","Kagoshima","2011//",2011.45205479452
"H5N1_Avian_pas_Wild_Asia_Hong Kong_A/magpie robin/Hong Kong/1097/2008|2008.45205479452","H5N1_Avian_CY036255_A/magpie robin/Hong Kong/1097/2008_Hong Kong_2008//_6 (NA)",6,"CY036255","A/magpie robin/Hong Kong/1097/2008","H5N1","Avian","pas","Wild","magpie robin","Asia","Hong Kong","Hong Kong","2008//",2008.45205479452
"H5N1_Avian_pas_Wild_Asia_Japan_A/crow/Osaka/102/2004|2004.45205479452","H5N1_Avian_AB189063_A/crow/Osaka/102/2004_Japan_2004//_6 (NA)",6,"AB189063","A/crow/Osaka/102/2004","H5N1","Avian","pas","Wild","crow","Asia","Japan","Osaka","2004//",2004.45205479452
"H5N1_Avian_pas_Wild_Asia_Laos_A/pigeon/Laos/P0022/2007|2007.45205479452","H5N1_Avian_CY040901_A/pigeon/Laos/P0022/2007_Laos_2007//_6 (NA)",6,"CY040901","A/pigeon/Laos/P0022/2007","H5N1","Avian","pas","Wild","pigeon","Asia","Laos","Laos","2007//",2007.45205479452
"H5N1_Avian_pas_Wild_Asia_China_A/pied magpie/Liaoning/7/2006|2006.45205479452","H5N1_Avian_HM172464_A/pied magpie/Liaoning/7/2006_China_2006//_6 (NA)",6,"HM172464","A/pied magpie/Liaoning/7/2006","H5N1","Avian","pas","Wild","pied magpie","Asia","China","Liaoning","2006//",2006.45205479452
"H5N1_Avian_pas_Wild_Asia_Russia_A/pigeon/Rostov-on-Don/6/2007|2007.95068493151","H5N1_Avian_EU441936_A/pigeon/Rostov-on-Don/6/2007_Russia_2007/12/14_6 (NA)",6,"EU441936","A/pigeon/Rostov-on-Don/6/2007","H5N1","Avian","pas","Wild","pigeon","Asia","Russia","Rostov-on-Don","2007/12/14",2007.95068493151
"H5N1_Avian_pas_Wild_Asia_Thailand_A/pigeon/Thailand/VSMU-7-NPT/2004|2004.45205479452","H5N1_Avian_AB576204_A/pigeon/Thailand/VSMU-7-NPT/2004_Thailand_2004//_6 (NA)",6,"AB576204","A/pigeon/Thailand/VSMU-7-NPT/2004","H5N1","Avian","pas","Wild","pigeon","Asia","Thailand","Thailand","2004//",2004.45205479452
"H5N1_Avian_pas_Wild_Asia_Thailand_A/tree sparrow/Rachaburi/VSMU-16-RBR/2005|2005.45205479452","H5N1_Avian_AB450624_A/tree sparrow/Rachaburi/VSMU-16-RBR/2005_Thailand_2005//_6 (NA)",6,"AB450624","A/tree sparrow/Rachaburi/VSMU-16-RBR/2005","H5N1","Avian","pas","Wild","tree sparrow","Asia","Thailand","Rachaburi","2005//",2005.45205479452
"H5N1_Avian_pas_Wild_Asia_China_A/shrike/Tibet/13/2006|2006.45205479452","H5N1_Avian_HM172174_A/shrike/Tibet/13/2006_China_2006//_6 (NA)",6,"HM172174","A/shrike/Tibet/13/2006","H5N1","Avian","pas","Wild","shrike","Asia","China","Tibet","2006//",2006.45205479452
"H5N1_Avian_pel_Wild_Asia_Hong Kong_A/egret/Hong Kong/757.2/2003|2003.45205479452","H5N1_Avian_AY676042_A/egret/Hong Kong/757.2/2003_Hong Kong_2003//_6 (NA)",6,"AY676042","A/egret/Hong Kong/757.2/2003","H5N1","Avian","pel","Wild","egret","Asia","Hong Kong","Hong Kong","2003//",2003.45205479452
"H5N1_Avian_pel_Wild_Asia_Hong Kong_A/little egret/Hong Kong/8550/2007|2007.45205479452","H5N1_Avian_CY036199_A/little egret/Hong Kong/8550/2007_Hong Kong_2007//_6 (NA)",6,"CY036199","A/little egret/Hong Kong/8550/2007","H5N1","Avian","pel","Wild","little egret","Asia","Hong Kong","Hong Kong","2007//",2007.45205479452
"H5N1_Avian_pel_Wild_Asia_Hong Kong_A/grey heron/Hong Kong/1046/2008|2008.45205479452","H5N1_Avian_CY036247_A/grey heron/Hong Kong/1046/2008_Hong Kong_2008//_6 (NA)",6,"CY036247","A/grey heron/Hong Kong/1046/2008","H5N1","Avian","pel","Wild","grey heron","Asia","Hong Kong","Hong Kong","2008//",2008.45205479452
"H5N1_Avian_pel_Wild_Asia_China_A/great cormorant/Tibet/12/2006|2006.45205479452","H5N1_Avian_HM172179_A/great cormorant/Tibet/12/2006_China_2006//_6 (NA)",6,"HM172179","A/great cormorant/Tibet/12/2006","H5N1","Avian","pel","Wild","great cormorant","Asia","China","Tibet","2006//",2006.45205479452
"H5N1_Avian_psi_Wild_Asia_China_A/parrot/Guangdong/C99/2005|2005.08493150685","H5N1_Avian_JX013486_A/parrot/Guangdong/C99/2005_China_2005/02/01_6 (NA)",6,"JX013486","A/parrot/Guangdong/C99/2005","H5N1","Avian","psi","Wild","parrot","Asia","China","Guangdong","2005/02/01",2005.08493150685
"H5N1_Avian_str_Wild_Africa_Nigeria_A/ostrich/Nigeria/1047-25/2006|2006.45205479452","H5N1_Avian_CY016917_A/ostrich/Nigeria/1047-25/2006_Nigeria_2006//_6 (NA)",6,"CY016917","A/ostrich/Nigeria/1047-25/2006","H5N1","Avian","str","Wild","ostrich","Africa","Nigeria","Nigeria","2006//",2006.45205479452
"H5N1_Avian_str_Wild_Asia_China_A/ostrich/Suzhou/097/2003|2003.28767123288","H5N1_Avian_JF732738_A/ostrich/Suzhou/097/2003_China_2003/04/16_6 (NA)",6,"JF732738","A/ostrich/Suzhou/097/2003","H5N1","Avian","str","Wild","ostrich","Asia","China","Suzhou","2003/04/16",2003.28767123288
