"SequenceName","OriginalName","segNumber","accn","isName","subtype","host","birdOrder","wildDomestic","bird","continent","country","place","dateTxt","decDate"
"H5N1_Avian_ans_Domestic_Asia_China_A/duck/Anhui/56/2005|2005.45205479452","H5N1_Avian_HM172270_A/duck/Anhui/56/2005_China_2005//_8 (NS)",8,"HM172270","A/duck/Anhui/56/2005","H5N1","Avian","ans","Domestic","duck","Asia","China","Anhui","2005//",2005.45205479452
"H5N1_Avian_ans_Domestic_Asia_China_A/duck/Anhui/1/06|2006.45205479452","H5N1_Avian_HM172304_A/duck/Anhui/1/06_China_2006//_8 (NS)",8,"HM172304","A/duck/Anhui/1/06","H5N1","Avian","ans","Domestic","duck","Asia","China","Anhui","2006//",2006.45205479452
"H5N1_Avian_ans_Domestic_Asia_Cambodia_A/duck/Cambodia/D14AL/2006|2006.09315068493","H5N1_Avian_HQ200454_A/duck/Cambodia/D14AL/2006_Cambodia_2006/02/04_8 (NS)",8,"HQ200454","A/duck/Cambodia/D14AL/2006","H5N1","Avian","ans","Domestic","duck","Asia","Cambodia","Cambodia","2006/02/04",2006.09315068493
"H5N1_Avian_ans_Domestic_Asia_China_A/duck/China/E319-2/03|2003.45205479452","H5N1_Avian_AY518360_A/duck/China/E319-2/03_China_2003//_8 (NS)",8,"AY518360","A/duck/China/E319-2/03","H5N1","Avian","ans","Domestic","duck","Asia","China","China","2003//",2003.45205479452
"H5N1_Avian_ans_Domestic_Africa_Cote dIvoire_A/duck/Cote d'Ivoire/1787-18/2006|2006.45205479452","H5N1_Avian_CY016807_A/duck/Cote d'Ivoire/1787-18/2006_Cote dIvoire_2006//_8 (NS)",8,"CY016807","A/duck/Cote d'Ivoire/1787-18/2006","H5N1","Avian","ans","Domestic","duck","Africa","Cote dIvoire","Cote d'Ivoire","2006//",2006.45205479452
"H5N1_Avian_ans_Domestic_Asia_China_A/duck/Eastern China/108/2008|2008.95342465753","H5N1_Avian_GU727673_A/duck/Eastern China/108/2008_China_2008/12/15_8 (NS)",8,"GU727673","A/duck/Eastern China/108/2008","H5N1","Avian","ans","Domestic","duck","Asia","China","Eastern China","2008/12/15",2008.95342465753
"H5N1_Avian_ans_Domestic_Asia_China_A/duck/Eastern China/909/2009|2009.03835616438","H5N1_Avian_GU727681_A/duck/Eastern China/909/2009_China_2009/01/15_8 (NS)",8,"GU727681","A/duck/Eastern China/909/2009","H5N1","Avian","ans","Domestic","duck","Asia","China","Eastern China","2009/01/15",2009.03835616438
"H5N1_Avian_ans_Domestic_Africa_Egypt_A/duck/Egypt/2253-3/2006|2006.45205479452","H5N1_Avian_CY016903_A/duck/Egypt/2253-3/2006_Egypt_2006//_8 (NS)",8,"CY016903","A/duck/Egypt/2253-3/2006","H5N1","Avian","ans","Domestic","duck","Africa","Egypt","Egypt","2006//",2006.45205479452
"H5N1_Avian_ans_Domestic_Africa_Egypt_A/duck/Egypt/D2br10/2007|2007.03835616438","H5N1_Avian_AB465628_A/duck/Egypt/D2br10/2007_Egypt_2007/01/_8 (NS)",8,"AB465628","A/duck/Egypt/D2br10/2007","H5N1","Avian","ans","Domestic","duck","Africa","Egypt","Egypt","2007/01/",2007.03835616438
"H5N1_Avian_ans_Domestic_Africa_Egypt_A/duck/Egypt/0871/2008|2008.13698630137","H5N1_Avian_CY044044_A/duck/Egypt/0871/2008_Egypt_2008/02/20_8 (NS)",8,"CY044044","A/duck/Egypt/0871/2008","H5N1","Avian","ans","Domestic","duck","Africa","Egypt","Egypt","2008/02/20",2008.13698630137
"H5N1_Avian_ans_Domestic_Africa_Egypt_A/duck/El Fayoum/CAI1/2010|2010.16164383562","H5N1_Avian_CY126100_A/duck/El Fayoum/CAI1/2010_Egypt_2010/03/01_8 (NS)",8,"CY126100","A/duck/El Fayoum/CAI1/2010","H5N1","Avian","ans","Domestic","duck","Africa","Egypt","El Fayoum","2010/03/01",2010.16164383562
"H5N1_Avian_ans_Domestic_Europe_France_A/duck/France/05066b/2005|2005.45205479452","H5N1_Avian_CY046138_A/duck/France/05066b/2005_France_2005//_8 (NS)",8,"CY046138","A/duck/France/05066b/2005","H5N1","Avian","ans","Domestic","duck","Europe","France","France","2005//",2005.45205479452
"H5N1_Avian_ans_Domestic_Asia_China_A/goose/Fujian/bb/2003|2003.45205479452","H5N1_Avian_DQ997408_A/goose/Fujian/bb/2003_China_2003//_8 (NS)",8,"DQ997408","A/goose/Fujian/bb/2003","H5N1","Avian","ans","Domestic","goose","Asia","China","Fujian","2003//",2003.45205479452
"H5N1_Avian_ans_Domestic_Europe_Germany_A/domestic duck/Germany/R1779/2007|2007.45205479452","H5N1_Avian_AM914025_A/domestic duck/Germany/R1779/2007_Germany_2007//_8 (NS)",8,"AM914025","A/domestic duck/Germany/R1779/2007","H5N1","Avian","ans","Domestic","domestic duck","Europe","Germany","Germany","2007//",2007.45205479452
"H5N1_Avian_ans_Domestic_Asia_China_A/goose/Guangdong/1/1996|1996.45205479452","H5N1_Avian_AF144307_A/goose/Guangdong/1/1996_China_1996//_8 (NS)",8,"AF144307","A/goose/Guangdong/1/1996","H5N1","Avian","ans","Domestic","goose","Asia","China","Guangdong","1996//",1996.45205479452
"H5N1_Avian_ans_Domestic_Asia_China_A/goose/Guangdong/3/1997|1997.45205479452","H5N1_Avian_AY028445_A/goose/Guangdong/3/1997_China_1997//_8 (NS)",8,"AY028445","A/goose/Guangdong/3/1997","H5N1","Avian","ans","Domestic","goose","Asia","China","Guangdong","1997//",1997.45205479452
"H5N1_Avian_ans_Domestic_Asia_China_A/goose/Guangdong/xb/2001|2001.45205479452","H5N1_Avian_DQ997525_A/goose/Guangdong/xb/2001_China_2001//_8 (NS)",8,"DQ997525","A/goose/Guangdong/xb/2001","H5N1","Avian","ans","Domestic","goose","Asia","China","Guangdong","2001//",2001.45205479452
"H5N1_Avian_ans_Domestic_Asia_China_A/duck/Guangdong/173/04|2004.45205479452","H5N1_Avian_AY737307_A/duck/Guangdong/173/04_China_2004//_8 (NS)",8,"AY737307","A/duck/Guangdong/173/04","H5N1","Avian","ans","Domestic","duck","Asia","China","Guangdong","2004//",2004.45205479452
"H5N1_Avian_ans_Domestic_Asia_China_A/duck/Guangxi/xa/2001|2001.45205479452","H5N1_Avian_DQ997516_A/duck/Guangxi/xa/2001_China_2001//_8 (NS)",8,"DQ997516","A/duck/Guangxi/xa/2001","H5N1","Avian","ans","Domestic","duck","Asia","China","Guangxi","2001//",2001.45205479452
"H5N1_Avian_ans_Domestic_Asia_China_A/duck/Guangxi/12/2003|2003.45205479452","H5N1_Avian_EU263349_A/duck/Guangxi/12/2003_China_2003//_8 (NS)",8,"EU263349","A/duck/Guangxi/12/2003","H5N1","Avian","ans","Domestic","duck","Asia","China","Guangxi","2003//",2003.45205479452
"H5N1_Avian_ans_Domestic_Asia_China_A/duck/Guangxi/13/2004|2004.45205479452","H5N1_Avian_DQ366342_A/duck/Guangxi/13/2004_China_2004//_8 (NS)",8,"DQ366342","A/duck/Guangxi/13/2004","H5N1","Avian","ans","Domestic","duck","Asia","China","Guangxi","2004//",2004.45205479452
"H5N1_Avian_ans_Domestic_Asia_Hong Kong_A/Duck/Hong Kong/380.5/2001|2001.45205479452","H5N1_Avian_AY075036_A/Duck/Hong Kong/380.5/2001_Hong Kong_2001//_8 (NS)",8,"AY075036","A/Duck/Hong Kong/380.5/2001","H5N1","Avian","ans","Domestic","Duck","Asia","Hong Kong","Hong Kong","2001//",2001.45205479452
"H5N1_Avian_ans_Domestic_Asia_Hong Kong_A/duck/Hong Kong/821/2002|2002.45205479452","H5N1_Avian_AY676049_A/duck/Hong Kong/821/2002_Hong Kong_2002//_8 (NS)",8,"AY676049","A/duck/Hong Kong/821/2002","H5N1","Avian","ans","Domestic","duck","Asia","Hong Kong","Hong Kong","2002//",2002.45205479452
"H5N1_Avian_ans_Domestic_Asia_China_A/duck/Hubei/wp/2003|2003.45205479452","H5N1_Avian_DQ997166_A/duck/Hubei/wp/2003_China_2003//_8 (NS)",8,"DQ997166","A/duck/Hubei/wp/2003","H5N1","Avian","ans","Domestic","duck","Asia","China","Hubei","2003//",2003.45205479452
"H5N1_Avian_ans_Domestic_Asia_China_A/duck/Hubei/49/2005|2005.45205479452","H5N1_Avian_HM172263_A/duck/Hubei/49/2005_China_2005//_8 (NS)",8,"HM172263","A/duck/Hubei/49/2005","H5N1","Avian","ans","Domestic","duck","Asia","China","Hubei","2005//",2005.45205479452
"H5N1_Avian_ans_Domestic_Asia_China_A/duck/Hubei/Hangmei01/2006|2006.45205479452","H5N1_Avian_EU594353_A/duck/Hubei/Hangmei01/2006_China_2006//_8 (NS)",8,"EU594353","A/duck/Hubei/Hangmei01/2006","H5N1","Avian","ans","Domestic","duck","Asia","China","Hubei","2006//",2006.45205479452
"H5N1_Avian_ans_Domestic_Asia_China_A/duck/Hubei/2911/2007|2007.07671232877","H5N1_Avian_FJ784868_A/duck/Hubei/2911/2007_China_2007/01/29_8 (NS)",8,"FJ784868","A/duck/Hubei/2911/2007","H5N1","Avian","ans","Domestic","duck","Asia","China","Hubei","2007/01/29",2007.07671232877
"H5N1_Avian_ans_Domestic_Asia_China_A/duck/Hunan/69/2004|2004.45205479452","H5N1_Avian_HM172307_A/duck/Hunan/69/2004_China_2004//_8 (NS)",8,"HM172307","A/duck/Hunan/69/2004","H5N1","Avian","ans","Domestic","duck","Asia","China","Hunan","2004//",2004.45205479452
"H5N1_Avian_ans_Domestic_Asia_China_A/domestic green-winged teal/Hunan/67/2005|2005.45205479452","H5N1_Avian_EU430503_A/domestic green-winged teal/Hunan/67/2005_China_2005//_8 (NS)",8,"EU430503","A/domestic green-winged teal/Hunan/67/2005","H5N1","Avian","ans","Domestic","domestic green-winged teal","Asia","China","Hunan","2005//",2005.45205479452
"H5N1_Avian_ans_Domestic_Asia_China_A/domestic green-winged teal/Hunan/3450/2006|2006.20273972603","H5N1_Avian_KC690160_A/domestic green-winged teal/Hunan/3450/2006_China_2006/03/16_8 (NS)",8,"KC690160","A/domestic green-winged teal/Hunan/3450/2006","H5N1","Avian","ans","Domestic","domestic green-winged teal","Asia","China","Hunan","2006/03/16",2006.20273972603
"H5N1_Avian_ans_Domestic_Asia_China_A/duck/Hunan/3/2007|2007.78630136986","H5N1_Avian_GU182154_A/duck/Hunan/3/2007_China_2007/10/_8 (NS)",8,"GU182154","A/duck/Hunan/3/2007","H5N1","Avian","ans","Domestic","duck","Asia","China","Hunan","2007/10/",2007.78630136986
"H5N1_Avian_ans_Domestic_Asia_China_A/duck/Hunan/8/2008|2008.87123287671","H5N1_Avian_GU182170_A/duck/Hunan/8/2008_China_2008/11/_8 (NS)",8,"GU182170","A/duck/Hunan/8/2008","H5N1","Avian","ans","Domestic","duck","Asia","China","Hunan","2008/11/",2008.87123287671
"H5N1_Avian_ans_Domestic_Asia_China_A/duck/Hunan/S4030/2011|2011.85479452055","H5N1_Avian_CY146648_A/duck/Hunan/S4030/2011_China_2011/11/09_8 (NS)",8,"CY146648","A/duck/Hunan/S4030/2011","H5N1","Avian","ans","Domestic","duck","Asia","China","Hunan","2011/11/09",2011.85479452055
"H5N1_Avian_ans_Domestic_Europe_Hungary_A/goose/Hungary/14756/2006|2006.42739726027","H5N1_Avian_FJ445246_A/goose/Hungary/14756/2006_Hungary_2006/06/06_8 (NS)",8,"FJ445246","A/goose/Hungary/14756/2006","H5N1","Avian","ans","Domestic","goose","Europe","Hungary","Hungary","2006/06/06",2006.42739726027
"H5N1_Avian_ans_Domestic_Asia_India_A/duck/Tripura/103597/2008|2008.28493150685","H5N1_Avian_GU252826_A/duck/Tripura/103597/2008_India_2008/04/_8 (NS)",8,"GU252826","A/duck/Tripura/103597/2008","H5N1","Avian","ans","Domestic","duck","Asia","India","Tripura","2008/04/",2008.28493150685
"H5N1_Avian_ans_Domestic_Asia_Indonesia_A/duck/East Java/UT1107/2004|2004.64657534247","H5N1_Avian_GQ122464_A/duck/East Java/UT1107/2004_Indonesia_2004/08/25_8 (NS)",8,"GQ122464","A/duck/East Java/UT1107/2004","H5N1","Avian","ans","Domestic","duck","Asia","Indonesia","East Java","2004/08/25",2004.64657534247
"H5N1_Avian_ans_Domestic_Asia_Japan_A/duck/Yokohama/aq10/2003|2003.45205479452","H5N1_Avian_AB212284_A/duck/Yokohama/aq10/2003_Japan_2003//_8 (NS)",8,"AB212284","A/duck/Yokohama/aq10/2003","H5N1","Avian","ans","Domestic","duck","Asia","Japan","Yokohama","2003//",2003.45205479452
"H5N1_Avian_ans_Domestic_Asia_Japan_A/duck/Hokkaido/WZ101/2010|2010.78356164384","H5N1_Avian_AB612913_A/duck/Hokkaido/WZ101/2010_Japan_2010/10/14_8 (NS)",8,"AB612913","A/duck/Hokkaido/WZ101/2010","H5N1","Avian","ans","Domestic","duck","Asia","Japan","Hokkaido","2010/10/14",2010.78356164384
"H5N1_Avian_ans_Domestic_Asia_China_A/goose/Jiangsu/k0403/2010|2010.1095890411","H5N1_Avian_JQ638682_A/goose/Jiangsu/k0403/2010_China_2010/02/10_8 (NS)",8,"JQ638682","A/goose/Jiangsu/k0403/2010","H5N1","Avian","ans","Domestic","goose","Asia","China","Jiangsu","2010/02/10",2010.1095890411
"H5N1_Avian_ans_Domestic_Asia_China_A/duck/Jiangxi/80/2005|2005.45205479452","H5N1_Avian_HM172290_A/duck/Jiangxi/80/2005_China_2005//_8 (NS)",8,"HM172290","A/duck/Jiangxi/80/2005","H5N1","Avian","ans","Domestic","duck","Asia","China","Jiangxi","2005//",2005.45205479452
"H5N1_Avian_ans_Domestic_Asia_China_A/goose/Jilin/hb/2003|2003.45205479452","H5N1_Avian_DQ997279_A/goose/Jilin/hb/2003_China_2003//_8 (NS)",8,"DQ997279","A/goose/Jilin/hb/2003","H5N1","Avian","ans","Domestic","goose","Asia","China","Jilin","2003//",2003.45205479452
"H5N1_Avian_ans_Domestic_Asia_Russia_A/goose/Krasnoozerskoye/627/2005|2005.45205479452","H5N1_Avian_EF205185_A/goose/Krasnoozerskoye/627/2005_Russia_2005//_8 (NS)",8,"EF205185","A/goose/Krasnoozerskoye/627/2005","H5N1","Avian","ans","Domestic","goose","Asia","Russia","Krasnoozerskoye","2005//",2005.45205479452
"H5N1_Avian_ans_Domestic_Asia_Russia_A/duck/Kurgan/08/2005|2005.45205479452","H5N1_Avian_DQ449644_A/duck/Kurgan/08/2005_Russia_2005//_8 (NS)",8,"DQ449644","A/duck/Kurgan/08/2005","H5N1","Avian","ans","Domestic","duck","Asia","Russia","Kurgan","2005//",2005.45205479452
"H5N1_Avian_ans_Domestic_Asia_Laos_A/duck/Laos/25/2006|2006.45205479452","H5N1_Avian_CY041042_A/duck/Laos/25/2006_Laos_2006//_8 (NS)",8,"CY041042","A/duck/Laos/25/2006","H5N1","Avian","ans","Domestic","duck","Asia","Laos","Laos","2006//",2006.45205479452
"H5N1_Avian_ans_Domestic_Asia_Laos_A/duck/Laos/P0127/2007|2007.45205479452","H5N1_Avian_CY040914_A/duck/Laos/P0127/2007_Laos_2007//_8 (NS)",8,"CY040914","A/duck/Laos/P0127/2007","H5N1","Avian","ans","Domestic","duck","Asia","Laos","Laos","2007//",2007.45205479452
"H5N1_Avian_ans_Domestic_Asia_Laos_A/duck/Lao/9/2010|2010.2","H5N1_Avian_CY098329_A/duck/Lao/9/2010_Laos_2010/03/_8 (NS)",8,"CY098329","A/duck/Lao/9/2010","H5N1","Avian","ans","Domestic","duck","Asia","Laos","Lao","2010/03/",2010.2
"H5N1_Avian_ans_Domestic_Africa_Niger_A/duck/Niger/914/2006|2006.45205479452","H5N1_Avian_CY017031_A/duck/Niger/914/2006_Niger_2006//_8 (NS)",8,"CY017031","A/duck/Niger/914/2006","H5N1","Avian","ans","Domestic","duck","Africa","Niger","Niger","2006//",2006.45205479452
"H5N1_Avian_ans_Domestic_Asia_Russia_A/duck/Novosibirsk/56/2005|2005.45205479452","H5N1_Avian_DQ234074_A/duck/Novosibirsk/56/2005_Russia_2005//_8 (NS)",8,"DQ234074","A/duck/Novosibirsk/56/2005","H5N1","Avian","ans","Domestic","duck","Asia","Russia","Novosibirsk","2005//",2005.45205479452
"H5N1_Avian_ans_Domestic_Asia_Russia_A/duck/Omsk/1822/2006|2006.53424657534","H5N1_Avian_CY047479_A/duck/Omsk/1822/2006_Russia_2006/07/_8 (NS)",8,"CY047479","A/duck/Omsk/1822/2006","H5N1","Avian","ans","Domestic","duck","Asia","Russia","Omsk","2006/07/",2006.53424657534
"H5N1_Avian_ans_Domestic_Asia_Russia_A/muscovy duck/Rostov-on-Don/51/2007|2007.95342465753","H5N1_Avian_EU441926_A/muscovy duck/Rostov-on-Don/51/2007_Russia_2007/12/15_8 (NS)",8,"EU441926","A/muscovy duck/Rostov-on-Don/51/2007","H5N1","Avian","ans","Domestic","muscovy duck","Asia","Russia","Rostov-on-Don","2007/12/15",2007.95342465753
"H5N1_Avian_ans_Domestic_Asia_China_A/duck/Shandong/093/2004|2004.45205479452","H5N1_Avian_AY856866_A/duck/Shandong/093/2004_China_2004//_8 (NS)",8,"AY856866","A/duck/Shandong/093/2004","H5N1","Avian","ans","Domestic","duck","Asia","China","Shandong","2004//",2004.45205479452
"H5N1_Avian_ans_Domestic_Asia_China_A/duck/Shandong/009/2008|2008.95342465753","H5N1_Avian_GU596988_A/duck/Shandong/009/2008_China_2008/12/15_8 (NS)",8,"GU596988","A/duck/Shandong/009/2008","H5N1","Avian","ans","Domestic","duck","Asia","China","Shandong","2008/12/15",2008.95342465753
"H5N1_Avian_ans_Domestic_Asia_China_A/duck/Shanghai/xj/2002|2002.45205479452","H5N1_Avian_DQ997534_A/duck/Shanghai/xj/2002_China_2002//_8 (NS)",8,"DQ997534","A/duck/Shanghai/xj/2002","H5N1","Avian","ans","Domestic","duck","Asia","China","Shanghai","2002//",2002.45205479452
"H5N1_Avian_ans_Domestic_Asia_South Korea_A/duck/Korea/ESD1/03|2003.45205479452","H5N1_Avian_AY676052_A/duck/Korea/ESD1/03_South Korea_2003//_8 (NS)",8,"AY676052","A/duck/Korea/ESD1/03","H5N1","Avian","ans","Domestic","duck","Asia","South Korea","Korea","2003//",2003.45205479452
"H5N1_Avian_ans_Domestic_Asia_Russia_A/goose/Suzdalka/10/05|2005.45205479452","H5N1_Avian_EF205184_A/goose/Suzdalka/10/05_Russia_2005//_8 (NS)",8,"EF205184","A/goose/Suzdalka/10/05","H5N1","Avian","ans","Domestic","goose","Asia","Russia","Suzdalka","2005//",2005.45205479452
"H5N1_Avian_ans_Domestic_Asia_Thailand_A/duck/Ang Thong/71(2)/2004|2004.45205479452","H5N1_Avian_GU186652_A/duck/Ang Thong/71(2)/2004_Thailand_2004//_8 (NS)",8,"GU186652","A/duck/Ang Thong/71(2)/2004","H5N1","Avian","ans","Domestic","duck","Asia","Thailand","Ang Thong","2004//",2004.45205479452
"H5N1_Avian_ans_Domestic_Asia_Thailand_A/duck/Thailand/TS04/2006|2006.45205479452","H5N1_Avian_JQ794474_A/duck/Thailand/TS04/2006_Thailand_2006//_8 (NS)",8,"JQ794474","A/duck/Thailand/TS04/2006","H5N1","Avian","ans","Domestic","duck","Asia","Thailand","Thailand","2006//",2006.45205479452
"H5N1_Avian_ans_Domestic_Asia_Viet Nam_A/duck/Vietnam/942B/2004|2004.45205479452","H5N1_Avian_CY033181_A/duck/Vietnam/942B/2004_Viet Nam_2004//_8 (NS)",8,"CY033181","A/duck/Vietnam/942B/2004","H5N1","Avian","ans","Domestic","duck","Asia","Viet Nam","Vietnam","2004//",2004.45205479452
"H5N1_Avian_ans_Domestic_Asia_Viet Nam_A/duck/Vietnam/1/2005|2005.45205479452","H5N1_Avian_CY016831_A/duck/Vietnam/1/2005_Viet Nam_2005//_8 (NS)",8,"CY016831","A/duck/Vietnam/1/2005","H5N1","Avian","ans","Domestic","duck","Asia","Viet Nam","Vietnam","2005//",2005.45205479452
"H5N1_Avian_ans_Domestic_Asia_Viet Nam_A/Muscovy duck/Ca Mau/1185/2006|2006.98904109589","H5N1_Avian_JX420226_A/Muscovy duck/Ca Mau/1185/2006_Viet Nam_2006/12/28_8 (NS)",8,"JX420226","A/Muscovy duck/Ca Mau/1185/2006","H5N1","Avian","ans","Domestic","Muscovy duck","Asia","Viet Nam","Ca Mau","2006/12/28",2006.98904109589
"H5N1_Avian_ans_Domestic_Asia_Viet Nam_A/Muscovy duck/Ca Mau/07-04/2007|2007.45205479452","H5N1_Avian_GU186749_A/Muscovy duck/Ca Mau/07-04/2007_Viet Nam_2007//_8 (NS)",8,"GU186749","A/Muscovy duck/Ca Mau/07-04/2007","H5N1","Avian","ans","Domestic","Muscovy duck","Asia","Viet Nam","Ca Mau","2007//",2007.45205479452
"H5N1_Avian_ans_Domestic_Asia_Viet Nam_A/duck/Vietnam/G12/2008|2008.03835616438","H5N1_Avian_AB593451_A/duck/Vietnam/G12/2008_Viet Nam_2008/01/_8 (NS)",8,"AB593451","A/duck/Vietnam/G12/2008","H5N1","Avian","ans","Domestic","duck","Asia","Viet Nam","Vietnam","2008/01/",2008.03835616438
"H5N1_Avian_ans_Domestic_Asia_Viet Nam_A/muscovy duck/Vietnam/OIE-559/2011|2011.45205479452","H5N1_Avian_AB636528_A/muscovy duck/Vietnam/OIE-559/2011_Viet Nam_2011/06/_8 (NS)",8,"AB636528","A/muscovy duck/Vietnam/OIE-559/2011","H5N1","Avian","ans","Domestic","muscovy duck","Asia","Viet Nam","Vietnam","2011/06/",2011.45205479452
"H5N1_Avian_ans_Domestic_Asia_Viet Nam_A/duck/Soc Trang/8/2012|2012.66301369863","H5N1_Avian_AB819041_A/duck/Soc Trang/8/2012_Viet Nam_2012/08/31_8 (NS)",8,"AB819041","A/duck/Soc Trang/8/2012","H5N1","Avian","ans","Domestic","duck","Asia","Viet Nam","Soc Trang","2012/08/31",2012.66301369863
"H5N1_Avian_ans_Domestic_Asia_Viet Nam_A/muscovy duck/Quang Ninh/49/2013|2013.35068493151","H5N1_Avian_AB828697_A/muscovy duck/Quang Ninh/49/2013_Viet Nam_2013/05/09_8 (NS)",8,"AB828697","A/muscovy duck/Quang Ninh/49/2013","H5N1","Avian","ans","Domestic","muscovy duck","Asia","Viet Nam","Quang Ninh","2013/05/09",2013.35068493151
"H5N1_Avian_ans_Domestic_Asia_China_A/goose/Yunnan/3798/2006|2006.45205479452","H5N1_Avian_CY030909_A/goose/Yunnan/3798/2006_China_2006//_8 (NS)",8,"CY030909","A/goose/Yunnan/3798/2006","H5N1","Avian","ans","Domestic","goose","Asia","China","Yunnan","2006//",2006.45205479452
"H5N1_Avian_ans_Domestic_Asia_China_A/duck/Zhejiang/bj/2002|2002.45205479452","H5N1_Avian_DQ997413_A/duck/Zhejiang/bj/2002_China_2002//_8 (NS)",8,"DQ997413","A/duck/Zhejiang/bj/2002","H5N1","Avian","ans","Domestic","duck","Asia","China","Zhejiang","2002//",2002.45205479452
"H5N1_Avian_ans_Domestic_Asia_China_A/duck/Zhejiang/2243/2011|2011.12328767123","H5N1_Avian_JN646744_A/duck/Zhejiang/2243/2011_China_2011/02/_8 (NS)",8,"JN646744","A/duck/Zhejiang/2243/2011","H5N1","Avian","ans","Domestic","duck","Asia","China","Zhejiang","2011/02/",2011.12328767123
"H5N1_Avian_gal_Domestic_Asia_Afghanistan_A/chicken/Afghanistan/1573-92/2006|2006.45205479452","H5N1_Avian_CY020641_A/chicken/Afghanistan/1573-92/2006_Afghanistan_2006//_8 (NS)",8,"CY020641","A/chicken/Afghanistan/1573-92/2006","H5N1","Avian","gal","Domestic","chicken","Asia","Afghanistan","Afghanistan","2006//",2006.45205479452
"H5N1_Avian_gal_Domestic_Asia_China_A/chicken/Anhui/39/2004|2004.45205479452","H5N1_Avian_HM172287_A/chicken/Anhui/39/2004_China_2004//_8 (NS)",8,"HM172287","A/chicken/Anhui/39/2004","H5N1","Avian","gal","Domestic","chicken","Asia","China","Anhui","2004//",2004.45205479452
"H5N1_Avian_gal_Domestic_Asia_Bhutan_A/chicken/Bhutan/248015/2010|2010.13424657534","H5N1_Avian_CY063485_A/chicken/Bhutan/248015/2010_Bhutan_2010/02/19_8 (NS)",8,"CY063485","A/chicken/Bhutan/248015/2010","H5N1","Avian","gal","Domestic","chicken","Asia","Bhutan","Bhutan","2010/02/19",2010.13424657534
"H5N1_Avian_gal_Domestic_Asia_Cambodia_A/chicken/Cambodia/TKCMB5T/2010|2010.07397260274","H5N1_Avian_JN588887_A/chicken/Cambodia/TKCMB5T/2010_Cambodia_2010/01/28_8 (NS)",8,"JN588887","A/chicken/Cambodia/TKCMB5T/2010","H5N1","Avian","gal","Domestic","chicken","Asia","Cambodia","Cambodia","2010/01/28",2010.07397260274
"H5N1_Avian_gal_Domestic_Asia_Cambodia_A/chicken/Cambodia/083LC/2011|2011.68493150685","H5N1_Avian_JQ714239_A/chicken/Cambodia/083LC/2011_Cambodia_2011/09/08_8 (NS)",8,"JQ714239","A/chicken/Cambodia/083LC/2011","H5N1","Avian","gal","Domestic","chicken","Asia","Cambodia","Cambodia","2011/09/08",2011.68493150685
"H5N1_Avian_gal_Domestic_Africa_Cote dIvoire_A/turkey/Ivory Coast/4372-2/2006|2006.95342465753","H5N1_Avian_CY020697_A/turkey/Ivory Coast/4372-2/2006_Cote dIvoire_2006/12/_8 (NS)",8,"CY020697","A/turkey/Ivory Coast/4372-2/2006","H5N1","Avian","gal","Domestic","turkey","Africa","Cote dIvoire","Ivory Coast","2006/12/",2006.95342465753
"H5N1_Avian_gal_Domestic_Asia_Russia_A/chicken/Domodedovo/MK/2007|2007.03561643836","H5N1_Avian_CY047471_A/chicken/Domodedovo/MK/2007_Russia_2007/01/14_8 (NS)",8,"CY047471","A/chicken/Domodedovo/MK/2007","H5N1","Avian","gal","Domestic","chicken","Asia","Russia","Domodedovo","2007/01/14",2007.03561643836
"H5N1_Avian_gal_Domestic_Africa_Egypt_A/chicken/Egypt/2253-1/2006|2006.45205479452","H5N1_Avian_CY020649_A/chicken/Egypt/2253-1/2006_Egypt_2006//_8 (NS)",8,"CY020649","A/chicken/Egypt/2253-1/2006","H5N1","Avian","gal","Domestic","chicken","Africa","Egypt","Egypt","2006//",2006.45205479452
"H5N1_Avian_gal_Domestic_Africa_Egypt_A/chicken/Egypt/CL6/2007|2007.2","H5N1_Avian_AB465627_A/chicken/Egypt/CL6/2007_Egypt_2007/03/_8 (NS)",8,"AB465627","A/chicken/Egypt/CL6/2007","H5N1","Avian","gal","Domestic","chicken","Africa","Egypt","Egypt","2007/03/",2007.2
"H5N1_Avian_gal_Domestic_Africa_Egypt_A/chicken/Giza/CAI7/2008|2008.16164383562","H5N1_Avian_CY126132_A/chicken/Giza/CAI7/2008_Egypt_2008/03/01_8 (NS)",8,"CY126132","A/chicken/Giza/CAI7/2008","H5N1","Avian","gal","Domestic","chicken","Africa","Egypt","Giza","2008/03/01",2008.16164383562
"H5N1_Avian_gal_Domestic_Africa_Egypt_A/chicken/Sharkia/CAI3/2009|2009.66575342466","H5N1_Avian_CY126108_A/chicken/Sharkia/CAI3/2009_Egypt_2009/09/01_8 (NS)",8,"CY126108","A/chicken/Sharkia/CAI3/2009","H5N1","Avian","gal","Domestic","chicken","Africa","Egypt","Sharkia","2009/09/01",2009.66575342466
"H5N1_Avian_gal_Domestic_Africa_Egypt_A/chicken/Egypt/Q1185/2010|2010.45205479452","H5N1_Avian_FR687294_A/chicken/Egypt/Q1185/2010_Egypt_2010//_8 (NS)",8,"FR687294","A/chicken/Egypt/Q1185/2010","H5N1","Avian","gal","Domestic","chicken","Africa","Egypt","Egypt","2010//",2010.45205479452
"H5N1_Avian_gal_Domestic_Asia_China_A/chicken/Fujian/1/2007|2007.45205479452","H5N1_Avian_HM172272_A/chicken/Fujian/1/2007_China_2007//_8 (NS)",8,"HM172272","A/chicken/Fujian/1/2007","H5N1","Avian","gal","Domestic","chicken","Asia","China","Fujian","2007//",2007.45205479452
"H5N1_Avian_gal_Domestic_Asia_China_A/chicken/Gansu/44/2004|2004.45205479452","H5N1_Avian_HM172286_A/chicken/Gansu/44/2004_China_2004//_8 (NS)",8,"HM172286","A/chicken/Gansu/44/2004","H5N1","Avian","gal","Domestic","chicken","Asia","China","Gansu","2004//",2004.45205479452
"H5N1_Avian_gal_Domestic_Europe_Germany_A/chicken/Germany/R3294/2007|2007.45205479452","H5N1_Avian_FM177139_A/chicken/Germany/R3294/2007_Germany_2007//_8 (NS)",8,"FM177139","A/chicken/Germany/R3294/2007","H5N1","Avian","gal","Domestic","chicken","Europe","Germany","Germany","2007//",2007.45205479452
"H5N1_Avian_gal_Domestic_Asia_China_A/chicken/Guangdong/174/04|2004.45205479452","H5N1_Avian_AY609316_A/chicken/Guangdong/174/04_China_2004//_8 (NS)",8,"AY609316","A/chicken/Guangdong/174/04","H5N1","Avian","gal","Domestic","chicken","Asia","China","Guangdong","2004//",2004.45205479452
"H5N1_Avian_gal_Domestic_Asia_China_A/chicken/Guangdong/1/2005|2005.45205479452","H5N1_Avian_EU874904_A/chicken/Guangdong/1/2005_China_2005//_8 (NS)",8,"EU874904","A/chicken/Guangdong/1/2005","H5N1","Avian","gal","Domestic","chicken","Asia","China","Guangdong","2005//",2005.45205479452
"H5N1_Avian_gal_Domestic_Asia_China_A/chicken/Guangxi/12/2004|2004.45205479452","H5N1_Avian_DQ366334_A/chicken/Guangxi/12/2004_China_2004//_8 (NS)",8,"DQ366334","A/chicken/Guangxi/12/2004","H5N1","Avian","gal","Domestic","chicken","Asia","China","Guangxi","2004//",2004.45205479452
"H5N1_Avian_gal_Domestic_Asia_China_A/chicken/Guizhou/7/2008|2008.45205479452","H5N1_Avian_HM172279_A/chicken/Guizhou/7/2008_China_2008//_8 (NS)",8,"HM172279","A/chicken/Guizhou/7/2008","H5N1","Avian","gal","Domestic","chicken","Asia","China","Guizhou","2008//",2008.45205479452
"H5N1_Avian_gal_Domestic_Asia_China_A/chicken/Hebei/718/2001|2001.45205479452","H5N1_Avian_DQ351863_A/chicken/Hebei/718/2001_China_2001//_8 (NS)",8,"DQ351863","A/chicken/Hebei/718/2001","H5N1","Avian","gal","Domestic","chicken","Asia","China","Hebei","2001//",2001.45205479452
"H5N1_Avian_gal_Domestic_Asia_China_A/chicken/Hebei/108/02|2002.45205479452","H5N1_Avian_DQ351861_A/chicken/Hebei/108/02_China_2002//_8 (NS)",8,"DQ351861","A/chicken/Hebei/108/02","H5N1","Avian","gal","Domestic","chicken","Asia","China","Hebei","2002//",2002.45205479452
"H5N1_Avian_gal_Domestic_Asia_China_A/chicken/Hebei/102/2005|2005.45205479452","H5N1_Avian_EU243136_A/chicken/Hebei/102/2005_China_2005//_8 (NS)",8,"EU243136","A/chicken/Hebei/102/2005","H5N1","Avian","gal","Domestic","chicken","Asia","China","Hebei","2005//",2005.45205479452
"H5N1_Avian_gal_Domestic_Asia_China_A/chicken/Hebei/A-8/2009|2009.45205479452","H5N1_Avian_HM172271_A/chicken/Hebei/A-8/2009_China_2009//_8 (NS)",8,"HM172271","A/chicken/Hebei/A-8/2009","H5N1","Avian","gal","Domestic","chicken","Asia","China","Hebei","2009//",2009.45205479452
"H5N1_Avian_gal_Domestic_Asia_China_A/chicken/Henan/13/2004|2004.45205479452","H5N1_Avian_AY950261_A/chicken/Henan/13/2004_China_2004//_8 (NS)",8,"AY950261","A/chicken/Henan/13/2004","H5N1","Avian","gal","Domestic","chicken","Asia","China","Henan","2004//",2004.45205479452
"H5N1_Avian_gal_Domestic_Asia_China_A/chicken/Henan/A-7/2006|2006.45205479452","H5N1_Avian_HM172291_A/chicken/Henan/A-7/2006_China_2006//_8 (NS)",8,"HM172291","A/chicken/Henan/A-7/2006","H5N1","Avian","gal","Domestic","chicken","Asia","China","Henan","2006//",2006.45205479452
"H5N1_Avian_gal_Domestic_Asia_Hong Kong_A/chicken/Hong Kong/409.1/2002|2002.45205479452","H5N1_Avian_GU186676_A/chicken/Hong Kong/409.1/2002_Hong Kong_2002//_8 (NS)",8,"GU186676","A/chicken/Hong Kong/409.1/2002","H5N1","Avian","gal","Domestic","chicken","Asia","Hong Kong","Hong Kong","2002//",2002.45205479452
"H5N1_Avian_gal_Domestic_Asia_China_A/chicken/Huadong/4/2008|2008.95342465753","H5N1_Avian_JX523361_A/chicken/Huadong/4/2008_China_2008/12/_8 (NS)",8,"JX523361","A/chicken/Huadong/4/2008","H5N1","Avian","gal","Domestic","chicken","Asia","China","Huadong","2008/12/",2008.95342465753
"H5N1_Avian_gal_Domestic_Asia_China_A/chicken/Hubei/wj/1997|1997.45205479452","H5N1_Avian_DQ997117_A/chicken/Hubei/wj/1997_China_1997//_8 (NS)",8,"DQ997117","A/chicken/Hubei/wj/1997","H5N1","Avian","gal","Domestic","chicken","Asia","China","Hubei","1997//",1997.45205479452
"H5N1_Avian_gal_Domestic_Asia_China_A/chicken/Hubei/327/2004|2004.45205479452","H5N1_Avian_AY684710_A/chicken/Hubei/327/2004_China_2004//_8 (NS)",8,"AY684710","A/chicken/Hubei/327/2004","H5N1","Avian","gal","Domestic","chicken","Asia","China","Hubei","2004//",2004.45205479452
"H5N1_Avian_gal_Domestic_Asia_China_A/chicken/Hubei/2856/2007|2007.07671232877","H5N1_Avian_FJ784867_A/chicken/Hubei/2856/2007_China_2007/01/29_8 (NS)",8,"FJ784867","A/chicken/Hubei/2856/2007","H5N1","Avian","gal","Domestic","chicken","Asia","China","Hubei","2007/01/29",2007.07671232877
"H5N1_Avian_gal_Domestic_Asia_China_A/chicken/Hunan/41/2004|2004.45205479452","H5N1_Avian_HM172303_A/chicken/Hunan/41/2004_China_2004//_8 (NS)",8,"HM172303","A/chicken/Hunan/41/2004","H5N1","Avian","gal","Domestic","chicken","Asia","China","Hunan","2004//",2004.45205479452
"H5N1_Avian_gal_Domestic_Asia_China_A/chicken/Hunan/21/2005|2005.45205479452","H5N1_Avian_HM172293_A/chicken/Hunan/21/2005_China_2005//_8 (NS)",8,"HM172293","A/chicken/Hunan/21/2005","H5N1","Avian","gal","Domestic","chicken","Asia","China","Hunan","2005//",2005.45205479452
"H5N1_Avian_gal_Domestic_Asia_China_A/chicken/Hunan/3157/2006|2006.91232876712","H5N1_Avian_FJ784870_A/chicken/Hunan/3157/2006_China_2006/11/30_8 (NS)",8,"FJ784870","A/chicken/Hunan/3157/2006","H5N1","Avian","gal","Domestic","chicken","Asia","China","Hunan","2006/11/30",2006.91232876712
"H5N1_Avian_gal_Domestic_Asia_China_A/chicken/Hunan/3/2007|2007.78630136986","H5N1_Avian_GU182146_A/chicken/Hunan/3/2007_China_2007/10/_8 (NS)",8,"GU182146","A/chicken/Hunan/3/2007","H5N1","Avian","gal","Domestic","chicken","Asia","China","Hunan","2007/10/",2007.78630136986
"H5N1_Avian_gal_Domestic_Asia_China_A/chicken/Hunan/8/2008|2008.87123287671","H5N1_Avian_GU182161_A/chicken/Hunan/8/2008_China_2008/11/_8 (NS)",8,"GU182161","A/chicken/Hunan/8/2008","H5N1","Avian","gal","Domestic","chicken","Asia","China","Hunan","2008/11/",2008.87123287671
"H5N1_Avian_gal_Domestic_Asia_China_A/chicken/Hunan/1/2009|2009.45205479452","H5N1_Avian_HM172268_A/chicken/Hunan/1/2009_China_2009//_8 (NS)",8,"HM172268","A/chicken/Hunan/1/2009","H5N1","Avian","gal","Domestic","chicken","Asia","China","Hunan","2009//",2009.45205479452
"H5N1_Avian_gal_Domestic_Asia_India_A/chicken/Nandurbar/7979/2006|2006.12328767123","H5N1_Avian_GU354069_A/chicken/Nandurbar/7979/2006_India_2006/02/_8 (NS)",8,"GU354069","A/chicken/Nandurbar/7979/2006","H5N1","Avian","gal","Domestic","chicken","Asia","India","Nandurbar","2006/02/",2006.12328767123
"H5N1_Avian_gal_Domestic_Asia_India_A/chicken/India/82544/2008|2008.05753424658","H5N1_Avian_CY111085_A/chicken/India/82544/2008_India_2008/01/22_8 (NS)",8,"CY111085","A/chicken/India/82544/2008","H5N1","Avian","gal","Domestic","chicken","Asia","India","India","2008/01/22",2008.05753424658
"H5N1_Avian_gal_Domestic_Asia_India_A/chicken/West Bengal/193936/2009|2009.36712328767","H5N1_Avian_GU272010_A/chicken/West Bengal/193936/2009_India_2009/05/_8 (NS)",8,"GU272010","A/chicken/West Bengal/193936/2009","H5N1","Avian","gal","Domestic","chicken","Asia","India","West Bengal","2009/05/",2009.36712328767
"H5N1_Avian_gal_Domestic_Asia_India_A/chicken/West Bengal/239020/2010|2010.0301369863","H5N1_Avian_CY061298_A/chicken/West Bengal/239020/2010_India_2010/01/12_8 (NS)",8,"CY061298","A/chicken/West Bengal/239020/2010","H5N1","Avian","gal","Domestic","chicken","Asia","India","West Bengal","2010/01/12",2010.0301369863
"H5N1_Avian_gal_Domestic_Asia_India_A/chicken/India/CA0302/2011|2011.17534246575","H5N1_Avian_CY092132_A/chicken/India/CA0302/2011_India_2011/03/06_8 (NS)",8,"CY092132","A/chicken/India/CA0302/2011","H5N1","Avian","gal","Domestic","chicken","Asia","India","India","2011/03/06",2011.17534246575
"H5N1_Avian_gal_Domestic_Asia_Indonesia_A/chicken/East Java/UT1006/2003|2003.87123287671","H5N1_Avian_GQ122435_A/chicken/East Java/UT1006/2003_Indonesia_2003/11/15_8 (NS)",8,"GQ122435","A/chicken/East Java/UT1006/2003","H5N1","Avian","gal","Domestic","chicken","Asia","Indonesia","East Java","2003/11/15",2003.87123287671
"H5N1_Avian_gal_Domestic_Asia_Indonesia_A/quail/Yogjakarta/UT1023/2004|2004.03835616438","H5N1_Avian_GQ122440_A/quail/Yogjakarta/UT1023/2004_Indonesia_2004/01/15_8 (NS)",8,"GQ122440","A/quail/Yogjakarta/UT1023/2004","H5N1","Avian","gal","Domestic","quail","Asia","Indonesia","Yogjakarta","2004/01/15",2004.03835616438
"H5N1_Avian_gal_Domestic_Asia_Indonesia_A/chicken/Sulawesi Selatan/UT2093/2005|2005.45205479452","H5N1_Avian_GQ122483_A/chicken/Sulawesi Selatan/UT2093/2005_Indonesia_2005//_8 (NS)",8,"GQ122483","A/chicken/Sulawesi Selatan/UT2093/2005","H5N1","Avian","gal","Domestic","chicken","Asia","Indonesia","Sulawesi Selatan","2005//",2005.45205479452
"H5N1_Avian_gal_Domestic_Asia_Indonesia_A/chicken/East Java/UT6021/2006|2006.87123287671","H5N1_Avian_GQ122513_A/chicken/East Java/UT6021/2006_Indonesia_2006/11/_8 (NS)",8,"GQ122513","A/chicken/East Java/UT6021/2006","H5N1","Avian","gal","Domestic","chicken","Asia","Indonesia","East Java","2006/11/",2006.87123287671
"H5N1_Avian_gal_Domestic_Asia_Indonesia_A/chicken/East Java/UT6031/2007|2007.03835616438","H5N1_Avian_GQ122531_A/chicken/East Java/UT6031/2007_Indonesia_2007/01/_8 (NS)",8,"GQ122531","A/chicken/East Java/UT6031/2007","H5N1","Avian","gal","Domestic","chicken","Asia","Indonesia","East Java","2007/01/",2007.03835616438
"H5N1_Avian_gal_Domestic_Asia_Japan_A/chicken/Yamaguchi/7/2004|2004.45205479452","H5N1_Avian_AB166866_A/chicken/Yamaguchi/7/2004_Japan_2004//_8 (NS)",8,"AB166866","A/chicken/Yamaguchi/7/2004","H5N1","Avian","gal","Domestic","chicken","Asia","Japan","Yamaguchi","2004//",2004.45205479452
"H5N1_Avian_gal_Domestic_Asia_Japan_A/chicken/Shimane/1/2010|2010.87123287671","H5N1_Avian_AB684087_A/chicken/Shimane/1/2010_Japan_2010/11/_8 (NS)",8,"AB684087","A/chicken/Shimane/1/2010","H5N1","Avian","gal","Domestic","chicken","Asia","Japan","Shimane","2010/11/",2010.87123287671
"H5N1_Avian_gal_Domestic_Asia_Japan_A/chicken/Aichi/2/2011|2011.12328767123","H5N1_Avian_AB684182_A/chicken/Aichi/2/2011_Japan_2011/02/_8 (NS)",8,"AB684182","A/chicken/Aichi/2/2011","H5N1","Avian","gal","Domestic","chicken","Asia","Japan","Aichi","2011/02/",2011.12328767123
"H5N1_Avian_gal_Domestic_Asia_China_A/chicken/Jiangsu/cz1/2002|2002.45205479452","H5N1_Avian_DQ997185_A/chicken/Jiangsu/cz1/2002_China_2002//_8 (NS)",8,"DQ997185","A/chicken/Jiangsu/cz1/2002","H5N1","Avian","gal","Domestic","chicken","Asia","China","Jiangsu","2002//",2002.45205479452
"H5N1_Avian_gal_Domestic_Asia_China_A/chicken/Jiangsu/18/2008|2008.45205479452","H5N1_Avian_HM172275_A/chicken/Jiangsu/18/2008_China_2008//_8 (NS)",8,"HM172275","A/chicken/Jiangsu/18/2008","H5N1","Avian","gal","Domestic","chicken","Asia","China","Jiangsu","2008//",2008.45205479452
"H5N1_Avian_gal_Domestic_Asia_China_A/chicken/Jiangsu/k0402/2010|2010.1095890411","H5N1_Avian_JQ638681_A/chicken/Jiangsu/k0402/2010_China_2010/02/10_8 (NS)",8,"JQ638681","A/chicken/Jiangsu/k0402/2010","H5N1","Avian","gal","Domestic","chicken","Asia","China","Jiangsu","2010/02/10",2010.1095890411
"H5N1_Avian_gal_Domestic_Asia_China_A/chicken/Jiangxi/25/2004|2004.45205479452","H5N1_Avian_HM172471_A/chicken/Jiangxi/25/2004_China_2004//_8 (NS)",8,"HM172471","A/chicken/Jiangxi/25/2004","H5N1","Avian","gal","Domestic","chicken","Asia","China","Jiangxi","2004//",2004.45205479452
"H5N1_Avian_gal_Domestic_Asia_China_A/chicken/Jilin/hd/2002|2002.45205479452","H5N1_Avian_DQ997286_A/chicken/Jilin/hd/2002_China_2002//_8 (NS)",8,"DQ997286","A/chicken/Jilin/hd/2002","H5N1","Avian","gal","Domestic","chicken","Asia","China","Jilin","2002//",2002.45205479452
"H5N1_Avian_gal_Domestic_Asia_China_A/chicken/Jilin/ha/2003|2003.45205479452","H5N1_Avian_DQ997273_A/chicken/Jilin/ha/2003_China_2003//_8 (NS)",8,"DQ997273","A/chicken/Jilin/ha/2003","H5N1","Avian","gal","Domestic","chicken","Asia","China","Jilin","2003//",2003.45205479452
"H5N1_Avian_gal_Domestic_Asia_China_A/chicken/Jilin/9/2004|2004.45205479452","H5N1_Avian_AY653197_A/chicken/Jilin/9/2004_China_2004//_8 (NS)",8,"AY653197","A/chicken/Jilin/9/2004","H5N1","Avian","gal","Domestic","chicken","Asia","China","Jilin","2004//",2004.45205479452
"H5N1_Avian_gal_Domestic_Asia_Russia_A/chicken/Krasnodar/123/06|2006.45205479452","H5N1_Avian_EF205187_A/chicken/Krasnodar/123/06_Russia_2006//_8 (NS)",8,"EF205187","A/chicken/Krasnodar/123/06","H5N1","Avian","gal","Domestic","chicken","Asia","Russia","Krasnodar","2006//",2006.45205479452
"H5N1_Avian_gal_Domestic_Asia_Russia_A/chicken/Krasnodar/300/07|2007.67671232877","H5N1_Avian_EU163430_A/chicken/Krasnodar/300/07_Russia_2007/09/05_8 (NS)",8,"EU163430","A/chicken/Krasnodar/300/07","H5N1","Avian","gal","Domestic","chicken","Asia","Russia","Krasnodar","2007/09/05",2007.67671232877
"H5N1_Avian_gal_Domestic_Asia_Russia_A/chicken/Kurgan/05/2005|2005.45205479452","H5N1_Avian_DQ449636_A/chicken/Kurgan/05/2005_Russia_2005//_8 (NS)",8,"DQ449636","A/chicken/Kurgan/05/2005","H5N1","Avian","gal","Domestic","chicken","Asia","Russia","Kurgan","2005//",2005.45205479452
"H5N1_Avian_gal_Domestic_Asia_Kuwait_A/chicken/Kuwait/KISR7/2007|2007.45205479452","H5N1_Avian_CY029984_A/chicken/Kuwait/KISR7/2007_Kuwait_2007//_8 (NS)",8,"CY029984","A/chicken/Kuwait/KISR7/2007","H5N1","Avian","gal","Domestic","chicken","Asia","Kuwait","Kuwait","2007//",2007.45205479452
"H5N1_Avian_gal_Domestic_Asia_Laos_A/Chicken/Laos/Xaythiani 26/2006|2006.45205479452","H5N1_Avian_HM006755_A/Chicken/Laos/Xaythiani 26/2006_Laos_2006//_8 (NS)",8,"HM006755","A/Chicken/Laos/Xaythiani 26/2006","H5N1","Avian","gal","Domestic","Chicken","Asia","Laos","Laos","2006//",2006.45205479452
"H5N1_Avian_gal_Domestic_Asia_Laos_A/chicken/Laos/P0020/2007|2007.45205479452","H5N1_Avian_CY034692_A/chicken/Laos/P0020/2007_Laos_2007//_8 (NS)",8,"CY034692","A/chicken/Laos/P0020/2007","H5N1","Avian","gal","Domestic","chicken","Asia","Laos","Laos","2007//",2007.45205479452
"H5N1_Avian_gal_Domestic_Asia_Laos_A/chicken/Lao/LH1/2010|2010.36712328767","H5N1_Avian_CY098301_A/chicken/Lao/LH1/2010_Laos_2010/05/_8 (NS)",8,"CY098301","A/chicken/Lao/LH1/2010","H5N1","Avian","gal","Domestic","chicken","Asia","Laos","Lao","2010/05/",2010.36712328767
"H5N1_Avian_gal_Domestic_Asia_China_A/chicken/Liaoning/23/2005|2005.45205479452","H5N1_Avian_HM172469_A/chicken/Liaoning/23/2005_China_2005//_8 (NS)",8,"HM172469","A/chicken/Liaoning/23/2005","H5N1","Avian","gal","Domestic","chicken","Asia","China","Liaoning","2005//",2005.45205479452
"H5N1_Avian_gal_Domestic_Asia_China_A/chicken/Liaoning/A-11/2006|2006.45205479452","H5N1_Avian_HM172308_A/chicken/Liaoning/A-11/2006_China_2006//_8 (NS)",8,"HM172308","A/chicken/Liaoning/A-11/2006","H5N1","Avian","gal","Domestic","chicken","Asia","China","Liaoning","2006//",2006.45205479452
"H5N1_Avian_gal_Domestic_Asia_China_A/chicken/Liaoning/A-1/2007|2007.45205479452","H5N1_Avian_HM172265_A/chicken/Liaoning/A-1/2007_China_2007//_8 (NS)",8,"HM172265","A/chicken/Liaoning/A-1/2007","H5N1","Avian","gal","Domestic","chicken","Asia","China","Liaoning","2007//",2007.45205479452
"H5N1_Avian_gal_Domestic_Asia_Russia_A/chicken/Moscow/2/2007|2007.11780821918","H5N1_Avian_EF474446_A/chicken/Moscow/2/2007_Russia_2007/02/13_8 (NS)",8,"EF474446","A/chicken/Moscow/2/2007","H5N1","Avian","gal","Domestic","chicken","Asia","Russia","Moscow","2007/02/13",2007.11780821918
"H5N1_Avian_gal_Domestic_Asia_Myanmar_A/chicken/Pyigyitagon/204/2006|2006.45205479452","H5N1_Avian_AB478039_A/chicken/Pyigyitagon/204/2006_Myanmar_2006//_8 (NS)",8,"AB478039","A/chicken/Pyigyitagon/204/2006","H5N1","Avian","gal","Domestic","chicken","Asia","Myanmar","Pyigyitagon","2006//",2006.45205479452
"H5N1_Avian_gal_Domestic_Asia_Myanmar_A/chicken/Hmawbi/517/2007|2007.45205479452","H5N1_Avian_AB478040_A/chicken/Hmawbi/517/2007_Myanmar_2007//_8 (NS)",8,"AB478040","A/chicken/Hmawbi/517/2007","H5N1","Avian","gal","Domestic","chicken","Asia","Myanmar","Hmawbi","2007//",2007.45205479452
"H5N1_Avian_gal_Domestic_Africa_Nigeria_A/chicken/Nigeria/1047-30/2006|2006.45205479452","H5N1_Avian_CY016943_A/chicken/Nigeria/1047-30/2006_Nigeria_2006//_8 (NS)",8,"CY016943","A/chicken/Nigeria/1047-30/2006","H5N1","Avian","gal","Domestic","chicken","Africa","Nigeria","Nigeria","2006//",2006.45205479452
"H5N1_Avian_gal_Domestic_Asia_China_A/chicken/Ningxia/24/2006|2006.45205479452","H5N1_Avian_HM172285_A/chicken/Ningxia/24/2006_China_2006//_8 (NS)",8,"HM172285","A/chicken/Ningxia/24/2006","H5N1","Avian","gal","Domestic","chicken","Asia","China","Ningxia","2006//",2006.45205479452
"H5N1_Avian_gal_Domestic_Asia_Russia_A/chicken/Omsk/14/05|2005.45205479452","H5N1_Avian_EF205183_A/chicken/Omsk/14/05_Russia_2005//_8 (NS)",8,"EF205183","A/chicken/Omsk/14/05","H5N1","Avian","gal","Domestic","chicken","Asia","Russia","Omsk","2005//",2005.45205479452
"H5N1_Avian_gal_Domestic_Asia_Pakistan_A/chicken/Sihala/NARC3303.4/2006|2006.45205479452","H5N1_Avian_CY037774_A/chicken/Sihala/NARC3303.4/2006_Pakistan_2006//_8 (NS)",8,"CY037774","A/chicken/Sihala/NARC3303.4/2006","H5N1","Avian","gal","Domestic","chicken","Asia","Pakistan","Sihala","2006//",2006.45205479452
"H5N1_Avian_gal_Domestic_Europe_Poland_A/chicken/Poland/R3248/2007|2007.45205479452","H5N1_Avian_FM163444_A/chicken/Poland/R3248/2007_Poland_2007//_8 (NS)",8,"FM163444","A/chicken/Poland/R3248/2007","H5N1","Avian","gal","Domestic","chicken","Europe","Poland","Poland","2007//",2007.45205479452
"H5N1_Avian_gal_Domestic_Asia_Russia_A/chicken/Primorje/1/2008|2008.27123287671","H5N1_Avian_EU672459_A/chicken/Primorje/1/2008_Russia_2008/04/10_8 (NS)",8,"EU672459","A/chicken/Primorje/1/2008","H5N1","Avian","gal","Domestic","chicken","Asia","Russia","Primorje","2008/04/10",2008.27123287671
"H5N1_Avian_gal_Domestic_Asia_Russia_A/chicken/Reshoty/02/2006|2006.45205479452","H5N1_Avian_CY047487_A/chicken/Reshoty/02/2006_Russia_2006/06/_8 (NS)",8,"CY047487","A/chicken/Reshoty/02/2006","H5N1","Avian","gal","Domestic","chicken","Asia","Russia","Reshoty","2006/06/",2006.45205479452
"H5N1_Avian_gal_Domestic_Asia_Russia_A/chicken/Rostov/22-1/2007|2007.45205479452","H5N1_Avian_EU402402_A/chicken/Rostov/22-1/2007_Russia_2007//_8 (NS)",8,"EU402402","A/chicken/Rostov/22-1/2007","H5N1","Avian","gal","Domestic","chicken","Asia","Russia","Rostov","2007//",2007.45205479452
"H5N1_Avian_gal_Domestic_Asia_Russia_A/chicken/Rostov-on-Don/35/2007|2007.95068493151","H5N1_Avian_EU401755_A/chicken/Rostov-on-Don/35/2007_Russia_2007/12/14_8 (NS)",8,"EU401755","A/chicken/Rostov-on-Don/35/2007","H5N1","Avian","gal","Domestic","chicken","Asia","Russia","Rostov-on-Don","2007/12/14",2007.95068493151
"H5N1_Avian_gal_Domestic_Asia_Russia_A/chicken/Russia_Krasnodar/2/2007|2007.45205479452","H5N1_Avian_EF605601_A/chicken/Russia_Krasnodar/2/2007_Russia_2007//_8 (NS)",8,"EF605601","A/chicken/Russia_Krasnodar/2/2007","H5N1","Avian","gal","Domestic","chicken","Asia","Russia","Russia_Krasnodar","2007//",2007.45205479452
"H5N1_Avian_gal_Domestic_Asia_Saudi Arabia_A/turkey/Saudi Arabia/6732-6/2007|2007.45205479452","H5N1_Avian_EU590692_A/turkey/Saudi Arabia/6732-6/2007_Saudi Arabia_2007//_8 (NS)",8,"EU590692","A/turkey/Saudi Arabia/6732-6/2007","H5N1","Avian","gal","Domestic","turkey","Asia","Saudi Arabia","Saudi Arabia","2007//",2007.45205479452
"H5N1_Avian_gal_Domestic_Asia_China_A/chicken/Shandong/A-10/2006|2006.45205479452","H5N1_Avian_HM172274_A/chicken/Shandong/A-10/2006_China_2006//_8 (NS)",8,"HM172274","A/chicken/Shandong/A-10/2006","H5N1","Avian","gal","Domestic","chicken","Asia","China","Shandong","2006//",2006.45205479452
"H5N1_Avian_gal_Domestic_Asia_China_A/chicken/Shandong/A-1/2009|2009.45205479452","H5N1_Avian_HM172283_A/chicken/Shandong/A-1/2009_China_2009//_8 (NS)",8,"HM172283","A/chicken/Shandong/A-1/2009","H5N1","Avian","gal","Domestic","chicken","Asia","China","Shandong","2009//",2009.45205479452
"H5N1_Avian_gal_Domestic_Asia_China_A/chicken/Shanxi/10/2006|2006.45205479452","H5N1_Avian_HM172297_A/chicken/Shanxi/10/2006_China_2006//_8 (NS)",8,"HM172297","A/chicken/Shanxi/10/2006","H5N1","Avian","gal","Domestic","chicken","Asia","China","Shanxi","2006//",2006.45205479452
"H5N1_Avian_gal_Domestic_Asia_China_A/chicken/Sheny/0606/2008|2008.42739726027","H5N1_Avian_JQ277229_A/chicken/Sheny/0606/2008_China_2008/06/06_8 (NS)",8,"JQ277229","A/chicken/Sheny/0606/2008","H5N1","Avian","gal","Domestic","chicken","Asia","China","Sheny","2008/06/06",2008.42739726027
"H5N1_Avian_gal_Domestic_Asia_China_A/chicken/Sichuan/81/2005|2005.45205479452","H5N1_Avian_HM172261_A/chicken/Sichuan/81/2005_China_2005//_8 (NS)",8,"HM172261","A/chicken/Sichuan/81/2005","H5N1","Avian","gal","Domestic","chicken","Asia","China","Sichuan","2005//",2005.45205479452
"H5N1_Avian_gal_Domestic_Africa_Sudan_A/chicken/Sudan/2115-9/2006|2006.45205479452","H5N1_Avian_CY020673_A/chicken/Sudan/2115-9/2006_Sudan_2006//_8 (NS)",8,"CY020673","A/chicken/Sudan/2115-9/2006","H5N1","Avian","gal","Domestic","chicken","Africa","Sudan","Sudan","2006//",2006.45205479452
"H5N1_Avian_gal_Domestic_Asia_Russia_A/chicken/Suzdalka/06/05|2005.45205479452","H5N1_Avian_EF205182_A/chicken/Suzdalka/06/05_Russia_2005//_8 (NS)",8,"EF205182","A/chicken/Suzdalka/06/05","H5N1","Avian","gal","Domestic","chicken","Asia","Russia","Suzdalka","2005//",2005.45205479452
"H5N1_Avian_gal_Domestic_Asia_Thailand_A/chicken/Suphanburi/NIAH7540/2004|2004.45205479452","H5N1_Avian_AB450646_A/chicken/Suphanburi/NIAH7540/2004_Thailand_2004//_8 (NS)",8,"AB450646","A/chicken/Suphanburi/NIAH7540/2004","H5N1","Avian","gal","Domestic","chicken","Asia","Thailand","Suphanburi","2004//",2004.45205479452
"H5N1_Avian_gal_Domestic_Asia_Thailand_A/quail/Nakhon Pathom/NIAH7562/2005|2005.45205479452","H5N1_Avian_AB450649_A/quail/Nakhon Pathom/NIAH7562/2005_Thailand_2005//_8 (NS)",8,"AB450649","A/quail/Nakhon Pathom/NIAH7562/2005","H5N1","Avian","gal","Domestic","quail","Asia","Thailand","Nakhon Pathom","2005//",2005.45205479452
"H5N1_Avian_gal_Domestic_Asia_Thailand_A/chicken/Thailand/TS03/2006|2006.45205479452","H5N1_Avian_JQ794466_A/chicken/Thailand/TS03/2006_Thailand_2006//_8 (NS)",8,"JQ794466","A/chicken/Thailand/TS03/2006","H5N1","Avian","gal","Domestic","chicken","Asia","Thailand","Thailand","2006//",2006.45205479452
"H5N1_Avian_gal_Domestic_Asia_Thailand_A/chicken/Uthaithani/NIAH115067/2008|2008.45205479452","H5N1_Avian_FJ868037_A/chicken/Uthaithani/NIAH115067/2008_Thailand_2008//_8 (NS)",8,"FJ868037","A/chicken/Uthaithani/NIAH115067/2008","H5N1","Avian","gal","Domestic","chicken","Asia","Thailand","Uthaithani","2008//",2008.45205479452
"H5N1_Avian_gal_Domestic_Asia_China_A/chicken/Tibet/6/2008|2008.45205479452","H5N1_Avian_HM172282_A/chicken/Tibet/6/2008_China_2008//_8 (NS)",8,"HM172282","A/chicken/Tibet/6/2008","H5N1","Avian","gal","Domestic","chicken","Asia","China","Tibet","2008//",2008.45205479452
"H5N1_Avian_gal_Domestic_Asia_Russia_A/chicken/Tula/4/05|2005.45205479452","H5N1_Avian_EF205188_A/chicken/Tula/4/05_Russia_2005//_8 (NS)",8,"EF205188","A/chicken/Tula/4/05","H5N1","Avian","gal","Domestic","chicken","Asia","Russia","Tula","2005//",2005.45205479452
"H5N1_Avian_gal_Domestic_Asia_Viet Nam_A/chicken/Viet Nam/TG-023/2004|2004.45205479452","H5N1_Avian_AY770615_A/chicken/Viet Nam/TG-023/2004_Viet Nam_2004//_8 (NS)",8,"AY770615","A/chicken/Viet Nam/TG-023/2004","H5N1","Avian","gal","Domestic","chicken","Asia","Viet Nam","Viet Nam","2004//",2004.45205479452
"H5N1_Avian_gal_Domestic_Asia_Viet Nam_A/chicken/Viet Nam/8/2005|2005.45205479452","H5N1_Avian_CY016855_A/chicken/Viet Nam/8/2005_Viet Nam_2005//_8 (NS)",8,"CY016855","A/chicken/Viet Nam/8/2005","H5N1","Avian","gal","Domestic","chicken","Asia","Viet Nam","Viet Nam","2005//",2005.45205479452
"H5N1_Avian_gal_Domestic_Asia_Viet Nam_A/chicken/Ca Mau/1180/2006|2006.98630136986","H5N1_Avian_JX420210_A/chicken/Ca Mau/1180/2006_Viet Nam_2006/12/27_8 (NS)",8,"JX420210","A/chicken/Ca Mau/1180/2006","H5N1","Avian","gal","Domestic","chicken","Asia","Viet Nam","Ca Mau","2006/12/27",2006.98630136986
"H5N1_Avian_gal_Domestic_Asia_Viet Nam_A/chicken/Hanoi/45/2007|2007.45205479452","H5N1_Avian_JX420146_A/chicken/Hanoi/45/2007_Viet Nam_2007//_8 (NS)",8,"JX420146","A/chicken/Hanoi/45/2007","H5N1","Avian","gal","Domestic","chicken","Asia","Viet Nam","Hanoi","2007//",2007.45205479452
"H5N1_Avian_gal_Domestic_Asia_Viet Nam_A/chicken/Soc Trang/5/2012|2012.45753424658","H5N1_Avian_AB818509_A/chicken/Soc Trang/5/2012_Viet Nam_2012/06/17_8 (NS)",8,"AB818509","A/chicken/Soc Trang/5/2012","H5N1","Avian","gal","Domestic","chicken","Asia","Viet Nam","Soc Trang","2012/06/17",2012.45753424658
"H5N1_Avian_gal_Domestic_Asia_China_A/chicken/Xinjiang/53/2005|2005.45205479452","H5N1_Avian_HM172301_A/chicken/Xinjiang/53/2005_China_2005//_8 (NS)",8,"HM172301","A/chicken/Xinjiang/53/2005","H5N1","Avian","gal","Domestic","chicken","Asia","China","Xinjiang","2005//",2005.45205479452
"H5N1_Avian_gal_Domestic_Asia_China_A/chicken/Xinjiang/28/2006|2006.45205479452","H5N1_Avian_HM172289_A/chicken/Xinjiang/28/2006_China_2006//_8 (NS)",8,"HM172289","A/chicken/Xinjiang/28/2006","H5N1","Avian","gal","Domestic","chicken","Asia","China","Xinjiang","2006//",2006.45205479452
"H5N1_Avian_acc_Wild_Europe_Belgium_A/crested eagle/Belgium/01/2004|2004.45205479452","H5N1_Avian_DQ454105_A/crested eagle/Belgium/01/2004_Belgium_2004//_8 (NS)",8,"DQ454105","A/crested eagle/Belgium/01/2004","H5N1","Avian","acc","Wild","crested eagle","Europe","Belgium","Belgium","2004//",2004.45205479452
"H5N1_Avian_acc_Wild_Asia_Japan_A/mountain hawk-eagle/Kumamoto/1/07|2007.45205479452","H5N1_Avian_AB525195_A/mountain hawk-eagle/Kumamoto/1/07_Japan_2007//_8 (NS)",8,"AB525195","A/mountain hawk-eagle/Kumamoto/1/07","H5N1","Avian","acc","Wild","mountain hawk-eagle","Asia","Japan","Kumamoto","2007//",2007.45205479452
"H5N1_Avian_acc_Wild_Asia_South Korea_A/Eurasian eagle owl/Korea/23/2010|2010.90136986301","H5N1_Avian_JQ710461_A/Eurasian eagle owl/Korea/23/2010_South Korea_2010/11/26_8 (NS)",8,"JQ710461","A/Eurasian eagle owl/Korea/23/2010","H5N1","Avian","acc","Wild","Eurasian eagle owl","Asia","South Korea","Korea","2010/11/26",2010.90136986301
"H5N1_Avian_ans_Wild_Asia_Russia_A/Cygnus olor/Astrakhan/Ast05-2-10/2005|2005.90136986301","H5N1_Avian_DQ434887_A/Cygnus olor/Astrakhan/Ast05-2-10/2005_Russia_2005/11/26_8 (NS)",8,"DQ434887","A/Cygnus olor/Astrakhan/Ast05-2-10/2005","H5N1","Avian","ans","Wild","Cygnus olor","Asia","Russia","Astrakhan","2005/11/26",2005.90136986301
"H5N1_Avian_ans_Wild_Asia_Russia_A/Cygnus olor/Caspian Sea/2006|2006.45205479452","H5N1_Avian_CY063864_A/Cygnus olor/Caspian Sea/2006_Russia_2006//_8 (NS)",8,"CY063864","A/Cygnus olor/Caspian Sea/2006","H5N1","Avian","ans","Wild","Cygnus olor","Asia","Russia","Caspian Sea","2006//",2006.45205479452
"H5N1_Avian_ans_Wild_Europe_Croatia_A/cygnus olor/Croatia/1/2005|2005.45205479452","H5N1_Avian_CY016823_A/cygnus olor/Croatia/1/2005_Croatia_2005//_8 (NS)",8,"CY016823","A/cygnus olor/Croatia/1/2005","H5N1","Avian","ans","Wild","cygnus olor","Europe","Croatia","Croatia","2005//",2005.45205479452
"H5N1_Avian_ans_Wild_Asia_China_A/wild duck/Fujian/1/2011|2011.18630136986","H5N1_Avian_JX534593_A/wild duck/Fujian/1/2011_China_2011/03/10_8 (NS)",8,"JX534593","A/wild duck/Fujian/1/2011","H5N1","Avian","ans","Wild","wild duck","Asia","China","Fujian","2011/03/10",2011.18630136986
"H5N1_Avian_ans_Wild_Europe_Germany_A/teal/Germany/WV632/2005|2005.89863013699","H5N1_Avian_CY061889_A/teal/Germany/WV632/2005_Germany_2005/11/25_8 (NS)",8,"CY061889","A/teal/Germany/WV632/2005","H5N1","Avian","ans","Wild","teal","Europe","Germany","Germany","2005/11/25",2005.89863013699
"H5N1_Avian_ans_Wild_Europe_Germany_A/swan/Germany/R65/2006|2006.12328767123","H5N1_Avian_DQ464358_A/swan/Germany/R65/2006_Germany_2006/02/_8 (NS)",8,"DQ464358","A/swan/Germany/R65/2006","H5N1","Avian","ans","Wild","swan","Europe","Germany","Germany","2006/02/",2006.12328767123
"H5N1_Avian_ans_Wild_Europe_Germany_A/mute swan/Germany/R1359/2007|2007.45205479452","H5N1_Avian_AM913999_A/mute swan/Germany/R1359/2007_Germany_2007//_8 (NS)",8,"AM913999","A/mute swan/Germany/R1359/2007","H5N1","Avian","ans","Wild","mute swan","Europe","Germany","Germany","2007//",2007.45205479452
"H5N1_Avian_ans_Wild_Asia_China_A/wild duck/Guangdong/314/2004|2004.45205479452","H5N1_Avian_AY950263_A/wild duck/Guangdong/314/2004_China_2004//_8 (NS)",8,"AY950263","A/wild duck/Guangdong/314/2004","H5N1","Avian","ans","Wild","wild duck","Asia","China","Guangdong","2004//",2004.45205479452
"H5N1_Avian_ans_Wild_Asia_China_A/swan/Guangxi/307/2004|2004.45205479452","H5N1_Avian_AY950264_A/swan/Guangxi/307/2004_China_2004//_8 (NS)",8,"AY950264","A/swan/Guangxi/307/2004","H5N1","Avian","ans","Wild","swan","Asia","China","Guangxi","2004//",2004.45205479452
"H5N1_Avian_ans_Wild_Asia_Hong Kong_A/waterfowl/Hong Kong/378.5/2001|2001.45205479452","H5N1_Avian_GU186696_A/waterfowl/Hong Kong/378.5/2001_Hong Kong_2001//_8 (NS)",8,"GU186696","A/waterfowl/Hong Kong/378.5/2001","H5N1","Avian","ans","Wild","waterfowl","Asia","Hong Kong","Hong Kong","2001//",2001.45205479452
"H5N1_Avian_ans_Wild_Asia_China_A/mallard/Huadong/Y/2003|2003.45205479452","H5N1_Avian_EU195420_A/mallard/Huadong/Y/2003_China_2003//_8 (NS)",8,"EU195420","A/mallard/Huadong/Y/2003","H5N1","Avian","ans","Wild","mallard","Asia","China","Huadong","2003//",2003.45205479452
"H5N1_Avian_ans_Wild_Asia_China_A/mallard/Huadong/hn/2005|2005.45205479452","H5N1_Avian_EU195412_A/mallard/Huadong/hn/2005_China_2005//_8 (NS)",8,"EU195412","A/mallard/Huadong/hn/2005","H5N1","Avian","ans","Wild","mallard","Asia","China","Huadong","2005//",2005.45205479452
"H5N1_Avian_ans_Wild_Asia_China_A/wild duck/Hunan/021/2005|2005.45205479452","H5N1_Avian_EU329181_A/wild duck/Hunan/021/2005_China_2005//_8 (NS)",8,"EU329181","A/wild duck/Hunan/021/2005","H5N1","Avian","ans","Wild","wild duck","Asia","China","Hunan","2005//",2005.45205479452
"H5N1_Avian_ans_Wild_Europe_Hungary_A/mute swan/Hungary/3472/2006|2006.09863013699","H5N1_Avian_FJ445230_A/mute swan/Hungary/3472/2006_Hungary_2006/02/06_8 (NS)",8,"FJ445230","A/mute swan/Hungary/3472/2006","H5N1","Avian","ans","Wild","mute swan","Europe","Hungary","Hungary","2006/02/06",2006.09863013699
"H5N1_Avian_ans_Wild_Asia_Iran_A/Cygnus cygnus/Iran/754/2006|2006.45205479452","H5N1_Avian_CY016783_A/Cygnus cygnus/Iran/754/2006_Iran_2006//_8 (NS)",8,"CY016783","A/Cygnus cygnus/Iran/754/2006","H5N1","Avian","ans","Wild","Cygnus cygnus","Asia","Iran","Iran","2006//",2006.45205479452
"H5N1_Avian_ans_Wild_Europe_Italy_A/mallard/Italy/3401/2005|2005.45205479452","H5N1_Avian_CY021401_A/mallard/Italy/3401/2005_Italy_2005//_8 (NS)",8,"CY021401","A/mallard/Italy/3401/2005","H5N1","Avian","ans","Wild","mallard","Europe","Italy","Italy","2005//",2005.45205479452
"H5N1_Avian_ans_Wild_Europe_Italy_A/cygnus olor/Italy/808/2006|2006.45205479452","H5N1_Avian_CY020353_A/cygnus olor/Italy/808/2006_Italy_2006//_8 (NS)",8,"CY020353","A/cygnus olor/Italy/808/2006","H5N1","Avian","ans","Wild","cygnus olor","Europe","Italy","Italy","2006//",2006.45205479452
"H5N1_Avian_ans_Wild_Asia_Japan_A/whooper swan/Hokkaido/1/2008|2008.45205479452","H5N1_Avian_AB436554_A/whooper swan/Hokkaido/1/2008_Japan_2008//_8 (NS)",8,"AB436554","A/whooper swan/Hokkaido/1/2008","H5N1","Avian","ans","Wild","whooper swan","Asia","Japan","Hokkaido","2008//",2008.45205479452
"H5N1_Avian_ans_Wild_Asia_Japan_A/mallard/Hokkaido/24/2009|2009.45205479452","H5N1_Avian_AB530996_A/mallard/Hokkaido/24/2009_Japan_2009//_8 (NS)",8,"AB530996","A/mallard/Hokkaido/24/2009","H5N1","Avian","ans","Wild","mallard","Asia","Japan","Hokkaido","2009//",2009.45205479452
"H5N1_Avian_ans_Wild_Asia_Japan_A/mute swan/Toyama/1/2010|2010.95342465753","H5N1_Avian_AB684094_A/mute swan/Toyama/1/2010_Japan_2010/12/_8 (NS)",8,"AB684094","A/mute swan/Toyama/1/2010","H5N1","Avian","ans","Wild","mute swan","Asia","Japan","Toyama","2010/12/",2010.95342465753
"H5N1_Avian_ans_Wild_Asia_Japan_A/mandarin duck/Miyazaki/22M-765/2011|2011.2","H5N1_Avian_AB684232_A/mandarin duck/Miyazaki/22M-765/2011_Japan_2011/03/_8 (NS)",8,"AB684232","A/mandarin duck/Miyazaki/22M-765/2011","H5N1","Avian","ans","Wild","mandarin duck","Asia","Japan","Miyazaki","2011/03/",2011.2
"H5N1_Avian_ans_Wild_Asia_China_A/wild duck/Jilin/HF/2011|2011.31232876712","H5N1_Avian_JX534577_A/wild duck/Jilin/HF/2011_China_2011/04/25_8 (NS)",8,"JX534577","A/wild duck/Jilin/HF/2011","H5N1","Avian","ans","Wild","wild duck","Asia","China","Jilin","2011/04/25",2011.31232876712
"H5N1_Avian_ans_Wild_Asia_Russia_A/Cygnus cygnus/Krasnodar/329/07|2007.67945205479","H5N1_Avian_EU257634_A/Cygnus cygnus/Krasnodar/329/07_Russia_2007/09/06_8 (NS)",8,"EU257634","A/Cygnus cygnus/Krasnodar/329/07","H5N1","Avian","ans","Wild","Cygnus cygnus","Asia","Russia","Krasnodar","2007/09/06",2007.67945205479
"H5N1_Avian_ans_Wild_Asia_China_A/wild duck/Liaoning/8/2006|2006.45205479452","H5N1_Avian_HM172269_A/wild duck/Liaoning/8/2006_China_2006//_8 (NS)",8,"HM172269","A/wild duck/Liaoning/8/2006","H5N1","Avian","ans","Wild","wild duck","Asia","China","Liaoning","2006//",2006.45205479452
"H5N1_Avian_ans_Wild_Asia_Mongolia_A/bar-headed goose/Mongolia/1/05|2005.53424657534","H5N1_Avian_AB239306_A/bar-headed goose/Mongolia/1/05_Mongolia_2005/07/_8 (NS)",8,"AB239306","A/bar-headed goose/Mongolia/1/05","H5N1","Avian","ans","Wild","bar-headed goose","Asia","Mongolia","Mongolia","2005/07/",2005.53424657534
"H5N1_Avian_ans_Wild_Asia_Mongolia_A/common goldeneye/Mongolia/12/2006|2006.36712328767","H5N1_Avian_AB284328_A/common goldeneye/Mongolia/12/2006_Mongolia_2006/05/_8 (NS)",8,"AB284328","A/common goldeneye/Mongolia/12/2006","H5N1","Avian","ans","Wild","common goldeneye","Asia","Mongolia","Mongolia","2006/05/",2006.36712328767
"H5N1_Avian_ans_Wild_Asia_Mongolia_A/bar-headed goose/Mongolia/X53/2009|2009.53424657534","H5N1_Avian_AB523771_A/bar-headed goose/Mongolia/X53/2009_Mongolia_2009/07/_8 (NS)",8,"AB523771","A/bar-headed goose/Mongolia/X53/2009","H5N1","Avian","ans","Wild","bar-headed goose","Asia","Mongolia","Mongolia","2009/07/",2009.53424657534
"H5N1_Avian_ans_Wild_Asia_Mongolia_A/whooper swan/Mongolia/1/2010|2010.36712328767","H5N1_Avian_AB569352_A/whooper swan/Mongolia/1/2010_Mongolia_2010/05/_8 (NS)",8,"AB569352","A/whooper swan/Mongolia/1/2010","H5N1","Avian","ans","Wild","whooper swan","Asia","Mongolia","Mongolia","2010/05/",2010.36712328767
"H5N1_Avian_ans_Wild_Asia_Russia_A/grebe/Novosibirsk/29/2005|2005.45205479452","H5N1_Avian_DQ234073_A/grebe/Novosibirsk/29/2005_Russia_2005//_8 (NS)",8,"DQ234073","A/grebe/Novosibirsk/29/2005","H5N1","Avian","ans","Wild","grebe","Asia","Russia","Novosibirsk","2005//",2005.45205479452
"H5N1_Avian_ans_Wild_Asia_China_A/bar-headed goose/Qinghai/3/2005|2005.45205479452","H5N1_Avian_HM172470_A/bar-headed goose/Qinghai/3/2005_China_2005//_8 (NS)",8,"HM172470","A/bar-headed goose/Qinghai/3/2005","H5N1","Avian","ans","Wild","bar-headed goose","Asia","China","Qinghai","2005//",2005.45205479452
"H5N1_Avian_ans_Wild_Asia_China_A/bar-headed goose/Qinghai/1-HVRI/2006|2006.45205479452","H5N1_Avian_HM172284_A/bar-headed goose/Qinghai/1-HVRI/2006_China_2006//_8 (NS)",8,"HM172284","A/bar-headed goose/Qinghai/1-HVRI/2006","H5N1","Avian","ans","Wild","bar-headed goose","Asia","China","Qinghai","2006//",2006.45205479452
"H5N1_Avian_ans_Wild_Asia_China_A/great crested-grebe/Qinghai/1/2009|2009.36712328767","H5N1_Avian_CY063322_A/great crested-grebe/Qinghai/1/2009_China_2009/05/15_8 (NS)",8,"CY063322","A/great crested-grebe/Qinghai/1/2009","H5N1","Avian","ans","Wild","great crested-grebe","Asia","China","Qinghai","2009/05/15",2009.36712328767
"H5N1_Avian_ans_Wild_Asia_China_A/wild duck/Shandong/628/2011|2011.28219178082","H5N1_Avian_JX534569_A/wild duck/Shandong/628/2011_China_2011/04/14_8 (NS)",8,"JX534569","A/wild duck/Shandong/628/2011","H5N1","Avian","ans","Wild","wild duck","Asia","China","Shandong","2011/04/14",2011.28219178082
"H5N1_Avian_ans_Wild_Asia_China_A/swan/Shanghai/10/2009|2009.03835616438","H5N1_Avian_JF975565_A/swan/Shanghai/10/2009_China_2009/01/_8 (NS)",8,"JF975565","A/swan/Shanghai/10/2009","H5N1","Avian","ans","Wild","swan","Asia","China","Shanghai","2009/01/",2009.03835616438
"H5N1_Avian_ans_Wild_Europe_Slovenia_A/swan/Slovenia/760/2006|2006.45205479452","H5N1_Avian_CY017047_A/swan/Slovenia/760/2006_Slovenia_2006//_8 (NS)",8,"CY017047","A/swan/Slovenia/760/2006","H5N1","Avian","ans","Wild","swan","Europe","Slovenia","Slovenia","2006//",2006.45205479452
"H5N1_Avian_ans_Wild_Asia_South Korea_A/wild duck/Korea/SNU50-5/2009|2009.73698630137","H5N1_Avian_JX497772_A/wild duck/Korea/SNU50-5/2009_South Korea_2009/09/27_8 (NS)",8,"JX497772","A/wild duck/Korea/SNU50-5/2009","H5N1","Avian","ans","Wild","wild duck","Asia","South Korea","Korea","2009/09/27",2009.73698630137
"H5N1_Avian_ans_Wild_Asia_South Korea_A/mandarin duck/Korea/PSC24-24/2010|2010.98904109589","H5N1_Avian_JQ710453_A/mandarin duck/Korea/PSC24-24/2010_South Korea_2010/12/28_8 (NS)",8,"JQ710453","A/mandarin duck/Korea/PSC24-24/2010","H5N1","Avian","ans","Wild","mandarin duck","Asia","South Korea","Korea","2010/12/28",2010.98904109589
"H5N1_Avian_ans_Wild_Asia_Thailand_A/little grebe/Thailand/Phichit-01/2004|2004.45205479452","H5N1_Avian_DQ407248_A/little grebe/Thailand/Phichit-01/2004_Thailand_2004//_8 (NS)",8,"DQ407248","A/little grebe/Thailand/Phichit-01/2004","H5N1","Avian","ans","Wild","little grebe","Asia","Thailand","Thailand","2004//",2004.45205479452
"H5N1_Avian_ans_Wild_Asia_China_A/bar-headed goose/Tibet/8/2006|2006.45205479452","H5N1_Avian_HM172277_A/bar-headed goose/Tibet/8/2006_China_2006//_8 (NS)",8,"HM172277","A/bar-headed goose/Tibet/8/2006","H5N1","Avian","ans","Wild","bar-headed goose","Asia","China","Tibet","2006//",2006.45205479452
"H5N1_Avian_ans_Wild_Asia_Russia_A/grebe/Tyva/Tyv06-2/06|2006.47671232877","H5N1_Avian_DQ852605_A/grebe/Tyva/Tyv06-2/06_Russia_2006/06/24_8 (NS)",8,"DQ852605","A/grebe/Tyva/Tyv06-2/06","H5N1","Avian","ans","Wild","grebe","Asia","Russia","Tyva","2006/06/24",2006.47671232877
"H5N1_Avian_ans_Wild_Asia_Russia_A/grebe/Tyva/3/2009|2009.47123287671","H5N1_Avian_GQ386149_A/grebe/Tyva/3/2009_Russia_2009/06/22_8 (NS)",8,"GQ386149","A/grebe/Tyva/3/2009","H5N1","Avian","ans","Wild","grebe","Asia","Russia","Tyva","2009/06/22",2009.47123287671
"H5N1_Avian_ans_Wild_Asia_Russia_A/grebe/Tyva/2/2010|2010.47123287671","H5N1_Avian_HQ630844_A/grebe/Tyva/2/2010_Russia_2010/06/22_8 (NS)",8,"HQ630844","A/grebe/Tyva/2/2010","H5N1","Avian","ans","Wild","grebe","Asia","Russia","Tyva","2010/06/22",2010.47123287671
"H5N1_Avian_cic_Wild_Asia_Cambodia_A/marabou stork/Cambodia/TM068/2011|2011.53150684932","H5N1_Avian_JQ701716_A/marabou stork/Cambodia/TM068/2011_Cambodia_2011/07/14_8 (NS)",8,"JQ701716","A/marabou stork/Cambodia/TM068/2011","H5N1","Avian","cic","Wild","marabou stork","Asia","Cambodia","Cambodia","2011/07/14",2011.53150684932
"H5N1_Avian_cic_Wild_Asia_Thailand_A/openbill stork/Thailand/VSMU-4-NSN/2004|2004.09589041096","H5N1_Avian_HM627917_A/openbill stork/Thailand/VSMU-4-NSN/2004_Thailand_2004/02/05_8 (NS)",8,"HM627917","A/openbill stork/Thailand/VSMU-4-NSN/2004","H5N1","Avian","cic","Wild","openbill stork","Asia","Thailand","Thailand","2004/02/05",2004.09589041096
"H5N1_Avian_cic_Wild_Asia_Thailand_A/open-billed stork/Nakhonsawan/BBD3616M/05|2005.45205479452","H5N1_Avian_EF112391_A/open-billed stork/Nakhonsawan/BBD3616M/05_Thailand_2005//_8 (NS)",8,"EF112391","A/open-billed stork/Nakhonsawan/BBD3616M/05","H5N1","Avian","cic","Wild","open-billed stork","Asia","Thailand","Nakhonsawan","2005//",2005.45205479452
"H5N1_Avian_fal_Wild_Asia_Hong Kong_A/peregrine falcon/Hong Kong/2142/2008|2008.45205479452","H5N1_Avian_CY036273_A/peregrine falcon/Hong Kong/2142/2008_Hong Kong_2008//_8 (NS)",8,"CY036273","A/peregrine falcon/Hong Kong/2142/2008","H5N1","Avian","fal","Wild","peregrine falcon","Asia","Hong Kong","Hong Kong","2008//",2008.45205479452
"H5N1_Avian_fal_Wild_Asia_Japan_A/peregrine falcon/Aomori/7/2011|2011.2","H5N1_Avian_AB629717_A/peregrine falcon/Aomori/7/2011_Japan_2011/03/15_8 (NS)",8,"AB629717","A/peregrine falcon/Aomori/7/2011","H5N1","Avian","fal","Wild","peregrine falcon","Asia","Japan","Aomori","2011/03/15",2011.2
"H5N1_Avian_fal_Wild_Asia_Kuwait_A/saker falcon/Kuwait/0286/2007|2007.45205479452","H5N1_Avian_EU700513_A/saker falcon/Kuwait/0286/2007_Kuwait_2007//_8 (NS)",8,"EU700513","A/saker falcon/Kuwait/0286/2007","H5N1","Avian","fal","Wild","saker falcon","Asia","Kuwait","Kuwait","2007//",2007.45205479452
"H5N1_Avian_fal_Wild_Asia_Saudi Arabia_A/falcon/Saudi Arabia/D1795/2005|2005.45205479452","H5N1_Avian_EU748907_A/falcon/Saudi Arabia/D1795/2005_Saudi Arabia_2005//_8 (NS)",8,"EU748907","A/falcon/Saudi Arabia/D1795/2005","H5N1","Avian","fal","Wild","falcon","Asia","Saudi Arabia","Saudi Arabia","2005//",2005.45205479452
"H5N1_Avian_fal_Wild_Asia_Saudi Arabia_A/falcon/Saudi Arabia/D1936/2007|2007.45205479452","H5N1_Avian_CY035245_A/falcon/Saudi Arabia/D1936/2007_Saudi Arabia_2007//_8 (NS)",8,"CY035245","A/falcon/Saudi Arabia/D1936/2007","H5N1","Avian","fal","Wild","falcon","Asia","Saudi Arabia","Saudi Arabia","2007//",2007.45205479452
"H5N1_Avian_gru_Wild_Asia_Japan_A/hooded crane/Kagoshima/4612J004/2010|2010.45205479452","H5N1_Avian_AB760275_A/hooded crane/Kagoshima/4612J004/2010_Japan_2010//_8 (NS)",8,"AB760275","A/hooded crane/Kagoshima/4612J004/2010","H5N1","Avian","gru","Wild","hooded crane","Asia","Japan","Kagoshima","2010//",2010.45205479452
"H5N1_Avian_gru_Wild_Asia_Japan_A/hooded crane/Kagoshima/110214-3/2011|2011.45205479452","H5N1_Avian_AB760283_A/hooded crane/Kagoshima/110214-3/2011_Japan_2011//_8 (NS)",8,"AB760283","A/hooded crane/Kagoshima/110214-3/2011","H5N1","Avian","gru","Wild","hooded crane","Asia","Japan","Kagoshima","2011//",2011.45205479452
"H5N1_Avian_pas_Wild_Asia_Hong Kong_A/magpie robin/Hong Kong/1097/2008|2008.45205479452","H5N1_Avian_CY036257_A/magpie robin/Hong Kong/1097/2008_Hong Kong_2008//_8 (NS)",8,"CY036257","A/magpie robin/Hong Kong/1097/2008","H5N1","Avian","pas","Wild","magpie robin","Asia","Hong Kong","Hong Kong","2008//",2008.45205479452
"H5N1_Avian_pas_Wild_Asia_Japan_A/crow/Osaka/102/2004|2004.45205479452","H5N1_Avian_AB189065_A/crow/Osaka/102/2004_Japan_2004//_8 (NS)",8,"AB189065","A/crow/Osaka/102/2004","H5N1","Avian","pas","Wild","crow","Asia","Japan","Osaka","2004//",2004.45205479452
"H5N1_Avian_pas_Wild_Asia_Laos_A/pigeon/Laos/P0022/2007|2007.45205479452","H5N1_Avian_CY040903_A/pigeon/Laos/P0022/2007_Laos_2007//_8 (NS)",8,"CY040903","A/pigeon/Laos/P0022/2007","H5N1","Avian","pas","Wild","pigeon","Asia","Laos","Laos","2007//",2007.45205479452
"H5N1_Avian_pas_Wild_Asia_China_A/pied magpie/Liaoning/7/2006|2006.45205479452","H5N1_Avian_HM172472_A/pied magpie/Liaoning/7/2006_China_2006//_8 (NS)",8,"HM172472","A/pied magpie/Liaoning/7/2006","H5N1","Avian","pas","Wild","pied magpie","Asia","China","Liaoning","2006//",2006.45205479452
"H5N1_Avian_pas_Wild_Asia_Russia_A/pigeon/Rostov-on-Don/6/2007|2007.95068493151","H5N1_Avian_EU441934_A/pigeon/Rostov-on-Don/6/2007_Russia_2007/12/14_8 (NS)",8,"EU441934","A/pigeon/Rostov-on-Don/6/2007","H5N1","Avian","pas","Wild","pigeon","Asia","Russia","Rostov-on-Don","2007/12/14",2007.95068493151
"H5N1_Avian_pas_Wild_Asia_Thailand_A/pigeon/Thailand/VSMU-7-NPT/2004|2004.45205479452","H5N1_Avian_AB576206_A/pigeon/Thailand/VSMU-7-NPT/2004_Thailand_2004//_8 (NS)",8,"AB576206","A/pigeon/Thailand/VSMU-7-NPT/2004","H5N1","Avian","pas","Wild","pigeon","Asia","Thailand","Thailand","2004//",2004.45205479452
"H5N1_Avian_pas_Wild_Asia_Thailand_A/tree sparrow/Rachaburi/VSMU-16-RBR/2005|2005.45205479452","H5N1_Avian_AB450657_A/tree sparrow/Rachaburi/VSMU-16-RBR/2005_Thailand_2005//_8 (NS)",8,"AB450657","A/tree sparrow/Rachaburi/VSMU-16-RBR/2005","H5N1","Avian","pas","Wild","tree sparrow","Asia","Thailand","Rachaburi","2005//",2005.45205479452
"H5N1_Avian_pas_Wild_Asia_China_A/shrike/Tibet/13/2006|2006.45205479452","H5N1_Avian_HM172281_A/shrike/Tibet/13/2006_China_2006//_8 (NS)",8,"HM172281","A/shrike/Tibet/13/2006","H5N1","Avian","pas","Wild","shrike","Asia","China","Tibet","2006//",2006.45205479452
"H5N1_Avian_pel_Wild_Asia_Hong Kong_A/egret/Hong Kong/757.2/2003|2003.45205479452","H5N1_Avian_AY676050_A/egret/Hong Kong/757.2/2003_Hong Kong_2003//_8 (NS)",8,"AY676050","A/egret/Hong Kong/757.2/2003","H5N1","Avian","pel","Wild","egret","Asia","Hong Kong","Hong Kong","2003//",2003.45205479452
"H5N1_Avian_pel_Wild_Asia_Hong Kong_A/little egret/Hong Kong/8550/2007|2007.45205479452","H5N1_Avian_CY036201_A/little egret/Hong Kong/8550/2007_Hong Kong_2007//_8 (NS)",8,"CY036201","A/little egret/Hong Kong/8550/2007","H5N1","Avian","pel","Wild","little egret","Asia","Hong Kong","Hong Kong","2007//",2007.45205479452
"H5N1_Avian_pel_Wild_Asia_Hong Kong_A/grey heron/Hong Kong/1046/2008|2008.45205479452","H5N1_Avian_CY036249_A/grey heron/Hong Kong/1046/2008_Hong Kong_2008//_8 (NS)",8,"CY036249","A/grey heron/Hong Kong/1046/2008","H5N1","Avian","pel","Wild","grey heron","Asia","Hong Kong","Hong Kong","2008//",2008.45205479452
"H5N1_Avian_pel_Wild_Asia_China_A/great cormorant/Tibet/12/2006|2006.45205479452","H5N1_Avian_HM172292_A/great cormorant/Tibet/12/2006_China_2006//_8 (NS)",8,"HM172292","A/great cormorant/Tibet/12/2006","H5N1","Avian","pel","Wild","great cormorant","Asia","China","Tibet","2006//",2006.45205479452
"H5N1_Avian_psi_Wild_Asia_China_A/parrot/Guangdong/C99/2005|2005.08493150685","H5N1_Avian_JX013492_A/parrot/Guangdong/C99/2005_China_2005/02/01_8 (NS)",8,"JX013492","A/parrot/Guangdong/C99/2005","H5N1","Avian","psi","Wild","parrot","Asia","China","Guangdong","2005/02/01",2005.08493150685
"H5N1_Avian_str_Wild_Africa_Nigeria_A/ostrich/Nigeria/1047-25/2006|2006.45205479452","H5N1_Avian_CY016919_A/ostrich/Nigeria/1047-25/2006_Nigeria_2006//_8 (NS)",8,"CY016919","A/ostrich/Nigeria/1047-25/2006","H5N1","Avian","str","Wild","ostrich","Africa","Nigeria","Nigeria","2006//",2006.45205479452
"H5N1_Avian_str_Wild_Asia_China_A/ostrich/Suzhou/097/2003|2003.28767123288","H5N1_Avian_JF732742_A/ostrich/Suzhou/097/2003_China_2003/04/16_8 (NS)",8,"JF732742","A/ostrich/Suzhou/097/2003","H5N1","Avian","str","Wild","ostrich","Asia","China","Suzhou","2003/04/16",2003.28767123288
